Deck Name,Card Name,Count,Set,Price (USD),Card URL
Lost Zone Box,Comfey,4.0,LOR,$0.76,https://partner.tcgplayer.com/LIMITLESS?u=https%3A%2F%2Fwww.tcgplayer.com%2Fproduct%2F283960%2Fswsh11-lost-origin-comfey
Lost Zone Box,Cramorant,1.1,LOR,$0.15,https://partner.tcgplayer.com/LIMITLESS?u=https%3A%2F%2Fwww.tcgplayer.com%2Fproduct%2F283924%2Fswsh11-lost-origin-cramorant
Lost Zone Box,Iron Hands ex,1.0,PAR,$2.29,https://partner.tcgplayer.com/LIMITLESS?u=https%3A%2F%2Fwww.tcgplayer.com%2Fproduct%2F523706%2Fpokemon-sv04-paradox-rift-iron-hands-ex-070-182
Lost Zone Box,Bloodmoon Ursaluna ex,1.0,TWM,$1.95,https://partner.tcgplayer.com/LIMITLESS?u=https%3A%2F%2Fwww.tcgplayer.com%2Fproduct%2F550185%2Fpokemon-sv06-twilight-masquerade-bloodmoon-ursaluna-ex-141-167
Lost Zone Box,Radiant Greninja,1.0,ASR,$1.20,https://partner.tcgplayer.com/LIMITLESS?u=https%3A%2F%2Fwww.tcgplayer.com%2Fproduct%2F272246%2Fswsh10-astral-radiance-radiant-greninja
Lost Zone Box,Pikachu ex,0.98,SSP,$6.25,https://partner.tcgplayer.com/LIMITLESS?u=https%3A%2F%2Fwww.tcgplayer.com%2Fproduct%2F590025%2Fpokemon-sv08-surging-sparks-pikachu-ex-057-191
Lost Zone Box,Iron Bundle,0.86,PAR,$0.12,https://partner.tcgplayer.com/LIMITLESS?u=https%3A%2F%2Fwww.tcgplayer.com%2Fproduct%2F523666%2Fpokemon-sv04-paradox-rift-iron-bundle
Lost Zone Box,Sableye,0.76,LOR,$0.25,https://partner.tcgplayer.com/LIMITLESS?u=https%3A%2F%2Fwww.tcgplayer.com%2Fproduct%2F283946%2Fswsh11-lost-origin-sableye
Lost Zone Box,Regigigas,0.68,PRE,$0.08,https://partner.tcgplayer.com/LIMITLESS?u=https%3A%2F%2Fwww.tcgplayer.com%2Fproduct%2F610441%2Fpokemon-sv-prismatic-evolutions-regigigas
Lost Zone Box,Fezandipiti ex,0.54,SFA,$6.98,https://partner.tcgplayer.com/LIMITLESS?u=https%3A%2F%2Fwww.tcgplayer.com%2Fproduct%2F560348%2Fpokemon-sv-shrouded-fable-fezandipiti-ex-038-064
Lost Zone Box,Fan Rotom,0.14,SCR,$0.01,https://partner.tcgplayer.com/LIMITLESS?u=https%3A%2F%2Fwww.tcgplayer.com%2Fproduct%2F567344%2Fpokemon-sv07-stellar-crown-fan-rotom
Lost Zone Box,Spiritomb,0.14,PAL,$0.01,https://partner.tcgplayer.com/LIMITLESS?u=https%3A%2F%2Fwww.tcgplayer.com%2Fproduct%2F497504%2Fpokemon-sv02-paldea-evolved-spiritomb
Lost Zone Box,Joltik,0.06,SCR,$0.00,https://partner.tcgplayer.com/LIMITLESS?u=https%3A%2F%2Fwww.tcgplayer.com%2Fproduct%2F567276%2Fpokemon-sv07-stellar-crown-joltik-050-142
Lost Zone Box,Budew,0.04,PRE,$0.03,https://partner.tcgplayer.com/LIMITLESS?u=https%3A%2F%2Fwww.tcgplayer.com%2Fproduct%2F610359%2Fpokemon-sv-prismatic-evolutions-budew
Lost Zone Box,Ditto,0.04,MEW,$0.01,https://partner.tcgplayer.com/LIMITLESS?u=https%3A%2F%2Fwww.tcgplayer.com%2Fproduct%2F516695%2Fpokemon-sv-scarlet-and-violet-151-ditto
Lost Zone Box,Terapagos ex,0.02,SCR,$0.08,https://partner.tcgplayer.com/LIMITLESS?u=https%3A%2F%2Fwww.tcgplayer.com%2Fproduct%2F567376%2Fpokemon-sv07-stellar-crown-terapagos-ex-128-142
Lost Zone Box,Munkidori,0.02,TWM,$0.01,https://partner.tcgplayer.com/LIMITLESS?u=https%3A%2F%2Fwww.tcgplayer.com%2Fproduct%2F550139%2Fpokemon-sv06-twilight-masquerade-munkidori
Lost Zone Box,Colress's Experiment,4.0,LOR,$0.28,https://partner.tcgplayer.com/LIMITLESS?u=https%3A%2F%2Fwww.tcgplayer.com%2Fproduct%2F284085%2Fswsh11-lost-origin-colresss-experiment
Lost Zone Box,Super Rod,4.0,PAL,$1.32,https://partner.tcgplayer.com/LIMITLESS?u=https%3A%2F%2Fwww.tcgplayer.com%2Fproduct%2F497560%2Fpokemon-sv02-paldea-evolved-super-rod-188-193
Lost Zone Box,Nest Ball,4.0,SVI,$1.28,https://partner.tcgplayer.com/LIMITLESS?u=https%3A%2F%2Fwww.tcgplayer.com%2Fproduct%2F488087%2Fsv01-scarlet-and-violet-base-set-nest-ball-181-198
Lost Zone Box,Switch Cart,4.0,ASR,$1.24,https://partner.tcgplayer.com/LIMITLESS?u=https%3A%2F%2Fwww.tcgplayer.com%2Fproduct%2F272406%2Fswsh10-astral-radiance-switch-cart
Lost Zone Box,Mirage Gate,4.0,LOR,$0.28,https://partner.tcgplayer.com/LIMITLESS?u=https%3A%2F%2Fwww.tcgplayer.com%2Fproduct%2F282257%2Fswsh11-lost-origin-mirage-gate
Lost Zone Box,Buddy-Buddy Poffin,2.86,TEF,$1.40,https://partner.tcgplayer.com/LIMITLESS?u=https%3A%2F%2Fwww.tcgplayer.com%2Fproduct%2F542659%2Fpokemon-sv05-temporal-forces-buddy-buddy-poffin
Lost Zone Box,Switch,2.64,SVI,$0.42,https://partner.tcgplayer.com/LIMITLESS?u=https%3A%2F%2Fwww.tcgplayer.com%2Fproduct%2F488102%2Fsv01-scarlet-and-violet-base-set-switch-194-198
Lost Zone Box,PokéStop,1.88,PGO,$0.65,https://partner.tcgplayer.com/LIMITLESS?u=https%3A%2F%2Fwww.tcgplayer.com%2Fproduct%2F276996%2Fpokemon-go-pokestop
Lost Zone Box,Lost Vacuum,1.54,LOR,$0.09,https://partner.tcgplayer.com/LIMITLESS?u=https%3A%2F%2Fwww.tcgplayer.com%2Fproduct%2F284094%2Fswsh11-lost-origin-lost-vacuum
Lost Zone Box,Boss's Orders,1.36,PAL,$1.67,https://partner.tcgplayer.com/LIMITLESS?u=https%3A%2F%2Fwww.tcgplayer.com%2Fproduct%2F497544%2Fpokemon-sv02-paldea-evolved-bosss-orders-172-193
Lost Zone Box,Hisuian Heavy Ball,0.98,ASR,$0.37,https://partner.tcgplayer.com/LIMITLESS?u=https%3A%2F%2Fwww.tcgplayer.com%2Fproduct%2F272398%2Fswsh10-astral-radiance-hisuian-heavy-ball
Lost Zone Box,Prime Catcher,0.98,TEF,$2.68,https://partner.tcgplayer.com/LIMITLESS?u=https%3A%2F%2Fwww.tcgplayer.com%2Fproduct%2F542674%2Fpokemon-sv05-temporal-forces-prime-catcher
Lost Zone Box,Rescue Board,0.92,TEF,$0.12,https://partner.tcgplayer.com/LIMITLESS?u=https%3A%2F%2Fwww.tcgplayer.com%2Fproduct%2F542677%2Fpokemon-sv05-temporal-forces-rescue-board
Lost Zone Box,Artazon,0.92,PAL,$0.10,https://partner.tcgplayer.com/LIMITLESS?u=https%3A%2F%2Fwww.tcgplayer.com%2Fproduct%2F497541%2Fpokemon-sv02-paldea-evolved-artazon
Lost Zone Box,Pokégear 3.0,0.88,SVI,$1.64,https://partner.tcgplayer.com/LIMITLESS?u=https%3A%2F%2Fwww.tcgplayer.com%2Fproduct%2F488092%2Fsv01-scarlet-and-violet-base-set-pokegear-30-186-198
Lost Zone Box,Night Stretcher,0.86,SFA,$2.39,https://partner.tcgplayer.com/LIMITLESS?u=https%3A%2F%2Fwww.tcgplayer.com%2Fproduct%2F560372%2Fpokemon-sv-shrouded-fable-night-stretcher
Lost Zone Box,Roxanne,0.66,ASR,$0.04,https://partner.tcgplayer.com/LIMITLESS?u=https%3A%2F%2Fwww.tcgplayer.com%2Fproduct%2F272402%2Fswsh10-astral-radiance-roxanne
Lost Zone Box,Pal Pad,0.58,SVI,$0.20,https://partner.tcgplayer.com/LIMITLESS?u=https%3A%2F%2Fwww.tcgplayer.com%2Fproduct%2F488088%2Fsv01-scarlet-and-violet-base-set-pal-pad-182-198
Lost Zone Box,Crispin,0.32,SCR,$0.13,https://partner.tcgplayer.com/LIMITLESS?u=https%3A%2F%2Fwww.tcgplayer.com%2Fproduct%2F567390%2Fpokemon-sv07-stellar-crown-crispin-133-142
Lost Zone Box,Kieran,0.04,TWM,$0.00,https://partner.tcgplayer.com/LIMITLESS?u=https%3A%2F%2Fwww.tcgplayer.com%2Fproduct%2F550198%2Fpokemon-sv06-twilight-masquerade-kieran-154-167
Lost Zone Box,Irida,0.04,ASR,$0.06,https://partner.tcgplayer.com/LIMITLESS?u=https%3A%2F%2Fwww.tcgplayer.com%2Fproduct%2F272399%2Fswsh10-astral-radiance-irida
Lost Zone Box,Hassel,0.04,TWM,$0.00,https://partner.tcgplayer.com/LIMITLESS?u=https%3A%2F%2Fwww.tcgplayer.com%2Fproduct%2F550195%2Fpokemon-sv06-twilight-masquerade-hassel-151-167
Lost Zone Box,Canceling Cologne,0.02,ASR,$0.00,https://partner.tcgplayer.com/LIMITLESS?u=https%3A%2F%2Fwww.tcgplayer.com%2Fproduct%2F272388%2Fswsh10-astral-radiance-canceling-cologne
Lost Zone Box,Picnic Basket,0.02,SVI,$0.00,https://partner.tcgplayer.com/LIMITLESS?u=https%3A%2F%2Fwww.tcgplayer.com%2Fproduct%2F488090%2Fsv01-scarlet-and-violet-base-set-picnic-basket-184-198
Lost Zone Box,Secret Box,0.02,TWM,$0.08,https://partner.tcgplayer.com/LIMITLESS?u=https%3A%2F%2Fwww.tcgplayer.com%2Fproduct%2F550207%2Fpokemon-sv06-twilight-masquerade-secret-box
Lost Zone Box,Cyllene,0.02,ASR,$0.00,https://partner.tcgplayer.com/LIMITLESS?u=https%3A%2F%2Fwww.tcgplayer.com%2Fproduct%2F272390%2Fswsh10-astral-radiance-cyllene
Lost Zone Box,Water Energy,2.98,SVE,$0.14,https://partner.tcgplayer.com/LIMITLESS?u=https%3A%2F%2Fwww.tcgplayer.com%2Fproduct%2F578862%2Fpokemon-sv07-stellar-crown-basic-water-energy
Lost Zone Box,Lightning Energy,2.04,SVE,$0.10,https://partner.tcgplayer.com/LIMITLESS?u=https%3A%2F%2Fwww.tcgplayer.com%2Fproduct%2F578866%2Fpokemon-sv07-stellar-crown-basic-lightning-energy
Lost Zone Box,Grass Energy,1.82,SVE,$0.10,https://partner.tcgplayer.com/LIMITLESS?u=https%3A%2F%2Fwww.tcgplayer.com%2Fproduct%2F578864%2Fpokemon-sv07-stellar-crown-basic-grass-energy
Lost Zone Box,Metal Energy,1.6,SVE,$0.06,https://partner.tcgplayer.com/LIMITLESS?u=https%3A%2F%2Fwww.tcgplayer.com%2Fproduct%2F578869%2Fpokemon-sv07-stellar-crown-basic-metal-energy
Lost Zone Box,Jet Energy,0.8,PAL,$0.19,https://partner.tcgplayer.com/LIMITLESS?u=https%3A%2F%2Fwww.tcgplayer.com%2Fproduct%2F497563%2Fpokemon-sv02-paldea-evolved-jet-energy
Lost Zone Box,Psychic Energy,0.78,SVE,$0.03,https://partner.tcgplayer.com/LIMITLESS?u=https%3A%2F%2Fwww.tcgplayer.com%2Fproduct%2F578865%2Fpokemon-sv07-stellar-crown-basic-psychic-energy
Lost Zone Box,Darkness Energy,0.02,SVE,$0.00,https://partner.tcgplayer.com/LIMITLESS?u=https%3A%2F%2Fwww.tcgplayer.com%2Fproduct%2F578868%2Fpokemon-sv07-stellar-crown-basic-darkness-energy
Lugia Archeops,Archeops,4.0,SIT,$1.12,https://partner.tcgplayer.com/LIMITLESS?u=https%3A%2F%2Fwww.tcgplayer.com%2Fproduct%2F450294%2Fswsh12-silver-tempest-archeops
Lugia Archeops,Lugia V,3.09,SIT,$12.29,https://partner.tcgplayer.com/LIMITLESS?u=https%3A%2F%2Fwww.tcgplayer.com%2Fproduct%2F450289%2Fswsh12-silver-tempest-lugia-v
Lugia Archeops,Lugia VSTAR,3.0,SIT,$6.21,https://partner.tcgplayer.com/LIMITLESS?u=https%3A%2F%2Fwww.tcgplayer.com%2Fproduct%2F451396%2Fswsh12-silver-tempest-lugia-vstar
Lugia Archeops,Lumineon V,1.99,BRS,$2.84,https://partner.tcgplayer.com/LIMITLESS?u=https%3A%2F%2Fwww.tcgplayer.com%2Fproduct%2F263740%2Fswsh09-brilliant-stars-lumineon-v
Lugia Archeops,Cinccino,1.41,TEF,$0.14,https://partner.tcgplayer.com/LIMITLESS?u=https%3A%2F%2Fwww.tcgplayer.com%2Fproduct%2F542881%2Fpokemon-sv05-temporal-forces-cinccino-137-162
Lugia Archeops,Minccino,1.29,TEF,$0.09,https://partner.tcgplayer.com/LIMITLESS?u=https%3A%2F%2Fwww.tcgplayer.com%2Fproduct%2F542880%2Fpokemon-sv05-temporal-forces-minccino-136-162
Lugia Archeops,Iron Hands ex,1.04,PAR,$2.38,https://partner.tcgplayer.com/LIMITLESS?u=https%3A%2F%2Fwww.tcgplayer.com%2Fproduct%2F523706%2Fpokemon-sv04-paradox-rift-iron-hands-ex-070-182
Lugia Archeops,Regigigas,1.02,PRE,$0.12,https://partner.tcgplayer.com/LIMITLESS?u=https%3A%2F%2Fwww.tcgplayer.com%2Fproduct%2F610441%2Fpokemon-sv-prismatic-evolutions-regigigas
Lugia Archeops,Bloodmoon Ursaluna ex,0.97,TWM,$1.89,https://partner.tcgplayer.com/LIMITLESS?u=https%3A%2F%2Fwww.tcgplayer.com%2Fproduct%2F550185%2Fpokemon-sv06-twilight-masquerade-bloodmoon-ursaluna-ex-141-167
Lugia Archeops,Squawkabilly ex,0.84,PAL,$0.75,https://partner.tcgplayer.com/LIMITLESS?u=https%3A%2F%2Fwww.tcgplayer.com%2Fproduct%2F497590%2Fpokemon-sv02-paldea-evolved-squawkabilly-ex
Lugia Archeops,Wellspring Mask Ogerpon ex,0.7,TWM,$1.21,https://partner.tcgplayer.com/LIMITLESS?u=https%3A%2F%2Fwww.tcgplayer.com%2Fproduct%2F550108%2Fpokemon-sv06-twilight-masquerade-wellspring-mask-ogerpon-ex-064-167
Lugia Archeops,Wyrdeer V,0.44,ASR,$0.23,https://partner.tcgplayer.com/LIMITLESS?u=https%3A%2F%2Fwww.tcgplayer.com%2Fproduct%2F272377%2Fswsh10-astral-radiance-wyrdeer-v
Lugia Archeops,Drapion V,0.21,LOR,$0.12,https://partner.tcgplayer.com/LIMITLESS?u=https%3A%2F%2Fwww.tcgplayer.com%2Fproduct%2F284018%2Fswsh11-lost-origin-drapion-v
Lugia Archeops,Radiant Charizard,0.2,CRZ,$0.69,https://partner.tcgplayer.com/LIMITLESS?u=https%3A%2F%2Fwww.tcgplayer.com%2Fproduct%2F478098%2Fcrown-zenith-radiant-charizard
Lugia Archeops,Flutter Mane,0.16,TEF,$0.01,https://partner.tcgplayer.com/LIMITLESS?u=https%3A%2F%2Fwww.tcgplayer.com%2Fproduct%2F542822%2Fpokemon-sv05-temporal-forces-flutter-mane
Lugia Archeops,Iron Bundle,0.16,PAR,$0.02,https://partner.tcgplayer.com/LIMITLESS?u=https%3A%2F%2Fwww.tcgplayer.com%2Fproduct%2F523666%2Fpokemon-sv04-paradox-rift-iron-bundle
Lugia Archeops,Klefki,0.1,SVI,$0.01,https://partner.tcgplayer.com/LIMITLESS?u=https%3A%2F%2Fwww.tcgplayer.com%2Fproduct%2F486602%2Fsv01-scarlet-and-violet-base-set-klefki-096-198
Lugia Archeops,Fezandipiti ex,0.1,SFA,$1.29,https://partner.tcgplayer.com/LIMITLESS?u=https%3A%2F%2Fwww.tcgplayer.com%2Fproduct%2F560348%2Fpokemon-sv-shrouded-fable-fezandipiti-ex-038-064
Lugia Archeops,Minccino,0.07,BRS,$0.00,https://partner.tcgplayer.com/LIMITLESS?u=https%3A%2F%2Fwww.tcgplayer.com%2Fproduct%2F263847%2Fswsh09-brilliant-stars-minccino
Lugia Archeops,Munkidori,0.02,TWM,$0.01,https://partner.tcgplayer.com/LIMITLESS?u=https%3A%2F%2Fwww.tcgplayer.com%2Fproduct%2F550139%2Fpokemon-sv06-twilight-masquerade-munkidori
Lugia Archeops,Cornerstone Mask Ogerpon ex,0.01,TWM,$0.01,https://partner.tcgplayer.com/LIMITLESS?u=https%3A%2F%2Fwww.tcgplayer.com%2Fproduct%2F550156%2Fpokemon-sv06-twilight-masquerade-cornerstone-mask-ogerpon-ex-112-167
Lugia Archeops,Iron Thorns ex,0.01,TWM,$0.00,https://partner.tcgplayer.com/LIMITLESS?u=https%3A%2F%2Fwww.tcgplayer.com%2Fproduct%2F550121%2Fpokemon-sv06-twilight-masquerade-iron-thorns-ex-077-167
Lugia Archeops,Ultra Ball,4.0,SVI,$0.80,https://partner.tcgplayer.com/LIMITLESS?u=https%3A%2F%2Fwww.tcgplayer.com%2Fproduct%2F488105%2Fsv01-scarlet-and-violet-base-set-ultra-ball-196-198
Lugia Archeops,Capturing Aroma,3.97,SIT,$0.39,https://partner.tcgplayer.com/LIMITLESS?u=https%3A%2F%2Fwww.tcgplayer.com%2Fproduct%2F451801%2Fswsh12-silver-tempest-capturing-aroma
Lugia Archeops,Boss's Orders,3.7,PAL,$4.55,https://partner.tcgplayer.com/LIMITLESS?u=https%3A%2F%2Fwww.tcgplayer.com%2Fproduct%2F497544%2Fpokemon-sv02-paldea-evolved-bosss-orders-172-193
Lugia Archeops,Professor's Research,3.16,JTG,$0.31,https://partner.tcgplayer.com/LIMITLESS?u=https%3A%2F%2Fwww.tcgplayer.com%2Fproduct%2F623582%2Fpokemon-sv09-journey-together-professors-research
Lugia Archeops,Iono,1.95,PAL,$0.66,https://partner.tcgplayer.com/LIMITLESS?u=https%3A%2F%2Fwww.tcgplayer.com%2Fproduct%2F497557%2Fpokemon-sv02-paldea-evolved-iono-185-193
Lugia Archeops,Nest Ball,1.78,SVI,$0.56,https://partner.tcgplayer.com/LIMITLESS?u=https%3A%2F%2Fwww.tcgplayer.com%2Fproduct%2F488087%2Fsv01-scarlet-and-violet-base-set-nest-ball-181-198
Lugia Archeops,Mesagoza,1.6,SVI,$0.14,https://partner.tcgplayer.com/LIMITLESS?u=https%3A%2F%2Fwww.tcgplayer.com%2Fproduct%2F488083%2Fsv01-scarlet-and-violet-base-set-mesagoza-178-198
Lugia Archeops,Jacq,0.91,SVI,$0.11,https://partner.tcgplayer.com/LIMITLESS?u=https%3A%2F%2Fwww.tcgplayer.com%2Fproduct%2F488080%2Fsv01-scarlet-and-violet-base-set-jacq-175-198
Lugia Archeops,Carmine,0.58,TWM,$0.06,https://partner.tcgplayer.com/LIMITLESS?u=https%3A%2F%2Fwww.tcgplayer.com%2Fproduct%2F550189%2Fpokemon-sv06-twilight-masquerade-carmine-145-167
Lugia Archeops,Thorton,0.52,LOR,$0.03,https://partner.tcgplayer.com/LIMITLESS?u=https%3A%2F%2Fwww.tcgplayer.com%2Fproduct%2F284100%2Fswsh11-lost-origin-thorton
Lugia Archeops,Great Ball,0.32,PAL,$0.02,https://partner.tcgplayer.com/LIMITLESS?u=https%3A%2F%2Fwww.tcgplayer.com%2Fproduct%2F497555%2Fpokemon-sv02-paldea-evolved-great-ball
Lugia Archeops,Jamming Tower,0.31,TWM,$0.05,https://partner.tcgplayer.com/LIMITLESS?u=https%3A%2F%2Fwww.tcgplayer.com%2Fproduct%2F550197%2Fpokemon-sv06-twilight-masquerade-jamming-tower
Lugia Archeops,Dusk Ball,0.09,SSP,$0.00,https://partner.tcgplayer.com/LIMITLESS?u=https%3A%2F%2Fwww.tcgplayer.com%2Fproduct%2F589931%2Fpokemon-sv08-surging-sparks-dusk-ball
Lugia Archeops,Serena,0.09,SIT,$0.00,https://partner.tcgplayer.com/LIMITLESS?u=https%3A%2F%2Fwww.tcgplayer.com%2Fproduct%2F451812%2Fswsh12-silver-tempest-serena
Lugia Archeops,Larry's Skill,0.05,PRE,$0.00,https://partner.tcgplayer.com/LIMITLESS?u=https%3A%2F%2Fwww.tcgplayer.com%2Fproduct%2F610470%2Fpokemon-sv-prismatic-evolutions-larrys-skill-115-131
Lugia Archeops,Roseanne's Backup,0.04,BRS,$0.00,https://partner.tcgplayer.com/LIMITLESS?u=https%3A%2F%2Fwww.tcgplayer.com%2Fproduct%2F263868%2Fswsh09-brilliant-stars-roseannes-backup
Lugia Archeops,Night Stretcher,0.03,SFA,$0.08,https://partner.tcgplayer.com/LIMITLESS?u=https%3A%2F%2Fwww.tcgplayer.com%2Fproduct%2F560372%2Fpokemon-sv-shrouded-fable-night-stretcher
Lugia Archeops,Morty's Conviction,0.01,TEF,$0.00,https://partner.tcgplayer.com/LIMITLESS?u=https%3A%2F%2Fwww.tcgplayer.com%2Fproduct%2F542671%2Fpokemon-sv05-temporal-forces-mortys-conviction-155-162
Lugia Archeops,Black Belt's Training,0.01,JTG,$0.00,https://partner.tcgplayer.com/LIMITLESS?u=https%3A%2F%2Fwww.tcgplayer.com%2Fproduct%2F623572%2Fpokemon-sv09-journey-together-black-belts-training-145-159
Lugia Archeops,Collapsed Stadium,0.01,BRS,$0.00,https://partner.tcgplayer.com/LIMITLESS?u=https%3A%2F%2Fwww.tcgplayer.com%2Fproduct%2F263859%2Fswsh09-brilliant-stars-collapsed-stadium
Lugia Archeops,Irida,0.01,ASR,$0.01,https://partner.tcgplayer.com/LIMITLESS?u=https%3A%2F%2Fwww.tcgplayer.com%2Fproduct%2F272399%2Fswsh10-astral-radiance-irida
Lugia Archeops,Penny,0.01,SVI,$0.00,https://partner.tcgplayer.com/LIMITLESS?u=https%3A%2F%2Fwww.tcgplayer.com%2Fproduct%2F488089%2Fsv01-scarlet-and-violet-base-set-penny-183-198
Lugia Archeops,Earthen Vessel,0.01,PAR,$0.00,https://partner.tcgplayer.com/LIMITLESS?u=https%3A%2F%2Fwww.tcgplayer.com%2Fproduct%2F523844%2Fpokemon-sv04-paradox-rift-earthen-vessel
Lugia Archeops,Jet Energy,4.0,PAL,$0.96,https://partner.tcgplayer.com/LIMITLESS?u=https%3A%2F%2Fwww.tcgplayer.com%2Fproduct%2F497563%2Fpokemon-sv02-paldea-evolved-jet-energy
Lugia Archeops,Gift Energy,3.96,LOR,$0.47,https://partner.tcgplayer.com/LIMITLESS?u=https%3A%2F%2Fwww.tcgplayer.com%2Fproduct%2F284108%2Fswsh11-lost-origin-gift-energy
Lugia Archeops,Double Turbo Energy,3.64,BRS,$0.83,https://partner.tcgplayer.com/LIMITLESS?u=https%3A%2F%2Fwww.tcgplayer.com%2Fproduct%2F257307%2Fswsh09-brilliant-stars-double-turbo-energy
Lugia Archeops,Mist Energy,2.75,TEF,$0.52,https://partner.tcgplayer.com/LIMITLESS?u=https%3A%2F%2Fwww.tcgplayer.com%2Fproduct%2F542681%2Fpokemon-sv05-temporal-forces-mist-energy
Lugia Archeops,Legacy Energy,1.0,TWM,$0.86,https://partner.tcgplayer.com/LIMITLESS?u=https%3A%2F%2Fwww.tcgplayer.com%2Fproduct%2F550211%2Fpokemon-sv06-twilight-masquerade-legacy-energy
Lugia Archeops,V Guard Energy,0.36,SIT,$0.05,https://partner.tcgplayer.com/LIMITLESS?u=https%3A%2F%2Fwww.tcgplayer.com%2Fproduct%2F451817%2Fswsh12-silver-tempest-v-guard-energy
Lugia Archeops,Luminous Energy,0.21,PAL,$0.03,https://partner.tcgplayer.com/LIMITLESS?u=https%3A%2F%2Fwww.tcgplayer.com%2Fproduct%2F497564%2Fpokemon-sv02-paldea-evolved-luminous-energy
Lugia Archeops,Lightning Energy,0.08,SVE,$0.00,https://partner.tcgplayer.com/LIMITLESS?u=https%3A%2F%2Fwww.tcgplayer.com%2Fproduct%2F578866%2Fpokemon-sv07-stellar-crown-basic-lightning-energy
Lugia Archeops,Fire Energy,0.02,SVE,$0.00,https://partner.tcgplayer.com/LIMITLESS?u=https%3A%2F%2Fwww.tcgplayer.com%2Fproduct%2F578863%2Fpokemon-sv07-stellar-crown-basic-fire-energy
Lugia Archeops,Medical Energy,0.01,PAR,$0.00,https://partner.tcgplayer.com/LIMITLESS?u=https%3A%2F%2Fwww.tcgplayer.com%2Fproduct%2F523863%2Fpokemon-sv04-paradox-rift-medical-energy
Gardevoir ex,Ralts,3.0,SVI,$0.33,https://partner.tcgplayer.com/LIMITLESS?u=https%3A%2F%2Fwww.tcgplayer.com%2Fproduct%2F487948%2Fsv01-scarlet-and-violet-base-set-ralts-084-198
Gardevoir ex,Munkidori,2.4,TWM,$1.36,https://partner.tcgplayer.com/LIMITLESS?u=https%3A%2F%2Fwww.tcgplayer.com%2Fproduct%2F550139%2Fpokemon-sv06-twilight-masquerade-munkidori
Gardevoir ex,Gardevoir ex,2.24,SVI,$1.54,https://partner.tcgplayer.com/LIMITLESS?u=https%3A%2F%2Fwww.tcgplayer.com%2Fproduct%2F487951%2Fsv01-scarlet-and-violet-base-set-gardevoir-ex-086-198
Gardevoir ex,Kirlia,2.0,SVI,$0.24,https://partner.tcgplayer.com/LIMITLESS?u=https%3A%2F%2Fwww.tcgplayer.com%2Fproduct%2F487949%2Fsv01-scarlet-and-violet-base-set-kirlia-085-198
Gardevoir ex,Budew,1.36,PRE,$1.15,https://partner.tcgplayer.com/LIMITLESS?u=https%3A%2F%2Fwww.tcgplayer.com%2Fproduct%2F610359%2Fpokemon-sv-prismatic-evolutions-budew
Gardevoir ex,Scream Tail,1.02,PAR,$0.09,https://partner.tcgplayer.com/LIMITLESS?u=https%3A%2F%2Fwww.tcgplayer.com%2Fproduct%2F523752%2Fpokemon-sv04-paradox-rift-scream-tail
Gardevoir ex,Lillie's Clefairy ex,1.0,JTG,$5.67,https://partner.tcgplayer.com/LIMITLESS?u=https%3A%2F%2Fwww.tcgplayer.com%2Fproduct%2F623483%2Fpokemon-sv09-journey-together-lillies-clefairy-ex-056-159
Gardevoir ex,Fezandipiti ex,0.98,SFA,$12.68,https://partner.tcgplayer.com/LIMITLESS?u=https%3A%2F%2Fwww.tcgplayer.com%2Fproduct%2F560348%2Fpokemon-sv-shrouded-fable-fezandipiti-ex-038-064
Gardevoir ex,Drifloon,0.92,SVI,$0.07,https://partner.tcgplayer.com/LIMITLESS?u=https%3A%2F%2Fwww.tcgplayer.com%2Fproduct%2F487955%2Fsv01-scarlet-and-violet-base-set-drifloon-089-198
Gardevoir ex,Mew ex,0.92,MEW,$7.08,https://partner.tcgplayer.com/LIMITLESS?u=https%3A%2F%2Fwww.tcgplayer.com%2Fproduct%2F516566%2Fpokemon-sv-scarlet-and-violet-151-mew-ex-151-165
Gardevoir ex,N's Zoroark ex,0.52,JTG,$4.32,https://partner.tcgplayer.com/LIMITLESS?u=https%3A%2F%2Fwww.tcgplayer.com%2Fproduct%2F623525%2Fpokemon-sv09-journey-together-ns-zoroark-ex-098-159
Gardevoir ex,N's Zorua,0.3,JTG,$0.06,https://partner.tcgplayer.com/LIMITLESS?u=https%3A%2F%2Fwww.tcgplayer.com%2Fproduct%2F623524%2Fpokemon-sv09-journey-together-ns-zorua
Gardevoir ex,Klefki,0.22,SVI,$0.03,https://partner.tcgplayer.com/LIMITLESS?u=https%3A%2F%2Fwww.tcgplayer.com%2Fproduct%2F486602%2Fsv01-scarlet-and-violet-base-set-klefki-096-198
Gardevoir ex,Squawkabilly ex,0.14,PAL,$0.12,https://partner.tcgplayer.com/LIMITLESS?u=https%3A%2F%2Fwww.tcgplayer.com%2Fproduct%2F497590%2Fpokemon-sv02-paldea-evolved-squawkabilly-ex
Gardevoir ex,Cleffa,0.1,OBF,$0.03,https://partner.tcgplayer.com/LIMITLESS?u=https%3A%2F%2Fwww.tcgplayer.com%2Fproduct%2F509809%2Fpokemon-sv03-obsidian-flames-cleffa
Gardevoir ex,Dunsparce,0.08,PAL,$0.01,https://partner.tcgplayer.com/LIMITLESS?u=https%3A%2F%2Fwww.tcgplayer.com%2Fproduct%2F497574%2Fpokemon-sv02-paldea-evolved-dunsparce
Gardevoir ex,Dudunsparce,0.08,TEF,$0.02,https://partner.tcgplayer.com/LIMITLESS?u=https%3A%2F%2Fwww.tcgplayer.com%2Fproduct%2F542873%2Fpokemon-sv05-temporal-forces-dudunsparce
Gardevoir ex,Flutter Mane,0.02,TEF,$0.00,https://partner.tcgplayer.com/LIMITLESS?u=https%3A%2F%2Fwww.tcgplayer.com%2Fproduct%2F542822%2Fpokemon-sv05-temporal-forces-flutter-mane
Gardevoir ex,Mimikyu,0.02,PAL,$0.00,https://partner.tcgplayer.com/LIMITLESS?u=https%3A%2F%2Fwww.tcgplayer.com%2Fproduct%2F497512%2Fpokemon-sv02-paldea-evolved-mimikyu
Gardevoir ex,Iono,3.88,PAL,$1.31,https://partner.tcgplayer.com/LIMITLESS?u=https%3A%2F%2Fwww.tcgplayer.com%2Fproduct%2F497557%2Fpokemon-sv02-paldea-evolved-iono-185-193
Gardevoir ex,Ultra Ball,2.92,SVI,$0.58,https://partner.tcgplayer.com/LIMITLESS?u=https%3A%2F%2Fwww.tcgplayer.com%2Fproduct%2F488105%2Fsv01-scarlet-and-violet-base-set-ultra-ball-196-198
Gardevoir ex,Professor's Research,2.9,JTG,$0.29,https://partner.tcgplayer.com/LIMITLESS?u=https%3A%2F%2Fwww.tcgplayer.com%2Fproduct%2F623582%2Fpokemon-sv09-journey-together-professors-research
Gardevoir ex,Night Stretcher,2.9,SFA,$8.06,https://partner.tcgplayer.com/LIMITLESS?u=https%3A%2F%2Fwww.tcgplayer.com%2Fproduct%2F560372%2Fpokemon-sv-shrouded-fable-night-stretcher
Gardevoir ex,Bravery Charm,2.58,PAL,$1.57,https://partner.tcgplayer.com/LIMITLESS?u=https%3A%2F%2Fwww.tcgplayer.com%2Fproduct%2F497545%2Fpokemon-sv02-paldea-evolved-bravery-charm
Gardevoir ex,Rare Candy,2.42,SVI,$0.31,https://partner.tcgplayer.com/LIMITLESS?u=https%3A%2F%2Fwww.tcgplayer.com%2Fproduct%2F488098%2Fsv01-scarlet-and-violet-base-set-rare-candy-191-198
Gardevoir ex,Nest Ball,2.22,SVI,$0.71,https://partner.tcgplayer.com/LIMITLESS?u=https%3A%2F%2Fwww.tcgplayer.com%2Fproduct%2F488087%2Fsv01-scarlet-and-violet-base-set-nest-ball-181-198
Gardevoir ex,Earthen Vessel,2.16,PAR,$0.75,https://partner.tcgplayer.com/LIMITLESS?u=https%3A%2F%2Fwww.tcgplayer.com%2Fproduct%2F523844%2Fpokemon-sv04-paradox-rift-earthen-vessel
Gardevoir ex,Buddy-Buddy Poffin,2.14,TEF,$1.04,https://partner.tcgplayer.com/LIMITLESS?u=https%3A%2F%2Fwww.tcgplayer.com%2Fproduct%2F542659%2Fpokemon-sv05-temporal-forces-buddy-buddy-poffin
Gardevoir ex,Counter Catcher,1.96,PAR,$3.33,https://partner.tcgplayer.com/LIMITLESS?u=https%3A%2F%2Fwww.tcgplayer.com%2Fproduct%2F523841%2Fpokemon-sv04-paradox-rift-counter-catcher
Gardevoir ex,Artazon,1.94,PAL,$0.21,https://partner.tcgplayer.com/LIMITLESS?u=https%3A%2F%2Fwww.tcgplayer.com%2Fproduct%2F497541%2Fpokemon-sv02-paldea-evolved-artazon
Gardevoir ex,Morty's Conviction,1.04,TEF,$0.12,https://partner.tcgplayer.com/LIMITLESS?u=https%3A%2F%2Fwww.tcgplayer.com%2Fproduct%2F542671%2Fpokemon-sv05-temporal-forces-mortys-conviction-155-162
Gardevoir ex,Secret Box,0.86,TWM,$3.66,https://partner.tcgplayer.com/LIMITLESS?u=https%3A%2F%2Fwww.tcgplayer.com%2Fproduct%2F550207%2Fpokemon-sv06-twilight-masquerade-secret-box
Gardevoir ex,Arven,0.78,OBF,$2.34,https://partner.tcgplayer.com/LIMITLESS?u=https%3A%2F%2Fwww.tcgplayer.com%2Fproduct%2F509778%2Fpokemon-sv03-obsidian-flames-arven
Gardevoir ex,Professor Turo's Scenario,0.68,PAR,$0.10,https://partner.tcgplayer.com/LIMITLESS?u=https%3A%2F%2Fwww.tcgplayer.com%2Fproduct%2F523852%2Fpokemon-sv04-paradox-rift-professor-turos-scenario
Gardevoir ex,Super Rod,0.4,PAL,$0.13,https://partner.tcgplayer.com/LIMITLESS?u=https%3A%2F%2Fwww.tcgplayer.com%2Fproduct%2F497560%2Fpokemon-sv02-paldea-evolved-super-rod-188-193
Gardevoir ex,Jacq,0.34,SVI,$0.04,https://partner.tcgplayer.com/LIMITLESS?u=https%3A%2F%2Fwww.tcgplayer.com%2Fproduct%2F488080%2Fsv01-scarlet-and-violet-base-set-jacq-175-198
Gardevoir ex,Boss's Orders,0.32,PAL,$0.39,https://partner.tcgplayer.com/LIMITLESS?u=https%3A%2F%2Fwww.tcgplayer.com%2Fproduct%2F497544%2Fpokemon-sv02-paldea-evolved-bosss-orders-172-193
Gardevoir ex,Rescue Board,0.28,TEF,$0.03,https://partner.tcgplayer.com/LIMITLESS?u=https%3A%2F%2Fwww.tcgplayer.com%2Fproduct%2F542677%2Fpokemon-sv05-temporal-forces-rescue-board
Gardevoir ex,Technical Machine: Evolution,0.14,PAR,$0.03,https://partner.tcgplayer.com/LIMITLESS?u=https%3A%2F%2Fwww.tcgplayer.com%2Fproduct%2F523859%2Fpokemon-sv04-paradox-rift-technical-machine-evolution
Gardevoir ex,Brilliant Blender,0.12,SSP,$0.34,https://partner.tcgplayer.com/LIMITLESS?u=https%3A%2F%2Fwww.tcgplayer.com%2Fproduct%2F589880%2Fpokemon-sv08-surging-sparks-brilliant-blender
Gardevoir ex,Explorer's Guidance,0.1,TEF,$0.00,https://partner.tcgplayer.com/LIMITLESS?u=https%3A%2F%2Fwww.tcgplayer.com%2Fproduct%2F542662%2Fpokemon-sv05-temporal-forces-explorers-guidance-147-162
Gardevoir ex,Gravity Gemstone,0.02,SCR,$0.00,https://partner.tcgplayer.com/LIMITLESS?u=https%3A%2F%2Fwww.tcgplayer.com%2Fproduct%2F567400%2Fpokemon-sv07-stellar-crown-gravity-gemstone
Gardevoir ex,Cycling Road,0.02,MEW,$0.00,https://partner.tcgplayer.com/LIMITLESS?u=https%3A%2F%2Fwww.tcgplayer.com%2Fproduct%2F516719%2Fpokemon-sv-scarlet-and-violet-151-cycling-road
Gardevoir ex,Brock's Scouting,0.02,JTG,$0.00,https://partner.tcgplayer.com/LIMITLESS?u=https%3A%2F%2Fwww.tcgplayer.com%2Fproduct%2F623573%2Fpokemon-sv09-journey-together-brocks-scouting-146-159
Gardevoir ex,Unfair Stamp,0.02,TWM,$0.09,https://partner.tcgplayer.com/LIMITLESS?u=https%3A%2F%2Fwww.tcgplayer.com%2Fproduct%2F550209%2Fpokemon-sv06-twilight-masquerade-unfair-stamp
Gardevoir ex,Psychic Energy,6.98,SVE,$0.34,https://partner.tcgplayer.com/LIMITLESS?u=https%3A%2F%2Fwww.tcgplayer.com%2Fproduct%2F578865%2Fpokemon-sv07-stellar-crown-basic-psychic-energy
Gardevoir ex,Darkness Energy,2.54,SVE,$0.10,https://partner.tcgplayer.com/LIMITLESS?u=https%3A%2F%2Fwww.tcgplayer.com%2Fproduct%2F578868%2Fpokemon-sv07-stellar-crown-basic-darkness-energy
Mew Genesect Fusion Strike,Genesect V,4.0,FST,$2.64,https://partner.tcgplayer.com/LIMITLESS?u=https%3A%2F%2Fwww.tcgplayer.com%2Fproduct%2F253333%2Fswsh08-fusion-strike-genesect-v
Mew Genesect Fusion Strike,Mew V,3.97,FST,$6.07,https://partner.tcgplayer.com/LIMITLESS?u=https%3A%2F%2Fwww.tcgplayer.com%2Fproduct%2F253274%2Fswsh08-fusion-strike-mew-v
Mew Genesect Fusion Strike,Mew VMAX,2.96,FST,$17.40,https://partner.tcgplayer.com/LIMITLESS?u=https%3A%2F%2Fwww.tcgplayer.com%2Fproduct%2F253275%2Fswsh08-fusion-strike-mew-vmax
Mew Genesect Fusion Strike,Luxray V,0.11,ASR,$0.16,https://partner.tcgplayer.com/LIMITLESS?u=https%3A%2F%2Fwww.tcgplayer.com%2Fproduct%2F272250%2Fswsh10-astral-radiance-luxray-v
Mew Genesect Fusion Strike,Shelmet,0.1,FST,$0.00,https://partner.tcgplayer.com/LIMITLESS?u=https%3A%2F%2Fwww.tcgplayer.com%2Fproduct%2F253087%2Fswsh08-fusion-strike-shelmet
Mew Genesect Fusion Strike,Accelgor,0.1,FST,$0.01,https://partner.tcgplayer.com/LIMITLESS?u=https%3A%2F%2Fwww.tcgplayer.com%2Fproduct%2F253090%2Fswsh08-fusion-strike-accelgor
Mew Genesect Fusion Strike,Oricorio,0.02,FST,$0.00,https://partner.tcgplayer.com/LIMITLESS?u=https%3A%2F%2Fwww.tcgplayer.com%2Fproduct%2F253158%2Fswsh08-fusion-strike-oricorio
Mew Genesect Fusion Strike,Power Tablet,4.0,FST,$0.24,https://partner.tcgplayer.com/LIMITLESS?u=https%3A%2F%2Fwww.tcgplayer.com%2Fproduct%2F253111%2Fswsh08-fusion-strike-power-tablet
Mew Genesect Fusion Strike,Battle VIP Pass,4.0,FST,$0.64,https://partner.tcgplayer.com/LIMITLESS?u=https%3A%2F%2Fwww.tcgplayer.com%2Fproduct%2F253091%2Fswsh08-fusion-strike-battle-vip-pass
Mew Genesect Fusion Strike,Ultra Ball,4.0,SVI,$0.80,https://partner.tcgplayer.com/LIMITLESS?u=https%3A%2F%2Fwww.tcgplayer.com%2Fproduct%2F488105%2Fsv01-scarlet-and-violet-base-set-ultra-ball-196-198
Mew Genesect Fusion Strike,Lost Vacuum,3.92,LOR,$0.23,https://partner.tcgplayer.com/LIMITLESS?u=https%3A%2F%2Fwww.tcgplayer.com%2Fproduct%2F284094%2Fswsh11-lost-origin-lost-vacuum
Mew Genesect Fusion Strike,Cram-o-matic,3.81,FST,$0.22,https://partner.tcgplayer.com/LIMITLESS?u=https%3A%2F%2Fwww.tcgplayer.com%2Fproduct%2F253100%2Fswsh08-fusion-strike-cram-o-matic
Mew Genesect Fusion Strike,Path to the Peak,3.05,CRE,$0.27,https://partner.tcgplayer.com/LIMITLESS?u=https%3A%2F%2Fwww.tcgplayer.com%2Fproduct%2F241851%2Fswsh06-chilling-reign-path-to-the-peak
Mew Genesect Fusion Strike,Judge,2.96,SVI,$0.29,https://partner.tcgplayer.com/LIMITLESS?u=https%3A%2F%2Fwww.tcgplayer.com%2Fproduct%2F488081%2Fsv01-scarlet-and-violet-base-set-judge-176-198
Mew Genesect Fusion Strike,Forest Seal Stone,2.96,SIT,$2.19,https://partner.tcgplayer.com/LIMITLESS?u=https%3A%2F%2Fwww.tcgplayer.com%2Fproduct%2F451804%2Fswsh12-silver-tempest-forest-seal-stone
Mew Genesect Fusion Strike,Boss's Orders,2.06,PAL,$2.53,https://partner.tcgplayer.com/LIMITLESS?u=https%3A%2F%2Fwww.tcgplayer.com%2Fproduct%2F497544%2Fpokemon-sv02-paldea-evolved-bosss-orders-172-193
Mew Genesect Fusion Strike,Box of Disaster,1.78,LOR,$0.08,https://partner.tcgplayer.com/LIMITLESS?u=https%3A%2F%2Fwww.tcgplayer.com%2Fproduct%2F284084%2Fswsh11-lost-origin-box-of-disaster
Mew Genesect Fusion Strike,Escape Rope,1.3,BST,$0.16,https://partner.tcgplayer.com/LIMITLESS?u=https%3A%2F%2Fwww.tcgplayer.com%2Fproduct%2F234117%2Fswsh05-battle-styles-escape-rope
Mew Genesect Fusion Strike,Feather Ball,1.2,ASR,$0.07,https://partner.tcgplayer.com/LIMITLESS?u=https%3A%2F%2Fwww.tcgplayer.com%2Fproduct%2F272393%2Fswsh10-astral-radiance-feather-ball
Mew Genesect Fusion Strike,Nest Ball,1.03,SVI,$0.32,https://partner.tcgplayer.com/LIMITLESS?u=https%3A%2F%2Fwww.tcgplayer.com%2Fproduct%2F488087%2Fsv01-scarlet-and-violet-base-set-nest-ball-181-198
Mew Genesect Fusion Strike,Pal Pad,1.0,SVI,$0.36,https://partner.tcgplayer.com/LIMITLESS?u=https%3A%2F%2Fwww.tcgplayer.com%2Fproduct%2F488088%2Fsv01-scarlet-and-violet-base-set-pal-pad-182-198
Mew Genesect Fusion Strike,Iono,0.99,PAL,$0.33,https://partner.tcgplayer.com/LIMITLESS?u=https%3A%2F%2Fwww.tcgplayer.com%2Fproduct%2F497557%2Fpokemon-sv02-paldea-evolved-iono-185-193
Mew Genesect Fusion Strike,Choice Belt,0.92,PAL,$0.08,https://partner.tcgplayer.com/LIMITLESS?u=https%3A%2F%2Fwww.tcgplayer.com%2Fproduct%2F497548%2Fpokemon-sv02-paldea-evolved-choice-belt
Mew Genesect Fusion Strike,Switch,0.89,SVI,$0.14,https://partner.tcgplayer.com/LIMITLESS?u=https%3A%2F%2Fwww.tcgplayer.com%2Fproduct%2F488102%2Fsv01-scarlet-and-violet-base-set-switch-194-198
Mew Genesect Fusion Strike,Switch Cart,0.74,ASR,$0.22,https://partner.tcgplayer.com/LIMITLESS?u=https%3A%2F%2Fwww.tcgplayer.com%2Fproduct%2F272406%2Fswsh10-astral-radiance-switch-cart
Mew Genesect Fusion Strike,Hisuian Heavy Ball,0.73,ASR,$0.27,https://partner.tcgplayer.com/LIMITLESS?u=https%3A%2F%2Fwww.tcgplayer.com%2Fproduct%2F272398%2Fswsh10-astral-radiance-hisuian-heavy-ball
Mew Genesect Fusion Strike,Grabber,0.51,MEW,$0.06,https://partner.tcgplayer.com/LIMITLESS?u=https%3A%2F%2Fwww.tcgplayer.com%2Fproduct%2F516724%2Fpokemon-sv-scarlet-and-violet-151-grabber
Mew Genesect Fusion Strike,Elesa's Sparkle,0.51,FST,$0.03,https://partner.tcgplayer.com/LIMITLESS?u=https%3A%2F%2Fwww.tcgplayer.com%2Fproduct%2F253106%2Fswsh08-fusion-strike-elesas-sparkle
Mew Genesect Fusion Strike,Professor Turo's Scenario,0.24,PAR,$0.03,https://partner.tcgplayer.com/LIMITLESS?u=https%3A%2F%2Fwww.tcgplayer.com%2Fproduct%2F523852%2Fpokemon-sv04-paradox-rift-professor-turos-scenario
Mew Genesect Fusion Strike,Crushing Hammer,0.23,SVI,$0.01,https://partner.tcgplayer.com/LIMITLESS?u=https%3A%2F%2Fwww.tcgplayer.com%2Fproduct%2F488073%2Fsv01-scarlet-and-violet-base-set-crushing-hammer-168-198
Mew Genesect Fusion Strike,Lost City,0.21,LOR,$0.02,https://partner.tcgplayer.com/LIMITLESS?u=https%3A%2F%2Fwww.tcgplayer.com%2Fproduct%2F284093%2Fswsh11-lost-origin-lost-city
Mew Genesect Fusion Strike,Avery,0.09,CRE,$0.00,https://partner.tcgplayer.com/LIMITLESS?u=https%3A%2F%2Fwww.tcgplayer.com%2Fproduct%2F241814%2Fswsh06-chilling-reign-avery
Mew Genesect Fusion Strike,Technical Machine: Devolution,0.06,PAR,$0.00,https://partner.tcgplayer.com/LIMITLESS?u=https%3A%2F%2Fwww.tcgplayer.com%2Fproduct%2F523858%2Fpokemon-sv04-paradox-rift-technical-machine-devolution
Mew Genesect Fusion Strike,Super Rod,0.05,PAL,$0.01,https://partner.tcgplayer.com/LIMITLESS?u=https%3A%2F%2Fwww.tcgplayer.com%2Fproduct%2F497560%2Fpokemon-sv02-paldea-evolved-super-rod-188-193
Mew Genesect Fusion Strike,Roxanne,0.05,ASR,$0.00,https://partner.tcgplayer.com/LIMITLESS?u=https%3A%2F%2Fwww.tcgplayer.com%2Fproduct%2F272402%2Fswsh10-astral-radiance-roxanne
Mew Genesect Fusion Strike,Cyllene,0.05,ASR,$0.00,https://partner.tcgplayer.com/LIMITLESS?u=https%3A%2F%2Fwww.tcgplayer.com%2Fproduct%2F272390%2Fswsh10-astral-radiance-cyllene
Mew Genesect Fusion Strike,Echoing Horn,0.04,CRE,$0.00,https://partner.tcgplayer.com/LIMITLESS?u=https%3A%2F%2Fwww.tcgplayer.com%2Fproduct%2F241828%2Fswsh06-chilling-reign-echoing-horn
Mew Genesect Fusion Strike,Level Ball,0.03,BST,$0.00,https://partner.tcgplayer.com/LIMITLESS?u=https%3A%2F%2Fwww.tcgplayer.com%2Fproduct%2F234123%2Fswsh05-battle-styles-level-ball
Mew Genesect Fusion Strike,Cleansing Gloves,0.02,BRS,$0.00,https://partner.tcgplayer.com/LIMITLESS?u=https%3A%2F%2Fwww.tcgplayer.com%2Fproduct%2F263858%2Fswsh09-brilliant-stars-cleansing-gloves
Mew Genesect Fusion Strike,Town Store,0.02,OBF,$0.00,https://partner.tcgplayer.com/LIMITLESS?u=https%3A%2F%2Fwww.tcgplayer.com%2Fproduct%2F509788%2Fpokemon-sv03-obsidian-flames-town-store
Mew Genesect Fusion Strike,Counter Catcher,0.01,PAR,$0.01,https://partner.tcgplayer.com/LIMITLESS?u=https%3A%2F%2Fwww.tcgplayer.com%2Fproduct%2F523841%2Fpokemon-sv04-paradox-rift-counter-catcher
Mew Genesect Fusion Strike,Penny,0.01,SVI,$0.00,https://partner.tcgplayer.com/LIMITLESS?u=https%3A%2F%2Fwww.tcgplayer.com%2Fproduct%2F488089%2Fsv01-scarlet-and-violet-base-set-penny-183-198
Mew Genesect Fusion Strike,Collapsed Stadium,0.01,BRS,$0.00,https://partner.tcgplayer.com/LIMITLESS?u=https%3A%2F%2Fwww.tcgplayer.com%2Fproduct%2F263859%2Fswsh09-brilliant-stars-collapsed-stadium
Mew Genesect Fusion Strike,Justified Gloves,0.01,CRE,$0.00,https://partner.tcgplayer.com/LIMITLESS?u=https%3A%2F%2Fwww.tcgplayer.com%2Fproduct%2F241840%2Fswsh06-chilling-reign-justified-gloves
Mew Genesect Fusion Strike,Defiance Band,0.01,SVI,$0.00,https://partner.tcgplayer.com/LIMITLESS?u=https%3A%2F%2Fwww.tcgplayer.com%2Fproduct%2F488074%2Fsv01-scarlet-and-violet-base-set-defiance-band-169-198
Mew Genesect Fusion Strike,Double Turbo Energy,3.96,BRS,$0.91,https://partner.tcgplayer.com/LIMITLESS?u=https%3A%2F%2Fwww.tcgplayer.com%2Fproduct%2F257307%2Fswsh09-brilliant-stars-double-turbo-energy
Mew Genesect Fusion Strike,Fusion Strike Energy,1.19,FST,$0.05,https://partner.tcgplayer.com/LIMITLESS?u=https%3A%2F%2Fwww.tcgplayer.com%2Fproduct%2F253127%2Fswsh08-fusion-strike-fusion-strike-energy
Mew Genesect Fusion Strike,Grass Energy,0.06,SVE,$0.00,https://partner.tcgplayer.com/LIMITLESS?u=https%3A%2F%2Fwww.tcgplayer.com%2Fproduct%2F578864%2Fpokemon-sv07-stellar-crown-basic-grass-energy
Charizard ex,Charmander,3.33,MEW,$0.29,https://partner.tcgplayer.com/LIMITLESS?u=https%3A%2F%2Fwww.tcgplayer.com%2Fproduct%2F502555%2Fpokemon-sv-scarlet-and-violet-151-charmander-004-165
Charizard ex,Charizard ex,2.0,OBF,$4.94,https://partner.tcgplayer.com/LIMITLESS?u=https%3A%2F%2Fwww.tcgplayer.com%2Fproduct%2F509879%2Fpokemon-sv03-obsidian-flames-charizard-ex
Charizard ex,Pidgey,2.0,OBF,$0.16,https://partner.tcgplayer.com/LIMITLESS?u=https%3A%2F%2Fwww.tcgplayer.com%2Fproduct%2F509666%2Fpokemon-sv03-obsidian-flames-pidgey
Charizard ex,Pidgeot ex,2.0,OBF,$8.12,https://partner.tcgplayer.com/LIMITLESS?u=https%3A%2F%2Fwww.tcgplayer.com%2Fproduct%2F509670%2Fpokemon-sv03-obsidian-flames-pidgeot-ex
Charizard ex,Charmeleon,1.67,PAF,$0.18,https://partner.tcgplayer.com/LIMITLESS?u=https%3A%2F%2Fwww.tcgplayer.com%2Fproduct%2F534143%2Fpokemon-sv-paldean-fates-charmeleon-008-091
Charizard ex,Duskull,1.67,PRE,$0.25,https://partner.tcgplayer.com/LIMITLESS?u=https%3A%2F%2Fwww.tcgplayer.com%2Fproduct%2F610390%2Fpokemon-sv-prismatic-evolutions-duskull
Charizard ex,Dusknoir,1.67,PRE,$0.43,https://partner.tcgplayer.com/LIMITLESS?u=https%3A%2F%2Fwww.tcgplayer.com%2Fproduct%2F610392%2Fpokemon-sv-prismatic-evolutions-dusknoir
Charizard ex,Pidgeotto,1.0,MEW,$0.22,https://partner.tcgplayer.com/LIMITLESS?u=https%3A%2F%2Fwww.tcgplayer.com%2Fproduct%2F502566%2Fpokemon-sv-scarlet-and-violet-151-pidgeotto
Charizard ex,Dusclops,1.0,PRE,$0.15,https://partner.tcgplayer.com/LIMITLESS?u=https%3A%2F%2Fwww.tcgplayer.com%2Fproduct%2F610391%2Fpokemon-sv-prismatic-evolutions-dusclops
Charizard ex,Fezandipiti ex,1.0,SFA,$12.94,https://partner.tcgplayer.com/LIMITLESS?u=https%3A%2F%2Fwww.tcgplayer.com%2Fproduct%2F560348%2Fpokemon-sv-shrouded-fable-fezandipiti-ex-038-064
Charizard ex,Chi-Yu,0.67,PAR,$0.08,https://partner.tcgplayer.com/LIMITLESS?u=https%3A%2F%2Fwww.tcgplayer.com%2Fproduct%2F523638%2Fpokemon-sv04-paradox-rift-chi-yu
Charizard ex,Dunsparce,0.67,PAL,$0.10,https://partner.tcgplayer.com/LIMITLESS?u=https%3A%2F%2Fwww.tcgplayer.com%2Fproduct%2F497574%2Fpokemon-sv02-paldea-evolved-dunsparce
Charizard ex,Dudunsparce,0.67,TEF,$0.20,https://partner.tcgplayer.com/LIMITLESS?u=https%3A%2F%2Fwww.tcgplayer.com%2Fproduct%2F542873%2Fpokemon-sv05-temporal-forces-dudunsparce
Charizard ex,Cleffa,0.33,OBF,$0.12,https://partner.tcgplayer.com/LIMITLESS?u=https%3A%2F%2Fwww.tcgplayer.com%2Fproduct%2F509809%2Fpokemon-sv03-obsidian-flames-cleffa
Charizard ex,Bloodmoon Ursaluna ex,0.33,TWM,$0.64,https://partner.tcgplayer.com/LIMITLESS?u=https%3A%2F%2Fwww.tcgplayer.com%2Fproduct%2F550185%2Fpokemon-sv06-twilight-masquerade-bloodmoon-ursaluna-ex-141-167
Charizard ex,Ho-Oh,0.33,SSP,$0.03,https://partner.tcgplayer.com/LIMITLESS?u=https%3A%2F%2Fwww.tcgplayer.com%2Fproduct%2F589964%2Fpokemon-sv08-surging-sparks-ho-oh
Charizard ex,Klefki,0.33,SVI,$0.05,https://partner.tcgplayer.com/LIMITLESS?u=https%3A%2F%2Fwww.tcgplayer.com%2Fproduct%2F486602%2Fsv01-scarlet-and-violet-base-set-klefki-096-198
Charizard ex,Buddy-Buddy Poffin,3.67,TEF,$1.79,https://partner.tcgplayer.com/LIMITLESS?u=https%3A%2F%2Fwww.tcgplayer.com%2Fproduct%2F542659%2Fpokemon-sv05-temporal-forces-buddy-buddy-poffin
Charizard ex,Rare Candy,3.33,SVI,$0.43,https://partner.tcgplayer.com/LIMITLESS?u=https%3A%2F%2Fwww.tcgplayer.com%2Fproduct%2F488098%2Fsv01-scarlet-and-violet-base-set-rare-candy-191-198
Charizard ex,Ultra Ball,3.33,SVI,$0.66,https://partner.tcgplayer.com/LIMITLESS?u=https%3A%2F%2Fwww.tcgplayer.com%2Fproduct%2F488105%2Fsv01-scarlet-and-violet-base-set-ultra-ball-196-198
Charizard ex,Arven,3.0,OBF,$9.03,https://partner.tcgplayer.com/LIMITLESS?u=https%3A%2F%2Fwww.tcgplayer.com%2Fproduct%2F509778%2Fpokemon-sv03-obsidian-flames-arven
Charizard ex,Iono,2.67,PAL,$0.90,https://partner.tcgplayer.com/LIMITLESS?u=https%3A%2F%2Fwww.tcgplayer.com%2Fproduct%2F497557%2Fpokemon-sv02-paldea-evolved-iono-185-193
Charizard ex,Boss's Orders,2.0,PAL,$2.46,https://partner.tcgplayer.com/LIMITLESS?u=https%3A%2F%2Fwww.tcgplayer.com%2Fproduct%2F497544%2Fpokemon-sv02-paldea-evolved-bosss-orders-172-193
Charizard ex,Nest Ball,2.0,SVI,$0.64,https://partner.tcgplayer.com/LIMITLESS?u=https%3A%2F%2Fwww.tcgplayer.com%2Fproduct%2F488087%2Fsv01-scarlet-and-violet-base-set-nest-ball-181-198
Charizard ex,Counter Catcher,1.67,PAR,$2.83,https://partner.tcgplayer.com/LIMITLESS?u=https%3A%2F%2Fwww.tcgplayer.com%2Fproduct%2F523841%2Fpokemon-sv04-paradox-rift-counter-catcher
Charizard ex,Super Rod,1.33,PAL,$0.43,https://partner.tcgplayer.com/LIMITLESS?u=https%3A%2F%2Fwww.tcgplayer.com%2Fproduct%2F497560%2Fpokemon-sv02-paldea-evolved-super-rod-188-193
Charizard ex,Professor Turo's Scenario,1.0,PAR,$0.16,https://partner.tcgplayer.com/LIMITLESS?u=https%3A%2F%2Fwww.tcgplayer.com%2Fproduct%2F523852%2Fpokemon-sv04-paradox-rift-professor-turos-scenario
Charizard ex,Jacq,1.0,SVI,$0.13,https://partner.tcgplayer.com/LIMITLESS?u=https%3A%2F%2Fwww.tcgplayer.com%2Fproduct%2F488080%2Fsv01-scarlet-and-violet-base-set-jacq-175-198
Charizard ex,Briar,1.0,SCR,$0.09,https://partner.tcgplayer.com/LIMITLESS?u=https%3A%2F%2Fwww.tcgplayer.com%2Fproduct%2F567385%2Fpokemon-sv07-stellar-crown-briar-132-142
Charizard ex,Technical Machine: Evolution,1.0,PAR,$0.22,https://partner.tcgplayer.com/LIMITLESS?u=https%3A%2F%2Fwww.tcgplayer.com%2Fproduct%2F523859%2Fpokemon-sv04-paradox-rift-technical-machine-evolution
Charizard ex,Defiance Band,1.0,SVI,$0.17,https://partner.tcgplayer.com/LIMITLESS?u=https%3A%2F%2Fwww.tcgplayer.com%2Fproduct%2F488074%2Fsv01-scarlet-and-violet-base-set-defiance-band-169-198
Charizard ex,Night Stretcher,1.0,SFA,$2.78,https://partner.tcgplayer.com/LIMITLESS?u=https%3A%2F%2Fwww.tcgplayer.com%2Fproduct%2F560372%2Fpokemon-sv-shrouded-fable-night-stretcher
Charizard ex,Unfair Stamp,0.67,TWM,$3.28,https://partner.tcgplayer.com/LIMITLESS?u=https%3A%2F%2Fwww.tcgplayer.com%2Fproduct%2F550209%2Fpokemon-sv06-twilight-masquerade-unfair-stamp
Charizard ex,Artazon,0.67,PAL,$0.07,https://partner.tcgplayer.com/LIMITLESS?u=https%3A%2F%2Fwww.tcgplayer.com%2Fproduct%2F497541%2Fpokemon-sv02-paldea-evolved-artazon
Charizard ex,Rescue Board,0.33,TEF,$0.04,https://partner.tcgplayer.com/LIMITLESS?u=https%3A%2F%2Fwww.tcgplayer.com%2Fproduct%2F542677%2Fpokemon-sv05-temporal-forces-rescue-board
Charizard ex,Professor's Research,0.33,JTG,$0.03,https://partner.tcgplayer.com/LIMITLESS?u=https%3A%2F%2Fwww.tcgplayer.com%2Fproduct%2F623582%2Fpokemon-sv09-journey-together-professors-research
Charizard ex,Kieran,0.33,TWM,$0.02,https://partner.tcgplayer.com/LIMITLESS?u=https%3A%2F%2Fwww.tcgplayer.com%2Fproduct%2F550198%2Fpokemon-sv06-twilight-masquerade-kieran-154-167
Charizard ex,Pal Pad,0.33,SVI,$0.11,https://partner.tcgplayer.com/LIMITLESS?u=https%3A%2F%2Fwww.tcgplayer.com%2Fproduct%2F488088%2Fsv01-scarlet-and-violet-base-set-pal-pad-182-198
Charizard ex,Switch,0.33,SVI,$0.05,https://partner.tcgplayer.com/LIMITLESS?u=https%3A%2F%2Fwww.tcgplayer.com%2Fproduct%2F488102%2Fsv01-scarlet-and-violet-base-set-switch-194-198
Charizard ex,Grand Tree,0.33,SCR,$0.31,https://partner.tcgplayer.com/LIMITLESS?u=https%3A%2F%2Fwww.tcgplayer.com%2Fproduct%2F567397%2Fpokemon-sv07-stellar-crown-grand-tree
Charizard ex,Jamming Tower,0.33,TWM,$0.06,https://partner.tcgplayer.com/LIMITLESS?u=https%3A%2F%2Fwww.tcgplayer.com%2Fproduct%2F550197%2Fpokemon-sv06-twilight-masquerade-jamming-tower
Charizard ex,Fire Energy,6.33,SVE,$0.25,https://partner.tcgplayer.com/LIMITLESS?u=https%3A%2F%2Fwww.tcgplayer.com%2Fproduct%2F578863%2Fpokemon-sv07-stellar-crown-basic-fire-energy
Charizard ex,Mist Energy,0.33,TEF,$0.06,https://partner.tcgplayer.com/LIMITLESS?u=https%3A%2F%2Fwww.tcgplayer.com%2Fproduct%2F542681%2Fpokemon-sv05-temporal-forces-mist-energy
Arceus VSTAR,Arceus V,4.0,BRS,$6.80,https://partner.tcgplayer.com/LIMITLESS?u=https%3A%2F%2Fwww.tcgplayer.com%2Fproduct%2F257275%2Fswsh09-brilliant-stars-arceus-v
Arceus VSTAR,Arceus VSTAR,3.0,BRS,$12.54,https://partner.tcgplayer.com/LIMITLESS?u=https%3A%2F%2Fwww.tcgplayer.com%2Fproduct%2F257279%2Fswsh09-brilliant-stars-arceus-vstar
Arceus VSTAR,Armarouge,2.0,SVI,$0.22,https://partner.tcgplayer.com/LIMITLESS?u=https%3A%2F%2Fwww.tcgplayer.com%2Fproduct%2F487883%2Fsv01-scarlet-and-violet-base-set-armarouge-041-198
Arceus VSTAR,Charcadet,1.0,SSP,$0.12,https://partner.tcgplayer.com/LIMITLESS?u=https%3A%2F%2Fwww.tcgplayer.com%2Fproduct%2F589896%2Fpokemon-sv08-surging-sparks-charcadet-032-191
Arceus VSTAR,Delphox V,1.0,LOR,$0.54,https://partner.tcgplayer.com/LIMITLESS?u=https%3A%2F%2Fwww.tcgplayer.com%2Fproduct%2F283898%2Fswsh11-lost-origin-delphox-v
Arceus VSTAR,Hearthflame Mask Ogerpon ex,1.0,TWM,$0.53,https://partner.tcgplayer.com/LIMITLESS?u=https%3A%2F%2Fwww.tcgplayer.com%2Fproduct%2F550084%2Fpokemon-sv06-twilight-masquerade-hearthflame-mask-ogerpon-ex-040-167
Arceus VSTAR,Mew ex,1.0,MEW,$7.70,https://partner.tcgplayer.com/LIMITLESS?u=https%3A%2F%2Fwww.tcgplayer.com%2Fproduct%2F516566%2Fpokemon-sv-scarlet-and-violet-151-mew-ex-151-165
Arceus VSTAR,Fezandipiti ex,1.0,SFA,$12.94,https://partner.tcgplayer.com/LIMITLESS?u=https%3A%2F%2Fwww.tcgplayer.com%2Fproduct%2F560348%2Fpokemon-sv-shrouded-fable-fezandipiti-ex-038-064
Arceus VSTAR,Regigigas,1.0,PRE,$0.12,https://partner.tcgplayer.com/LIMITLESS?u=https%3A%2F%2Fwww.tcgplayer.com%2Fproduct%2F610441%2Fpokemon-sv-prismatic-evolutions-regigigas
Arceus VSTAR,Munkidori,1.0,TWM,$0.57,https://partner.tcgplayer.com/LIMITLESS?u=https%3A%2F%2Fwww.tcgplayer.com%2Fproduct%2F550139%2Fpokemon-sv06-twilight-masquerade-munkidori
Arceus VSTAR,Iron Bundle,1.0,PAR,$0.14,https://partner.tcgplayer.com/LIMITLESS?u=https%3A%2F%2Fwww.tcgplayer.com%2Fproduct%2F523666%2Fpokemon-sv04-paradox-rift-iron-bundle
Arceus VSTAR,Iron Hands ex,0.67,PAR,$1.53,https://partner.tcgplayer.com/LIMITLESS?u=https%3A%2F%2Fwww.tcgplayer.com%2Fproduct%2F523706%2Fpokemon-sv04-paradox-rift-iron-hands-ex-070-182
Arceus VSTAR,Radiant Charizard,0.67,CRZ,$2.31,https://partner.tcgplayer.com/LIMITLESS?u=https%3A%2F%2Fwww.tcgplayer.com%2Fproduct%2F478098%2Fcrown-zenith-radiant-charizard
Arceus VSTAR,Charcadet,0.67,SVI,$0.06,https://partner.tcgplayer.com/LIMITLESS?u=https%3A%2F%2Fwww.tcgplayer.com%2Fproduct%2F487882%2Fsv01-scarlet-and-violet-base-set-charcadet-040-198
Arceus VSTAR,Radiant Heatran,0.33,ASR,$0.14,https://partner.tcgplayer.com/LIMITLESS?u=https%3A%2F%2Fwww.tcgplayer.com%2Fproduct%2F272227%2Fswsh10-astral-radiance-radiant-heatran
Arceus VSTAR,Charcadet,0.33,OBF,$0.01,https://partner.tcgplayer.com/LIMITLESS?u=https%3A%2F%2Fwww.tcgplayer.com%2Fproduct%2F509755%2Fpokemon-sv03-obsidian-flames-charcadet
Arceus VSTAR,Lumineon V,0.33,BRS,$0.47,https://partner.tcgplayer.com/LIMITLESS?u=https%3A%2F%2Fwww.tcgplayer.com%2Fproduct%2F263740%2Fswsh09-brilliant-stars-lumineon-v
Arceus VSTAR,Gouging Fire ex,0.33,TEF,$0.19,https://partner.tcgplayer.com/LIMITLESS?u=https%3A%2F%2Fwww.tcgplayer.com%2Fproduct%2F542782%2Fpokemon-sv05-temporal-forces-gouging-fire-ex-038-162
Arceus VSTAR,Nest Ball,4.0,SVI,$1.28,https://partner.tcgplayer.com/LIMITLESS?u=https%3A%2F%2Fwww.tcgplayer.com%2Fproduct%2F488087%2Fsv01-scarlet-and-violet-base-set-nest-ball-181-198
Arceus VSTAR,Ultra Ball,4.0,SVI,$0.80,https://partner.tcgplayer.com/LIMITLESS?u=https%3A%2F%2Fwww.tcgplayer.com%2Fproduct%2F488105%2Fsv01-scarlet-and-violet-base-set-ultra-ball-196-198
Arceus VSTAR,Iono,3.67,PAL,$1.24,https://partner.tcgplayer.com/LIMITLESS?u=https%3A%2F%2Fwww.tcgplayer.com%2Fproduct%2F497557%2Fpokemon-sv02-paldea-evolved-iono-185-193
Arceus VSTAR,Professor's Research,3.33,JTG,$0.33,https://partner.tcgplayer.com/LIMITLESS?u=https%3A%2F%2Fwww.tcgplayer.com%2Fproduct%2F623582%2Fpokemon-sv09-journey-together-professors-research
Arceus VSTAR,Magma Basin,3.0,BRS,$0.27,https://partner.tcgplayer.com/LIMITLESS?u=https%3A%2F%2Fwww.tcgplayer.com%2Fproduct%2F257310%2Fswsh09-brilliant-stars-magma-basin
Arceus VSTAR,Boss's Orders,2.33,PAL,$2.86,https://partner.tcgplayer.com/LIMITLESS?u=https%3A%2F%2Fwww.tcgplayer.com%2Fproduct%2F497544%2Fpokemon-sv02-paldea-evolved-bosss-orders-172-193
Arceus VSTAR,Night Stretcher,2.0,SFA,$5.56,https://partner.tcgplayer.com/LIMITLESS?u=https%3A%2F%2Fwww.tcgplayer.com%2Fproduct%2F560372%2Fpokemon-sv-shrouded-fable-night-stretcher
Arceus VSTAR,Counter Catcher,1.33,PAR,$2.26,https://partner.tcgplayer.com/LIMITLESS?u=https%3A%2F%2Fwww.tcgplayer.com%2Fproduct%2F523841%2Fpokemon-sv04-paradox-rift-counter-catcher
Arceus VSTAR,Switch,1.0,SVI,$0.16,https://partner.tcgplayer.com/LIMITLESS?u=https%3A%2F%2Fwww.tcgplayer.com%2Fproduct%2F488102%2Fsv01-scarlet-and-violet-base-set-switch-194-198
Arceus VSTAR,Maximum Belt,0.67,TEF,$1.21,https://partner.tcgplayer.com/LIMITLESS?u=https%3A%2F%2Fwww.tcgplayer.com%2Fproduct%2F542670%2Fpokemon-sv05-temporal-forces-maximum-belt
Arceus VSTAR,Thorton,0.33,LOR,$0.02,https://partner.tcgplayer.com/LIMITLESS?u=https%3A%2F%2Fwww.tcgplayer.com%2Fproduct%2F284100%2Fswsh11-lost-origin-thorton
Arceus VSTAR,Secret Box,0.33,TWM,$1.40,https://partner.tcgplayer.com/LIMITLESS?u=https%3A%2F%2Fwww.tcgplayer.com%2Fproduct%2F550207%2Fpokemon-sv06-twilight-masquerade-secret-box
Arceus VSTAR,Counter Gain,0.33,SSP,$0.04,https://partner.tcgplayer.com/LIMITLESS?u=https%3A%2F%2Fwww.tcgplayer.com%2Fproduct%2F589907%2Fpokemon-sv08-surging-sparks-counter-gain
Arceus VSTAR,Fire Energy,6.33,SVE,$0.25,https://partner.tcgplayer.com/LIMITLESS?u=https%3A%2F%2Fwww.tcgplayer.com%2Fproduct%2F578863%2Fpokemon-sv07-stellar-crown-basic-fire-energy
Arceus VSTAR,Double Turbo Energy,3.0,BRS,$0.69,https://partner.tcgplayer.com/LIMITLESS?u=https%3A%2F%2Fwww.tcgplayer.com%2Fproduct%2F257307%2Fswsh09-brilliant-stars-double-turbo-energy
Arceus VSTAR,Luminous Energy,3.0,PAL,$0.57,https://partner.tcgplayer.com/LIMITLESS?u=https%3A%2F%2Fwww.tcgplayer.com%2Fproduct%2F497564%2Fpokemon-sv02-paldea-evolved-luminous-energy
Arceus VSTAR,Jet Energy,1.0,PAL,$0.24,https://partner.tcgplayer.com/LIMITLESS?u=https%3A%2F%2Fwww.tcgplayer.com%2Fproduct%2F497563%2Fpokemon-sv02-paldea-evolved-jet-energy
Giratina VSTAR,Comfey,4.0,LOR,$0.76,https://partner.tcgplayer.com/LIMITLESS?u=https%3A%2F%2Fwww.tcgplayer.com%2Fproduct%2F283960%2Fswsh11-lost-origin-comfey
Giratina VSTAR,Giratina V,2.5,LOR,$2.85,https://partner.tcgplayer.com/LIMITLESS?u=https%3A%2F%2Fwww.tcgplayer.com%2Fproduct%2F284050%2Fswsh11-lost-origin-giratina-v
Giratina VSTAR,Giratina VSTAR,2.5,LOR,$3.82,https://partner.tcgplayer.com/LIMITLESS?u=https%3A%2F%2Fwww.tcgplayer.com%2Fproduct%2F284051%2Fswsh11-lost-origin-giratina-vstar
Giratina VSTAR,Cramorant,1.0,LOR,$0.14,https://partner.tcgplayer.com/LIMITLESS?u=https%3A%2F%2Fwww.tcgplayer.com%2Fproduct%2F283924%2Fswsh11-lost-origin-cramorant
Giratina VSTAR,Radiant Greninja,1.0,ASR,$1.20,https://partner.tcgplayer.com/LIMITLESS?u=https%3A%2F%2Fwww.tcgplayer.com%2Fproduct%2F272246%2Fswsh10-astral-radiance-radiant-greninja
Giratina VSTAR,Sableye,1.0,LOR,$0.34,https://partner.tcgplayer.com/LIMITLESS?u=https%3A%2F%2Fwww.tcgplayer.com%2Fproduct%2F283946%2Fswsh11-lost-origin-sableye
Giratina VSTAR,Spiritomb,1.0,PAL,$0.13,https://partner.tcgplayer.com/LIMITLESS?u=https%3A%2F%2Fwww.tcgplayer.com%2Fproduct%2F497504%2Fpokemon-sv02-paldea-evolved-spiritomb
Giratina VSTAR,Bloodmoon Ursaluna ex,1.0,TWM,$1.95,https://partner.tcgplayer.com/LIMITLESS?u=https%3A%2F%2Fwww.tcgplayer.com%2Fproduct%2F550185%2Fpokemon-sv06-twilight-masquerade-bloodmoon-ursaluna-ex-141-167
Giratina VSTAR,Iron Leaves ex,0.5,TEF,$0.52,https://partner.tcgplayer.com/LIMITLESS?u=https%3A%2F%2Fwww.tcgplayer.com%2Fproduct%2F542769%2Fpokemon-sv05-temporal-forces-iron-leaves-ex-025-162
Giratina VSTAR,Manaphy,0.5,BRS,$0.37,https://partner.tcgplayer.com/LIMITLESS?u=https%3A%2F%2Fwww.tcgplayer.com%2Fproduct%2F263741%2Fswsh09-brilliant-stars-manaphy
Giratina VSTAR,Colress's Experiment,4.0,LOR,$0.28,https://partner.tcgplayer.com/LIMITLESS?u=https%3A%2F%2Fwww.tcgplayer.com%2Fproduct%2F284085%2Fswsh11-lost-origin-colresss-experiment
Giratina VSTAR,Mirage Gate,4.0,LOR,$0.28,https://partner.tcgplayer.com/LIMITLESS?u=https%3A%2F%2Fwww.tcgplayer.com%2Fproduct%2F282257%2Fswsh11-lost-origin-mirage-gate
Giratina VSTAR,Nest Ball,3.5,SVI,$1.12,https://partner.tcgplayer.com/LIMITLESS?u=https%3A%2F%2Fwww.tcgplayer.com%2Fproduct%2F488087%2Fsv01-scarlet-and-violet-base-set-nest-ball-181-198
Giratina VSTAR,Super Rod,3.5,PAL,$1.15,https://partner.tcgplayer.com/LIMITLESS?u=https%3A%2F%2Fwww.tcgplayer.com%2Fproduct%2F497560%2Fpokemon-sv02-paldea-evolved-super-rod-188-193
Giratina VSTAR,Buddy-Buddy Poffin,2.5,TEF,$1.22,https://partner.tcgplayer.com/LIMITLESS?u=https%3A%2F%2Fwww.tcgplayer.com%2Fproduct%2F542659%2Fpokemon-sv05-temporal-forces-buddy-buddy-poffin
Giratina VSTAR,Counter Catcher,2.0,PAR,$3.40,https://partner.tcgplayer.com/LIMITLESS?u=https%3A%2F%2Fwww.tcgplayer.com%2Fproduct%2F523841%2Fpokemon-sv04-paradox-rift-counter-catcher
Giratina VSTAR,Switch,2.0,SVI,$0.32,https://partner.tcgplayer.com/LIMITLESS?u=https%3A%2F%2Fwww.tcgplayer.com%2Fproduct%2F488102%2Fsv01-scarlet-and-violet-base-set-switch-194-198
Giratina VSTAR,Switch Cart,2.0,ASR,$0.62,https://partner.tcgplayer.com/LIMITLESS?u=https%3A%2F%2Fwww.tcgplayer.com%2Fproduct%2F272406%2Fswsh10-astral-radiance-switch-cart
Giratina VSTAR,Roxanne,1.5,ASR,$0.10,https://partner.tcgplayer.com/LIMITLESS?u=https%3A%2F%2Fwww.tcgplayer.com%2Fproduct%2F272402%2Fswsh10-astral-radiance-roxanne
Giratina VSTAR,Boss's Orders,1.5,PAL,$1.84,https://partner.tcgplayer.com/LIMITLESS?u=https%3A%2F%2Fwww.tcgplayer.com%2Fproduct%2F497544%2Fpokemon-sv02-paldea-evolved-bosss-orders-172-193
Giratina VSTAR,Lost Vacuum,1.0,LOR,$0.06,https://partner.tcgplayer.com/LIMITLESS?u=https%3A%2F%2Fwww.tcgplayer.com%2Fproduct%2F284094%2Fswsh11-lost-origin-lost-vacuum
Giratina VSTAR,Unfair Stamp,1.0,TWM,$4.90,https://partner.tcgplayer.com/LIMITLESS?u=https%3A%2F%2Fwww.tcgplayer.com%2Fproduct%2F550209%2Fpokemon-sv06-twilight-masquerade-unfair-stamp
Giratina VSTAR,Forest Seal Stone,0.5,SIT,$0.37,https://partner.tcgplayer.com/LIMITLESS?u=https%3A%2F%2Fwww.tcgplayer.com%2Fproduct%2F451804%2Fswsh12-silver-tempest-forest-seal-stone
Giratina VSTAR,Rescue Board,0.5,TEF,$0.07,https://partner.tcgplayer.com/LIMITLESS?u=https%3A%2F%2Fwww.tcgplayer.com%2Fproduct%2F542677%2Fpokemon-sv05-temporal-forces-rescue-board
Giratina VSTAR,Artazon,0.5,PAL,$0.05,https://partner.tcgplayer.com/LIMITLESS?u=https%3A%2F%2Fwww.tcgplayer.com%2Fproduct%2F497541%2Fpokemon-sv02-paldea-evolved-artazon
Giratina VSTAR,Hisuian Heavy Ball,0.5,ASR,$0.19,https://partner.tcgplayer.com/LIMITLESS?u=https%3A%2F%2Fwww.tcgplayer.com%2Fproduct%2F272398%2Fswsh10-astral-radiance-hisuian-heavy-ball
Giratina VSTAR,Pokégear 3.0,0.5,SVI,$0.93,https://partner.tcgplayer.com/LIMITLESS?u=https%3A%2F%2Fwww.tcgplayer.com%2Fproduct%2F488092%2Fsv01-scarlet-and-violet-base-set-pokegear-30-186-198
Giratina VSTAR,Technical Machine: Devolution,0.5,PAR,$0.08,https://partner.tcgplayer.com/LIMITLESS?u=https%3A%2F%2Fwww.tcgplayer.com%2Fproduct%2F523858%2Fpokemon-sv04-paradox-rift-technical-machine-devolution
Giratina VSTAR,Temple of Sinnoh,0.5,ASR,$0.08,https://partner.tcgplayer.com/LIMITLESS?u=https%3A%2F%2Fwww.tcgplayer.com%2Fproduct%2F272407%2Fswsh10-astral-radiance-temple-of-sinnoh
Giratina VSTAR,Psychic Energy,3.5,SVE,$0.17,https://partner.tcgplayer.com/LIMITLESS?u=https%3A%2F%2Fwww.tcgplayer.com%2Fproduct%2F578865%2Fpokemon-sv07-stellar-crown-basic-psychic-energy
Giratina VSTAR,Jet Energy,3.5,PAL,$0.84,https://partner.tcgplayer.com/LIMITLESS?u=https%3A%2F%2Fwww.tcgplayer.com%2Fproduct%2F497563%2Fpokemon-sv02-paldea-evolved-jet-energy
Giratina VSTAR,Grass Energy,3.0,SVE,$0.18,https://partner.tcgplayer.com/LIMITLESS?u=https%3A%2F%2Fwww.tcgplayer.com%2Fproduct%2F578864%2Fpokemon-sv07-stellar-crown-basic-grass-energy
Giratina VSTAR,Water Energy,3.0,SVE,$0.15,https://partner.tcgplayer.com/LIMITLESS?u=https%3A%2F%2Fwww.tcgplayer.com%2Fproduct%2F578862%2Fpokemon-sv07-stellar-crown-basic-water-energy
Chien-Pao Baxcalibur,Chien-Pao ex,2.25,PAL,$1.80,https://partner.tcgplayer.com/LIMITLESS?u=https%3A%2F%2Fwww.tcgplayer.com%2Fproduct%2F497472%2Fpokemon-sv02-paldea-evolved-chien-pao-ex-061-193
Chien-Pao Baxcalibur,Baxcalibur,2.08,PAL,$0.39,https://partner.tcgplayer.com/LIMITLESS?u=https%3A%2F%2Fwww.tcgplayer.com%2Fproduct%2F497471%2Fpokemon-sv02-paldea-evolved-baxcalibur-060-193
Chien-Pao Baxcalibur,Frigibax,1.75,PAL,$0.19,https://partner.tcgplayer.com/LIMITLESS?u=https%3A%2F%2Fwww.tcgplayer.com%2Fproduct%2F497468%2Fpokemon-sv02-paldea-evolved-frigibax-057-193
Chien-Pao Baxcalibur,Bidoof,1.58,CRZ,$0.12,https://partner.tcgplayer.com/LIMITLESS?u=https%3A%2F%2Fwww.tcgplayer.com%2Fproduct%2F478139%2Fcrown-zenith-bidoof
Chien-Pao Baxcalibur,Bibarel,1.58,BRS,$0.75,https://partner.tcgplayer.com/LIMITLESS?u=https%3A%2F%2Fwww.tcgplayer.com%2Fproduct%2F263846%2Fswsh09-brilliant-stars-bibarel
Chien-Pao Baxcalibur,Frigibax,1.25,PAF,$0.08,https://partner.tcgplayer.com/LIMITLESS?u=https%3A%2F%2Fwww.tcgplayer.com%2Fproduct%2F534161%2Fpokemon-sv-paldean-fates-frigibax-017-091
Chien-Pao Baxcalibur,Radiant Greninja,1.0,ASR,$1.20,https://partner.tcgplayer.com/LIMITLESS?u=https%3A%2F%2Fwww.tcgplayer.com%2Fproduct%2F272246%2Fswsh10-astral-radiance-radiant-greninja
Chien-Pao Baxcalibur,Fezandipiti ex,0.83,SFA,$10.74,https://partner.tcgplayer.com/LIMITLESS?u=https%3A%2F%2Fwww.tcgplayer.com%2Fproduct%2F560348%2Fpokemon-sv-shrouded-fable-fezandipiti-ex-038-064
Chien-Pao Baxcalibur,Iron Hands ex,0.58,PAR,$1.32,https://partner.tcgplayer.com/LIMITLESS?u=https%3A%2F%2Fwww.tcgplayer.com%2Fproduct%2F523706%2Fpokemon-sv04-paradox-rift-iron-hands-ex-070-182
Chien-Pao Baxcalibur,Kyogre,0.5,CRZ,$0.11,https://partner.tcgplayer.com/LIMITLESS?u=https%3A%2F%2Fwww.tcgplayer.com%2Fproduct%2F478135%2Fcrown-zenith-kyogre
Chien-Pao Baxcalibur,Origin Forme Palkia V,0.42,ASR,$0.28,https://partner.tcgplayer.com/LIMITLESS?u=https%3A%2F%2Fwww.tcgplayer.com%2Fproduct%2F272239%2Fswsh10-astral-radiance-origin-forme-palkia-v
Chien-Pao Baxcalibur,Origin Forme Palkia VSTAR,0.42,ASR,$0.44,https://partner.tcgplayer.com/LIMITLESS?u=https%3A%2F%2Fwww.tcgplayer.com%2Fproduct%2F272240%2Fswsh10-astral-radiance-origin-forme-palkia-vstar
Chien-Pao Baxcalibur,Iron Bundle,0.33,PAR,$0.04,https://partner.tcgplayer.com/LIMITLESS?u=https%3A%2F%2Fwww.tcgplayer.com%2Fproduct%2F523666%2Fpokemon-sv04-paradox-rift-iron-bundle
Chien-Pao Baxcalibur,Dunsparce,0.33,TEF,$0.02,https://partner.tcgplayer.com/LIMITLESS?u=https%3A%2F%2Fwww.tcgplayer.com%2Fproduct%2F542872%2Fpokemon-sv05-temporal-forces-dunsparce
Chien-Pao Baxcalibur,Dudunsparce,0.33,TEF,$0.09,https://partner.tcgplayer.com/LIMITLESS?u=https%3A%2F%2Fwww.tcgplayer.com%2Fproduct%2F542873%2Fpokemon-sv05-temporal-forces-dudunsparce
Chien-Pao Baxcalibur,Lumineon V,0.25,BRS,$0.35,https://partner.tcgplayer.com/LIMITLESS?u=https%3A%2F%2Fwww.tcgplayer.com%2Fproduct%2F263740%2Fswsh09-brilliant-stars-lumineon-v
Chien-Pao Baxcalibur,Froakie,0.25,OBF,$0.01,https://partner.tcgplayer.com/LIMITLESS?u=https%3A%2F%2Fwww.tcgplayer.com%2Fproduct%2F509803%2Fpokemon-sv03-obsidian-flames-froakie
Chien-Pao Baxcalibur,Greninja ex,0.25,TWM,$0.33,https://partner.tcgplayer.com/LIMITLESS?u=https%3A%2F%2Fwww.tcgplayer.com%2Fproduct%2F550150%2Fpokemon-sv06-twilight-masquerade-greninja-ex-106-167
Chien-Pao Baxcalibur,Manaphy,0.25,BRS,$0.18,https://partner.tcgplayer.com/LIMITLESS?u=https%3A%2F%2Fwww.tcgplayer.com%2Fproduct%2F263741%2Fswsh09-brilliant-stars-manaphy
Chien-Pao Baxcalibur,Arctibax,0.17,PAL,$0.01,https://partner.tcgplayer.com/LIMITLESS?u=https%3A%2F%2Fwww.tcgplayer.com%2Fproduct%2F497470%2Fpokemon-sv02-paldea-evolved-arctibax-059-193
Chien-Pao Baxcalibur,Ditto,0.17,MEW,$0.05,https://partner.tcgplayer.com/LIMITLESS?u=https%3A%2F%2Fwww.tcgplayer.com%2Fproduct%2F516695%2Fpokemon-sv-scarlet-and-violet-151-ditto
Chien-Pao Baxcalibur,Frigibax,0.08,PAL,$0.00,https://partner.tcgplayer.com/LIMITLESS?u=https%3A%2F%2Fwww.tcgplayer.com%2Fproduct%2F497469%2Fpokemon-sv02-paldea-evolved-frigibax-058-193
Chien-Pao Baxcalibur,Rotom V,0.08,LOR,$0.08,https://partner.tcgplayer.com/LIMITLESS?u=https%3A%2F%2Fwww.tcgplayer.com%2Fproduct%2F283932%2Fswsh11-lost-origin-rotom-v
Chien-Pao Baxcalibur,Irida,4.0,ASR,$6.60,https://partner.tcgplayer.com/LIMITLESS?u=https%3A%2F%2Fwww.tcgplayer.com%2Fproduct%2F272399%2Fswsh10-astral-radiance-irida
Chien-Pao Baxcalibur,Superior Energy Retrieval,4.0,PAL,$1.76,https://partner.tcgplayer.com/LIMITLESS?u=https%3A%2F%2Fwww.tcgplayer.com%2Fproduct%2F497562%2Fpokemon-sv02-paldea-evolved-superior-energy-retrieval-189-193
Chien-Pao Baxcalibur,Buddy-Buddy Poffin,3.92,TEF,$1.92,https://partner.tcgplayer.com/LIMITLESS?u=https%3A%2F%2Fwww.tcgplayer.com%2Fproduct%2F542659%2Fpokemon-sv05-temporal-forces-buddy-buddy-poffin
Chien-Pao Baxcalibur,Nest Ball,3.75,SVI,$1.20,https://partner.tcgplayer.com/LIMITLESS?u=https%3A%2F%2Fwww.tcgplayer.com%2Fproduct%2F488087%2Fsv01-scarlet-and-violet-base-set-nest-ball-181-198
Chien-Pao Baxcalibur,Ultra Ball,3.33,SVI,$0.66,https://partner.tcgplayer.com/LIMITLESS?u=https%3A%2F%2Fwww.tcgplayer.com%2Fproduct%2F488105%2Fsv01-scarlet-and-violet-base-set-ultra-ball-196-198
Chien-Pao Baxcalibur,Rare Candy,3.33,SVI,$0.43,https://partner.tcgplayer.com/LIMITLESS?u=https%3A%2F%2Fwww.tcgplayer.com%2Fproduct%2F488098%2Fsv01-scarlet-and-violet-base-set-rare-candy-191-198
Chien-Pao Baxcalibur,PokéStop,1.92,PGO,$0.67,https://partner.tcgplayer.com/LIMITLESS?u=https%3A%2F%2Fwww.tcgplayer.com%2Fproduct%2F276996%2Fpokemon-go-pokestop
Chien-Pao Baxcalibur,Super Rod,1.67,PAL,$0.55,https://partner.tcgplayer.com/LIMITLESS?u=https%3A%2F%2Fwww.tcgplayer.com%2Fproduct%2F497560%2Fpokemon-sv02-paldea-evolved-super-rod-188-193
Chien-Pao Baxcalibur,Earthen Vessel,1.08,PAR,$0.37,https://partner.tcgplayer.com/LIMITLESS?u=https%3A%2F%2Fwww.tcgplayer.com%2Fproduct%2F523844%2Fpokemon-sv04-paradox-rift-earthen-vessel
Chien-Pao Baxcalibur,Iono,1.0,PAL,$0.34,https://partner.tcgplayer.com/LIMITLESS?u=https%3A%2F%2Fwww.tcgplayer.com%2Fproduct%2F497557%2Fpokemon-sv02-paldea-evolved-iono-185-193
Chien-Pao Baxcalibur,Canceling Cologne,0.92,ASR,$0.11,https://partner.tcgplayer.com/LIMITLESS?u=https%3A%2F%2Fwww.tcgplayer.com%2Fproduct%2F272388%2Fswsh10-astral-radiance-canceling-cologne
Chien-Pao Baxcalibur,Hisuian Heavy Ball,0.92,ASR,$0.34,https://partner.tcgplayer.com/LIMITLESS?u=https%3A%2F%2Fwww.tcgplayer.com%2Fproduct%2F272398%2Fswsh10-astral-radiance-hisuian-heavy-ball
Chien-Pao Baxcalibur,Prime Catcher,0.92,TEF,$2.52,https://partner.tcgplayer.com/LIMITLESS?u=https%3A%2F%2Fwww.tcgplayer.com%2Fproduct%2F542674%2Fpokemon-sv05-temporal-forces-prime-catcher
Chien-Pao Baxcalibur,Night Stretcher,0.92,SFA,$2.55,https://partner.tcgplayer.com/LIMITLESS?u=https%3A%2F%2Fwww.tcgplayer.com%2Fproduct%2F560372%2Fpokemon-sv-shrouded-fable-night-stretcher
Chien-Pao Baxcalibur,Boss's Orders,0.5,PAL,$0.61,https://partner.tcgplayer.com/LIMITLESS?u=https%3A%2F%2Fwww.tcgplayer.com%2Fproduct%2F497544%2Fpokemon-sv02-paldea-evolved-bosss-orders-172-193
Chien-Pao Baxcalibur,Cyllene,0.33,ASR,$0.02,https://partner.tcgplayer.com/LIMITLESS?u=https%3A%2F%2Fwww.tcgplayer.com%2Fproduct%2F272390%2Fswsh10-astral-radiance-cyllene
Chien-Pao Baxcalibur,Capturing Aroma,0.33,SIT,$0.03,https://partner.tcgplayer.com/LIMITLESS?u=https%3A%2F%2Fwww.tcgplayer.com%2Fproduct%2F451801%2Fswsh12-silver-tempest-capturing-aroma
Chien-Pao Baxcalibur,Great Ball,0.25,PAL,$0.02,https://partner.tcgplayer.com/LIMITLESS?u=https%3A%2F%2Fwww.tcgplayer.com%2Fproduct%2F497555%2Fpokemon-sv02-paldea-evolved-great-ball
Chien-Pao Baxcalibur,Pal Pad,0.17,SVI,$0.06,https://partner.tcgplayer.com/LIMITLESS?u=https%3A%2F%2Fwww.tcgplayer.com%2Fproduct%2F488088%2Fsv01-scarlet-and-violet-base-set-pal-pad-182-198
Chien-Pao Baxcalibur,Drayton,0.17,SSP,$0.02,https://partner.tcgplayer.com/LIMITLESS?u=https%3A%2F%2Fwww.tcgplayer.com%2Fproduct%2F589923%2Fpokemon-sv08-surging-sparks-drayton-174-191
Chien-Pao Baxcalibur,Thorton,0.17,LOR,$0.01,https://partner.tcgplayer.com/LIMITLESS?u=https%3A%2F%2Fwww.tcgplayer.com%2Fproduct%2F284100%2Fswsh11-lost-origin-thorton
Chien-Pao Baxcalibur,Counter Catcher,0.17,PAR,$0.28,https://partner.tcgplayer.com/LIMITLESS?u=https%3A%2F%2Fwww.tcgplayer.com%2Fproduct%2F523841%2Fpokemon-sv04-paradox-rift-counter-catcher
Chien-Pao Baxcalibur,Ciphermaniac's Codebreaking,0.08,TEF,$0.00,https://partner.tcgplayer.com/LIMITLESS?u=https%3A%2F%2Fwww.tcgplayer.com%2Fproduct%2F542660%2Fpokemon-sv05-temporal-forces-ciphermaniacs-codebreaking-145-162
Chien-Pao Baxcalibur,Lost Vacuum,0.08,LOR,$0.00,https://partner.tcgplayer.com/LIMITLESS?u=https%3A%2F%2Fwww.tcgplayer.com%2Fproduct%2F284094%2Fswsh11-lost-origin-lost-vacuum
Chien-Pao Baxcalibur,Unfair Stamp,0.08,TWM,$0.39,https://partner.tcgplayer.com/LIMITLESS?u=https%3A%2F%2Fwww.tcgplayer.com%2Fproduct%2F550209%2Fpokemon-sv06-twilight-masquerade-unfair-stamp
Chien-Pao Baxcalibur,Arven,0.08,OBF,$0.24,https://partner.tcgplayer.com/LIMITLESS?u=https%3A%2F%2Fwww.tcgplayer.com%2Fproduct%2F509778%2Fpokemon-sv03-obsidian-flames-arven
Chien-Pao Baxcalibur,Roxanne,0.08,ASR,$0.00,https://partner.tcgplayer.com/LIMITLESS?u=https%3A%2F%2Fwww.tcgplayer.com%2Fproduct%2F272402%2Fswsh10-astral-radiance-roxanne
Chien-Pao Baxcalibur,Forest Seal Stone,0.08,SIT,$0.05,https://partner.tcgplayer.com/LIMITLESS?u=https%3A%2F%2Fwww.tcgplayer.com%2Fproduct%2F451804%2Fswsh12-silver-tempest-forest-seal-stone
Chien-Pao Baxcalibur,Water Energy,8.0,SVE,$0.40,https://partner.tcgplayer.com/LIMITLESS?u=https%3A%2F%2Fwww.tcgplayer.com%2Fproduct%2F578862%2Fpokemon-sv07-stellar-crown-basic-water-energy
Chien-Pao Baxcalibur,Lightning Energy,0.58,SVE,$0.02,https://partner.tcgplayer.com/LIMITLESS?u=https%3A%2F%2Fwww.tcgplayer.com%2Fproduct%2F578866%2Fpokemon-sv07-stellar-crown-basic-lightning-energy
Chien-Pao Baxcalibur,Jet Energy,0.42,PAL,$0.10,https://partner.tcgplayer.com/LIMITLESS?u=https%3A%2F%2Fwww.tcgplayer.com%2Fproduct%2F497563%2Fpokemon-sv02-paldea-evolved-jet-energy
Miraidon ex,Miraidon ex,1.99,SVI,$1.13,https://partner.tcgplayer.com/LIMITLESS?u=https%3A%2F%2Fwww.tcgplayer.com%2Fproduct%2F475420%2Fsv01-scarlet-and-violet-base-set-miraidon-ex-081-198
Miraidon ex,Iron Hands ex,1.99,PAR,$4.55,https://partner.tcgplayer.com/LIMITLESS?u=https%3A%2F%2Fwww.tcgplayer.com%2Fproduct%2F523706%2Fpokemon-sv04-paradox-rift-iron-hands-ex-070-182
Miraidon ex,Magneton,1.06,SSP,$0.08,https://partner.tcgplayer.com/LIMITLESS?u=https%3A%2F%2Fwww.tcgplayer.com%2Fproduct%2F589993%2Fpokemon-sv08-surging-sparks-magneton
Miraidon ex,Raichu V,1.02,BRS,$1.72,https://partner.tcgplayer.com/LIMITLESS?u=https%3A%2F%2Fwww.tcgplayer.com%2Fproduct%2F263747%2Fswsh09-brilliant-stars-raichu-v
Miraidon ex,Fezandipiti ex,1.0,SFA,$12.94,https://partner.tcgplayer.com/LIMITLESS?u=https%3A%2F%2Fwww.tcgplayer.com%2Fproduct%2F560348%2Fpokemon-sv-shrouded-fable-fezandipiti-ex-038-064
Miraidon ex,Squawkabilly ex,1.0,PAL,$0.90,https://partner.tcgplayer.com/LIMITLESS?u=https%3A%2F%2Fwww.tcgplayer.com%2Fproduct%2F497590%2Fpokemon-sv02-paldea-evolved-squawkabilly-ex
Miraidon ex,Raikou V,0.98,BRS,$1.96,https://partner.tcgplayer.com/LIMITLESS?u=https%3A%2F%2Fwww.tcgplayer.com%2Fproduct%2F263754%2Fswsh09-brilliant-stars-raikou-v
Miraidon ex,Mew ex,0.96,MEW,$7.39,https://partner.tcgplayer.com/LIMITLESS?u=https%3A%2F%2Fwww.tcgplayer.com%2Fproduct%2F516566%2Fpokemon-sv-scarlet-and-violet-151-mew-ex-151-165
Miraidon ex,Lumineon V,0.96,BRS,$1.37,https://partner.tcgplayer.com/LIMITLESS?u=https%3A%2F%2Fwww.tcgplayer.com%2Fproduct%2F263740%2Fswsh09-brilliant-stars-lumineon-v
Miraidon ex,Iron Bundle,0.94,PAR,$0.13,https://partner.tcgplayer.com/LIMITLESS?u=https%3A%2F%2Fwww.tcgplayer.com%2Fproduct%2F523666%2Fpokemon-sv04-paradox-rift-iron-bundle
Miraidon ex,Pikachu ex,0.81,SSP,$5.16,https://partner.tcgplayer.com/LIMITLESS?u=https%3A%2F%2Fwww.tcgplayer.com%2Fproduct%2F590025%2Fpokemon-sv08-surging-sparks-pikachu-ex-057-191
Miraidon ex,Latias ex,0.81,SSP,$4.73,https://partner.tcgplayer.com/LIMITLESS?u=https%3A%2F%2Fwww.tcgplayer.com%2Fproduct%2F589983%2Fpokemon-sv08-surging-sparks-latias-ex-076-191
Miraidon ex,Rotom V,0.78,LOR,$0.87,https://partner.tcgplayer.com/LIMITLESS?u=https%3A%2F%2Fwww.tcgplayer.com%2Fproduct%2F283932%2Fswsh11-lost-origin-rotom-v
Miraidon ex,Zapdos,0.7,PGO,$0.22,https://partner.tcgplayer.com/LIMITLESS?u=https%3A%2F%2Fwww.tcgplayer.com%2Fproduct%2F276954%2Fpokemon-go-zapdos
Miraidon ex,Magnemite,0.6,PAL,$0.03,https://partner.tcgplayer.com/LIMITLESS?u=https%3A%2F%2Fwww.tcgplayer.com%2Fproduct%2F497476%2Fpokemon-sv02-paldea-evolved-magnemite
Miraidon ex,Magnemite,0.35,SSP,$0.01,https://partner.tcgplayer.com/LIMITLESS?u=https%3A%2F%2Fwww.tcgplayer.com%2Fproduct%2F589992%2Fpokemon-sv08-surging-sparks-magnemite
Miraidon ex,Bloodmoon Ursaluna ex,0.23,TWM,$0.44,https://partner.tcgplayer.com/LIMITLESS?u=https%3A%2F%2Fwww.tcgplayer.com%2Fproduct%2F550185%2Fpokemon-sv06-twilight-masquerade-bloodmoon-ursaluna-ex-141-167
Miraidon ex,Minior,0.12,PAR,$0.00,https://partner.tcgplayer.com/LIMITLESS?u=https%3A%2F%2Fwww.tcgplayer.com%2Fproduct%2F523769%2Fpokemon-sv04-paradox-rift-minior-099-182
Miraidon ex,Magnemite,0.06,MEW,$0.00,https://partner.tcgplayer.com/LIMITLESS?u=https%3A%2F%2Fwww.tcgplayer.com%2Fproduct%2F516648%2Fpokemon-sv-scarlet-and-violet-151-magnemite
Miraidon ex,Radiant Greninja,0.03,ASR,$0.03,https://partner.tcgplayer.com/LIMITLESS?u=https%3A%2F%2Fwww.tcgplayer.com%2Fproduct%2F272246%2Fswsh10-astral-radiance-radiant-greninja
Miraidon ex,Magnemite,0.03,SVI,$0.00,https://partner.tcgplayer.com/LIMITLESS?u=https%3A%2F%2Fwww.tcgplayer.com%2Fproduct%2F487916%2Fsv01-scarlet-and-violet-base-set-magnemite-063-198
Miraidon ex,Klefki,0.01,SVI,$0.00,https://partner.tcgplayer.com/LIMITLESS?u=https%3A%2F%2Fwww.tcgplayer.com%2Fproduct%2F486602%2Fsv01-scarlet-and-violet-base-set-klefki-096-198
Miraidon ex,Budew,0.01,PRE,$0.00,https://partner.tcgplayer.com/LIMITLESS?u=https%3A%2F%2Fwww.tcgplayer.com%2Fproduct%2F610359%2Fpokemon-sv-prismatic-evolutions-budew
Miraidon ex,Iron Thorns ex,0.01,TWM,$0.00,https://partner.tcgplayer.com/LIMITLESS?u=https%3A%2F%2Fwww.tcgplayer.com%2Fproduct%2F550121%2Fpokemon-sv06-twilight-masquerade-iron-thorns-ex-077-167
Miraidon ex,Electric Generator,4.0,SVI,$0.28,https://partner.tcgplayer.com/LIMITLESS?u=https%3A%2F%2Fwww.tcgplayer.com%2Fproduct%2F488075%2Fsv01-scarlet-and-violet-base-set-electric-generator-170-198
Miraidon ex,Nest Ball,3.95,SVI,$1.26,https://partner.tcgplayer.com/LIMITLESS?u=https%3A%2F%2Fwww.tcgplayer.com%2Fproduct%2F488087%2Fsv01-scarlet-and-violet-base-set-nest-ball-181-198
Miraidon ex,Arven,3.74,OBF,$11.25,https://partner.tcgplayer.com/LIMITLESS?u=https%3A%2F%2Fwww.tcgplayer.com%2Fproduct%2F509778%2Fpokemon-sv03-obsidian-flames-arven
Miraidon ex,Boss's Orders,3.0,PAL,$3.69,https://partner.tcgplayer.com/LIMITLESS?u=https%3A%2F%2Fwww.tcgplayer.com%2Fproduct%2F497544%2Fpokemon-sv02-paldea-evolved-bosss-orders-172-193
Miraidon ex,Ultra Ball,2.95,SVI,$0.59,https://partner.tcgplayer.com/LIMITLESS?u=https%3A%2F%2Fwww.tcgplayer.com%2Fproduct%2F488105%2Fsv01-scarlet-and-violet-base-set-ultra-ball-196-198
Miraidon ex,Area Zero Underdepths,1.56,SCR,$0.18,https://partner.tcgplayer.com/LIMITLESS?u=https%3A%2F%2Fwww.tcgplayer.com%2Fproduct%2F567384%2Fpokemon-sv07-stellar-crown-area-zero-underdepths-131-142
Miraidon ex,Switch Cart,1.09,ASR,$0.33,https://partner.tcgplayer.com/LIMITLESS?u=https%3A%2F%2Fwww.tcgplayer.com%2Fproduct%2F272406%2Fswsh10-astral-radiance-switch-cart
Miraidon ex,Forest Seal Stone,1.08,SIT,$0.79,https://partner.tcgplayer.com/LIMITLESS?u=https%3A%2F%2Fwww.tcgplayer.com%2Fproduct%2F451804%2Fswsh12-silver-tempest-forest-seal-stone
Miraidon ex,Rescue Board,0.98,TEF,$0.13,https://partner.tcgplayer.com/LIMITLESS?u=https%3A%2F%2Fwww.tcgplayer.com%2Fproduct%2F542677%2Fpokemon-sv05-temporal-forces-rescue-board
Miraidon ex,Hisuian Heavy Ball,0.81,ASR,$0.30,https://partner.tcgplayer.com/LIMITLESS?u=https%3A%2F%2Fwww.tcgplayer.com%2Fproduct%2F272398%2Fswsh10-astral-radiance-hisuian-heavy-ball
Miraidon ex,Bravery Charm,0.8,PAL,$0.48,https://partner.tcgplayer.com/LIMITLESS?u=https%3A%2F%2Fwww.tcgplayer.com%2Fproduct%2F497545%2Fpokemon-sv02-paldea-evolved-bravery-charm
Miraidon ex,Secret Box,0.78,TWM,$3.32,https://partner.tcgplayer.com/LIMITLESS?u=https%3A%2F%2Fwww.tcgplayer.com%2Fproduct%2F550207%2Fpokemon-sv06-twilight-masquerade-secret-box
Miraidon ex,Night Stretcher,0.68,SFA,$1.89,https://partner.tcgplayer.com/LIMITLESS?u=https%3A%2F%2Fwww.tcgplayer.com%2Fproduct%2F560372%2Fpokemon-sv-shrouded-fable-night-stretcher
Miraidon ex,Professor's Research,0.33,JTG,$0.03,https://partner.tcgplayer.com/LIMITLESS?u=https%3A%2F%2Fwww.tcgplayer.com%2Fproduct%2F623582%2Fpokemon-sv09-journey-together-professors-research
Miraidon ex,Super Rod,0.31,PAL,$0.10,https://partner.tcgplayer.com/LIMITLESS?u=https%3A%2F%2Fwww.tcgplayer.com%2Fproduct%2F497560%2Fpokemon-sv02-paldea-evolved-super-rod-188-193
Miraidon ex,Prime Catcher,0.21,TEF,$0.57,https://partner.tcgplayer.com/LIMITLESS?u=https%3A%2F%2Fwww.tcgplayer.com%2Fproduct%2F542674%2Fpokemon-sv05-temporal-forces-prime-catcher
Miraidon ex,Defiance Band,0.19,SVI,$0.03,https://partner.tcgplayer.com/LIMITLESS?u=https%3A%2F%2Fwww.tcgplayer.com%2Fproduct%2F488074%2Fsv01-scarlet-and-violet-base-set-defiance-band-169-198
Miraidon ex,Lost Vacuum,0.18,LOR,$0.01,https://partner.tcgplayer.com/LIMITLESS?u=https%3A%2F%2Fwww.tcgplayer.com%2Fproduct%2F284094%2Fswsh11-lost-origin-lost-vacuum
Miraidon ex,Counter Catcher,0.16,PAR,$0.27,https://partner.tcgplayer.com/LIMITLESS?u=https%3A%2F%2Fwww.tcgplayer.com%2Fproduct%2F523841%2Fpokemon-sv04-paradox-rift-counter-catcher
Miraidon ex,Canceling Cologne,0.13,ASR,$0.01,https://partner.tcgplayer.com/LIMITLESS?u=https%3A%2F%2Fwww.tcgplayer.com%2Fproduct%2F272388%2Fswsh10-astral-radiance-canceling-cologne
Miraidon ex,Iono,0.1,PAL,$0.03,https://partner.tcgplayer.com/LIMITLESS?u=https%3A%2F%2Fwww.tcgplayer.com%2Fproduct%2F497557%2Fpokemon-sv02-paldea-evolved-iono-185-193
Miraidon ex,Town Store,0.07,OBF,$0.01,https://partner.tcgplayer.com/LIMITLESS?u=https%3A%2F%2Fwww.tcgplayer.com%2Fproduct%2F509788%2Fpokemon-sv03-obsidian-flames-town-store
Miraidon ex,Pokémon Catcher,0.06,SVI,$0.00,https://partner.tcgplayer.com/LIMITLESS?u=https%3A%2F%2Fwww.tcgplayer.com%2Fproduct%2F488093%2Fsv01-scarlet-and-violet-base-set-pokemon-catcher-187-198
Miraidon ex,Future Booster Energy Capsule,0.05,TEF,$0.00,https://partner.tcgplayer.com/LIMITLESS?u=https%3A%2F%2Fwww.tcgplayer.com%2Fproduct%2F542664%2Fpokemon-sv05-temporal-forces-future-booster-energy-capsule
Miraidon ex,Energy Sticker,0.05,MEW,$0.00,https://partner.tcgplayer.com/LIMITLESS?u=https%3A%2F%2Fwww.tcgplayer.com%2Fproduct%2F516721%2Fpokemon-sv-scarlet-and-violet-151-energy-sticker
Miraidon ex,Irida,0.04,ASR,$0.06,https://partner.tcgplayer.com/LIMITLESS?u=https%3A%2F%2Fwww.tcgplayer.com%2Fproduct%2F272399%2Fswsh10-astral-radiance-irida
Miraidon ex,Exp. Share,0.04,SVI,$0.00,https://partner.tcgplayer.com/LIMITLESS?u=https%3A%2F%2Fwww.tcgplayer.com%2Fproduct%2F488079%2Fsv01-scarlet-and-violet-base-set-exp-share-174-198
Miraidon ex,Heavy Baton,0.02,TEF,$0.00,https://partner.tcgplayer.com/LIMITLESS?u=https%3A%2F%2Fwww.tcgplayer.com%2Fproduct%2F542666%2Fpokemon-sv05-temporal-forces-heavy-baton
Miraidon ex,Judge,0.02,SVI,$0.00,https://partner.tcgplayer.com/LIMITLESS?u=https%3A%2F%2Fwww.tcgplayer.com%2Fproduct%2F488081%2Fsv01-scarlet-and-violet-base-set-judge-176-198
Miraidon ex,Roxanne,0.02,ASR,$0.00,https://partner.tcgplayer.com/LIMITLESS?u=https%3A%2F%2Fwww.tcgplayer.com%2Fproduct%2F272402%2Fswsh10-astral-radiance-roxanne
Miraidon ex,Carmine,0.02,TWM,$0.00,https://partner.tcgplayer.com/LIMITLESS?u=https%3A%2F%2Fwww.tcgplayer.com%2Fproduct%2F550189%2Fpokemon-sv06-twilight-masquerade-carmine-145-167
Miraidon ex,Thorton,0.02,LOR,$0.00,https://partner.tcgplayer.com/LIMITLESS?u=https%3A%2F%2Fwww.tcgplayer.com%2Fproduct%2F284100%2Fswsh11-lost-origin-thorton
Miraidon ex,Academy at Night,0.01,SFA,$0.00,https://partner.tcgplayer.com/LIMITLESS?u=https%3A%2F%2Fwww.tcgplayer.com%2Fproduct%2F560365%2Fpokemon-sv-shrouded-fable-academy-at-night
Miraidon ex,Vitality Band,0.01,SVI,$0.00,https://partner.tcgplayer.com/LIMITLESS?u=https%3A%2F%2Fwww.tcgplayer.com%2Fproduct%2F488107%2Fsv01-scarlet-and-violet-base-set-vitality-band-197-198
Miraidon ex,Unfair Stamp,0.01,TWM,$0.04,https://partner.tcgplayer.com/LIMITLESS?u=https%3A%2F%2Fwww.tcgplayer.com%2Fproduct%2F550209%2Fpokemon-sv06-twilight-masquerade-unfair-stamp
Miraidon ex,Crispin,0.01,SCR,$0.00,https://partner.tcgplayer.com/LIMITLESS?u=https%3A%2F%2Fwww.tcgplayer.com%2Fproduct%2F567390%2Fpokemon-sv07-stellar-crown-crispin-133-142
Miraidon ex,Lightning Energy,15.06,SVE,$0.75,https://partner.tcgplayer.com/LIMITLESS?u=https%3A%2F%2Fwww.tcgplayer.com%2Fproduct%2F578866%2Fpokemon-sv07-stellar-crown-basic-lightning-energy
Miraidon ex,Double Turbo Energy,1.01,BRS,$0.23,https://partner.tcgplayer.com/LIMITLESS?u=https%3A%2F%2Fwww.tcgplayer.com%2Fproduct%2F257307%2Fswsh09-brilliant-stars-double-turbo-energy
Miraidon ex,Grass Energy,0.01,SVE,$0.00,https://partner.tcgplayer.com/LIMITLESS?u=https%3A%2F%2Fwww.tcgplayer.com%2Fproduct%2F578864%2Fpokemon-sv07-stellar-crown-basic-grass-energy
Miraidon ex,Metal Energy,0.01,SVE,$0.00,https://partner.tcgplayer.com/LIMITLESS?u=https%3A%2F%2Fwww.tcgplayer.com%2Fproduct%2F578869%2Fpokemon-sv07-stellar-crown-basic-metal-energy
Palkia VSTAR,Duskull,3.0,BRS,$0.24,https://partner.tcgplayer.com/LIMITLESS?u=https%3A%2F%2Fwww.tcgplayer.com%2Fproduct%2F263776%2Fswsh09-brilliant-stars-duskull
Palkia VSTAR,Dusclops,2.5,PRE,$0.37,https://partner.tcgplayer.com/LIMITLESS?u=https%3A%2F%2Fwww.tcgplayer.com%2Fproduct%2F610391%2Fpokemon-sv-prismatic-evolutions-dusclops
Palkia VSTAR,Dusknoir,2.0,PRE,$0.52,https://partner.tcgplayer.com/LIMITLESS?u=https%3A%2F%2Fwww.tcgplayer.com%2Fproduct%2F610392%2Fpokemon-sv-prismatic-evolutions-dusknoir
Palkia VSTAR,Origin Forme Palkia V,2.0,ASR,$1.36,https://partner.tcgplayer.com/LIMITLESS?u=https%3A%2F%2Fwww.tcgplayer.com%2Fproduct%2F272239%2Fswsh10-astral-radiance-origin-forme-palkia-v
Palkia VSTAR,Origin Forme Palkia VSTAR,2.0,ASR,$2.10,https://partner.tcgplayer.com/LIMITLESS?u=https%3A%2F%2Fwww.tcgplayer.com%2Fproduct%2F272240%2Fswsh10-astral-radiance-origin-forme-palkia-vstar
Palkia VSTAR,Bloodmoon Ursaluna ex,1.0,TWM,$1.95,https://partner.tcgplayer.com/LIMITLESS?u=https%3A%2F%2Fwww.tcgplayer.com%2Fproduct%2F550185%2Fpokemon-sv06-twilight-masquerade-bloodmoon-ursaluna-ex-141-167
Palkia VSTAR,Fezandipiti ex,1.0,SFA,$12.94,https://partner.tcgplayer.com/LIMITLESS?u=https%3A%2F%2Fwww.tcgplayer.com%2Fproduct%2F560348%2Fpokemon-sv-shrouded-fable-fezandipiti-ex-038-064
Palkia VSTAR,Radiant Greninja,1.0,ASR,$1.20,https://partner.tcgplayer.com/LIMITLESS?u=https%3A%2F%2Fwww.tcgplayer.com%2Fproduct%2F272246%2Fswsh10-astral-radiance-radiant-greninja
Palkia VSTAR,Squawkabilly ex,1.0,PAL,$0.90,https://partner.tcgplayer.com/LIMITLESS?u=https%3A%2F%2Fwww.tcgplayer.com%2Fproduct%2F497590%2Fpokemon-sv02-paldea-evolved-squawkabilly-ex
Palkia VSTAR,Budew,1.0,PRE,$0.85,https://partner.tcgplayer.com/LIMITLESS?u=https%3A%2F%2Fwww.tcgplayer.com%2Fproduct%2F610359%2Fpokemon-sv-prismatic-evolutions-budew
Palkia VSTAR,Froakie,0.75,OBF,$0.03,https://partner.tcgplayer.com/LIMITLESS?u=https%3A%2F%2Fwww.tcgplayer.com%2Fproduct%2F509803%2Fpokemon-sv03-obsidian-flames-froakie
Palkia VSTAR,Greninja ex,0.75,TWM,$1.01,https://partner.tcgplayer.com/LIMITLESS?u=https%3A%2F%2Fwww.tcgplayer.com%2Fproduct%2F550150%2Fpokemon-sv06-twilight-masquerade-greninja-ex-106-167
Palkia VSTAR,Mew ex,0.25,MEW,$1.92,https://partner.tcgplayer.com/LIMITLESS?u=https%3A%2F%2Fwww.tcgplayer.com%2Fproduct%2F516566%2Fpokemon-sv-scarlet-and-violet-151-mew-ex-151-165
Palkia VSTAR,Lumineon V,0.25,BRS,$0.35,https://partner.tcgplayer.com/LIMITLESS?u=https%3A%2F%2Fwww.tcgplayer.com%2Fproduct%2F263740%2Fswsh09-brilliant-stars-lumineon-v
Palkia VSTAR,Night Stretcher,3.75,SFA,$10.42,https://partner.tcgplayer.com/LIMITLESS?u=https%3A%2F%2Fwww.tcgplayer.com%2Fproduct%2F560372%2Fpokemon-sv-shrouded-fable-night-stretcher
Palkia VSTAR,Ultra Ball,3.75,SVI,$0.75,https://partner.tcgplayer.com/LIMITLESS?u=https%3A%2F%2Fwww.tcgplayer.com%2Fproduct%2F488105%2Fsv01-scarlet-and-violet-base-set-ultra-ball-196-198
Palkia VSTAR,Irida,3.5,ASR,$5.77,https://partner.tcgplayer.com/LIMITLESS?u=https%3A%2F%2Fwww.tcgplayer.com%2Fproduct%2F272399%2Fswsh10-astral-radiance-irida
Palkia VSTAR,Nest Ball,3.5,SVI,$1.12,https://partner.tcgplayer.com/LIMITLESS?u=https%3A%2F%2Fwww.tcgplayer.com%2Fproduct%2F488087%2Fsv01-scarlet-and-violet-base-set-nest-ball-181-198
Palkia VSTAR,Iono,3.25,PAL,$1.10,https://partner.tcgplayer.com/LIMITLESS?u=https%3A%2F%2Fwww.tcgplayer.com%2Fproduct%2F497557%2Fpokemon-sv02-paldea-evolved-iono-185-193
Palkia VSTAR,Rare Candy,3.25,SVI,$0.42,https://partner.tcgplayer.com/LIMITLESS?u=https%3A%2F%2Fwww.tcgplayer.com%2Fproduct%2F488098%2Fsv01-scarlet-and-violet-base-set-rare-candy-191-198
Palkia VSTAR,Buddy-Buddy Poffin,2.0,TEF,$0.98,https://partner.tcgplayer.com/LIMITLESS?u=https%3A%2F%2Fwww.tcgplayer.com%2Fproduct%2F542659%2Fpokemon-sv05-temporal-forces-buddy-buddy-poffin
Palkia VSTAR,Earthen Vessel,2.0,PAR,$0.70,https://partner.tcgplayer.com/LIMITLESS?u=https%3A%2F%2Fwww.tcgplayer.com%2Fproduct%2F523844%2Fpokemon-sv04-paradox-rift-earthen-vessel
Palkia VSTAR,Professor's Research,1.75,JTG,$0.17,https://partner.tcgplayer.com/LIMITLESS?u=https%3A%2F%2Fwww.tcgplayer.com%2Fproduct%2F623582%2Fpokemon-sv09-journey-together-professors-research
Palkia VSTAR,PokéStop,1.25,PGO,$0.43,https://partner.tcgplayer.com/LIMITLESS?u=https%3A%2F%2Fwww.tcgplayer.com%2Fproduct%2F276996%2Fpokemon-go-pokestop
Palkia VSTAR,Hisuian Heavy Ball,1.0,ASR,$0.38,https://partner.tcgplayer.com/LIMITLESS?u=https%3A%2F%2Fwww.tcgplayer.com%2Fproduct%2F272398%2Fswsh10-astral-radiance-hisuian-heavy-ball
Palkia VSTAR,Counter Catcher,1.0,PAR,$1.70,https://partner.tcgplayer.com/LIMITLESS?u=https%3A%2F%2Fwww.tcgplayer.com%2Fproduct%2F523841%2Fpokemon-sv04-paradox-rift-counter-catcher
Palkia VSTAR,Prime Catcher,1.0,TEF,$2.74,https://partner.tcgplayer.com/LIMITLESS?u=https%3A%2F%2Fwww.tcgplayer.com%2Fproduct%2F542674%2Fpokemon-sv05-temporal-forces-prime-catcher
Palkia VSTAR,Switch,1.0,SVI,$0.16,https://partner.tcgplayer.com/LIMITLESS?u=https%3A%2F%2Fwww.tcgplayer.com%2Fproduct%2F488102%2Fsv01-scarlet-and-violet-base-set-switch-194-198
Palkia VSTAR,Lost Vacuum,0.5,LOR,$0.03,https://partner.tcgplayer.com/LIMITLESS?u=https%3A%2F%2Fwww.tcgplayer.com%2Fproduct%2F284094%2Fswsh11-lost-origin-lost-vacuum
Palkia VSTAR,Trekking Shoes,0.5,ASR,$0.05,https://partner.tcgplayer.com/LIMITLESS?u=https%3A%2F%2Fwww.tcgplayer.com%2Fproduct%2F272408%2Fswsh10-astral-radiance-trekking-shoes
Palkia VSTAR,Boss's Orders,0.25,PAL,$0.30,https://partner.tcgplayer.com/LIMITLESS?u=https%3A%2F%2Fwww.tcgplayer.com%2Fproduct%2F497544%2Fpokemon-sv02-paldea-evolved-bosss-orders-172-193
Palkia VSTAR,Jamming Tower,0.25,TWM,$0.04,https://partner.tcgplayer.com/LIMITLESS?u=https%3A%2F%2Fwww.tcgplayer.com%2Fproduct%2F550197%2Fpokemon-sv06-twilight-masquerade-jamming-tower
Palkia VSTAR,Water Energy,8.0,SVE,$0.40,https://partner.tcgplayer.com/LIMITLESS?u=https%3A%2F%2Fwww.tcgplayer.com%2Fproduct%2F578862%2Fpokemon-sv07-stellar-crown-basic-water-energy
Hisuian Goodra VSTAR,Comfey,4.0,LOR,$0.76,https://partner.tcgplayer.com/LIMITLESS?u=https%3A%2F%2Fwww.tcgplayer.com%2Fproduct%2F283960%2Fswsh11-lost-origin-comfey
Hisuian Goodra VSTAR,Hisuian Goodra V,2.0,LOR,$1.00,https://partner.tcgplayer.com/LIMITLESS?u=https%3A%2F%2Fwww.tcgplayer.com%2Fproduct%2F284058%2Fswsh11-lost-origin-hisuian-goodra-v
Hisuian Goodra VSTAR,Hisuian Goodra VSTAR,2.0,LOR,$1.68,https://partner.tcgplayer.com/LIMITLESS?u=https%3A%2F%2Fwww.tcgplayer.com%2Fproduct%2F284059%2Fswsh11-lost-origin-hisuian-goodra-vstar
Hisuian Goodra VSTAR,Cramorant,1.5,LOR,$0.21,https://partner.tcgplayer.com/LIMITLESS?u=https%3A%2F%2Fwww.tcgplayer.com%2Fproduct%2F283924%2Fswsh11-lost-origin-cramorant
Hisuian Goodra VSTAR,Radiant Greninja,1.0,ASR,$1.20,https://partner.tcgplayer.com/LIMITLESS?u=https%3A%2F%2Fwww.tcgplayer.com%2Fproduct%2F272246%2Fswsh10-astral-radiance-radiant-greninja
Hisuian Goodra VSTAR,Zamazenta,1.0,CRZ,$0.23,https://partner.tcgplayer.com/LIMITLESS?u=https%3A%2F%2Fwww.tcgplayer.com%2Fproduct%2F478234%2Fcrown-zenith-zamazenta
Hisuian Goodra VSTAR,Sableye,0.5,LOR,$0.17,https://partner.tcgplayer.com/LIMITLESS?u=https%3A%2F%2Fwww.tcgplayer.com%2Fproduct%2F283946%2Fswsh11-lost-origin-sableye
Hisuian Goodra VSTAR,Mew ex,0.5,MEW,$3.85,https://partner.tcgplayer.com/LIMITLESS?u=https%3A%2F%2Fwww.tcgplayer.com%2Fproduct%2F516566%2Fpokemon-sv-scarlet-and-violet-151-mew-ex-151-165
Hisuian Goodra VSTAR,Spiritomb,0.5,PAL,$0.06,https://partner.tcgplayer.com/LIMITLESS?u=https%3A%2F%2Fwww.tcgplayer.com%2Fproduct%2F497504%2Fpokemon-sv02-paldea-evolved-spiritomb
Hisuian Goodra VSTAR,Manaphy,0.5,BRS,$0.37,https://partner.tcgplayer.com/LIMITLESS?u=https%3A%2F%2Fwww.tcgplayer.com%2Fproduct%2F263741%2Fswsh09-brilliant-stars-manaphy
Hisuian Goodra VSTAR,Colress's Experiment,4.0,LOR,$0.28,https://partner.tcgplayer.com/LIMITLESS?u=https%3A%2F%2Fwww.tcgplayer.com%2Fproduct%2F284085%2Fswsh11-lost-origin-colresss-experiment
Hisuian Goodra VSTAR,Switch,4.0,SVI,$0.64,https://partner.tcgplayer.com/LIMITLESS?u=https%3A%2F%2Fwww.tcgplayer.com%2Fproduct%2F488102%2Fsv01-scarlet-and-violet-base-set-switch-194-198
Hisuian Goodra VSTAR,Mirage Gate,4.0,LOR,$0.28,https://partner.tcgplayer.com/LIMITLESS?u=https%3A%2F%2Fwww.tcgplayer.com%2Fproduct%2F282257%2Fswsh11-lost-origin-mirage-gate
Hisuian Goodra VSTAR,Nest Ball,4.0,SVI,$1.28,https://partner.tcgplayer.com/LIMITLESS?u=https%3A%2F%2Fwww.tcgplayer.com%2Fproduct%2F488087%2Fsv01-scarlet-and-violet-base-set-nest-ball-181-198
Hisuian Goodra VSTAR,Super Rod,3.0,PAL,$0.99,https://partner.tcgplayer.com/LIMITLESS?u=https%3A%2F%2Fwww.tcgplayer.com%2Fproduct%2F497560%2Fpokemon-sv02-paldea-evolved-super-rod-188-193
Hisuian Goodra VSTAR,Buddy-Buddy Poffin,2.0,TEF,$0.98,https://partner.tcgplayer.com/LIMITLESS?u=https%3A%2F%2Fwww.tcgplayer.com%2Fproduct%2F542659%2Fpokemon-sv05-temporal-forces-buddy-buddy-poffin
Hisuian Goodra VSTAR,Artazon,2.0,PAL,$0.22,https://partner.tcgplayer.com/LIMITLESS?u=https%3A%2F%2Fwww.tcgplayer.com%2Fproduct%2F497541%2Fpokemon-sv02-paldea-evolved-artazon
Hisuian Goodra VSTAR,Roxanne,1.5,ASR,$0.10,https://partner.tcgplayer.com/LIMITLESS?u=https%3A%2F%2Fwww.tcgplayer.com%2Fproduct%2F272402%2Fswsh10-astral-radiance-roxanne
Hisuian Goodra VSTAR,Boss's Orders,1.0,PAL,$1.23,https://partner.tcgplayer.com/LIMITLESS?u=https%3A%2F%2Fwww.tcgplayer.com%2Fproduct%2F497544%2Fpokemon-sv02-paldea-evolved-bosss-orders-172-193
Hisuian Goodra VSTAR,Counter Catcher,1.0,PAR,$1.70,https://partner.tcgplayer.com/LIMITLESS?u=https%3A%2F%2Fwww.tcgplayer.com%2Fproduct%2F523841%2Fpokemon-sv04-paradox-rift-counter-catcher
Hisuian Goodra VSTAR,Prime Catcher,1.0,TEF,$2.74,https://partner.tcgplayer.com/LIMITLESS?u=https%3A%2F%2Fwww.tcgplayer.com%2Fproduct%2F542674%2Fpokemon-sv05-temporal-forces-prime-catcher
Hisuian Goodra VSTAR,Defiance Band,1.0,SVI,$0.17,https://partner.tcgplayer.com/LIMITLESS?u=https%3A%2F%2Fwww.tcgplayer.com%2Fproduct%2F488074%2Fsv01-scarlet-and-violet-base-set-defiance-band-169-198
Hisuian Goodra VSTAR,Technical Machine: Crisis Punch,1.0,PAF,$0.03,https://partner.tcgplayer.com/LIMITLESS?u=https%3A%2F%2Fwww.tcgplayer.com%2Fproduct%2F534452%2Fpokemon-sv-paldean-fates-technical-machine-crisis-punch
Hisuian Goodra VSTAR,Rescue Board,1.0,TEF,$0.14,https://partner.tcgplayer.com/LIMITLESS?u=https%3A%2F%2Fwww.tcgplayer.com%2Fproduct%2F542677%2Fpokemon-sv05-temporal-forces-rescue-board
Hisuian Goodra VSTAR,Lost Vacuum,1.0,LOR,$0.06,https://partner.tcgplayer.com/LIMITLESS?u=https%3A%2F%2Fwww.tcgplayer.com%2Fproduct%2F284094%2Fswsh11-lost-origin-lost-vacuum
Hisuian Goodra VSTAR,Ultra Ball,0.5,SVI,$0.10,https://partner.tcgplayer.com/LIMITLESS?u=https%3A%2F%2Fwww.tcgplayer.com%2Fproduct%2F488105%2Fsv01-scarlet-and-violet-base-set-ultra-ball-196-198
Hisuian Goodra VSTAR,Pokégear 3.0,0.5,SVI,$0.93,https://partner.tcgplayer.com/LIMITLESS?u=https%3A%2F%2Fwww.tcgplayer.com%2Fproduct%2F488092%2Fsv01-scarlet-and-violet-base-set-pokegear-30-186-198
Hisuian Goodra VSTAR,Iono,0.5,PAL,$0.17,https://partner.tcgplayer.com/LIMITLESS?u=https%3A%2F%2Fwww.tcgplayer.com%2Fproduct%2F497557%2Fpokemon-sv02-paldea-evolved-iono-185-193
Hisuian Goodra VSTAR,Technical Machine: Devolution,0.5,PAR,$0.08,https://partner.tcgplayer.com/LIMITLESS?u=https%3A%2F%2Fwww.tcgplayer.com%2Fproduct%2F523858%2Fpokemon-sv04-paradox-rift-technical-machine-devolution
Hisuian Goodra VSTAR,Metal Energy,4.0,SVE,$0.16,https://partner.tcgplayer.com/LIMITLESS?u=https%3A%2F%2Fwww.tcgplayer.com%2Fproduct%2F578869%2Fpokemon-sv07-stellar-crown-basic-metal-energy
Hisuian Goodra VSTAR,Water Energy,3.5,SVE,$0.17,https://partner.tcgplayer.com/LIMITLESS?u=https%3A%2F%2Fwww.tcgplayer.com%2Fproduct%2F578862%2Fpokemon-sv07-stellar-crown-basic-water-energy
Hisuian Goodra VSTAR,Jet Energy,2.5,PAL,$0.60,https://partner.tcgplayer.com/LIMITLESS?u=https%3A%2F%2Fwww.tcgplayer.com%2Fproduct%2F497563%2Fpokemon-sv02-paldea-evolved-jet-energy
Hisuian Goodra VSTAR,Mist Energy,2.0,TEF,$0.38,https://partner.tcgplayer.com/LIMITLESS?u=https%3A%2F%2Fwww.tcgplayer.com%2Fproduct%2F542681%2Fpokemon-sv05-temporal-forces-mist-energy
Hisuian Goodra VSTAR,Psychic Energy,1.0,SVE,$0.05,https://partner.tcgplayer.com/LIMITLESS?u=https%3A%2F%2Fwww.tcgplayer.com%2Fproduct%2F578865%2Fpokemon-sv07-stellar-crown-basic-psychic-energy
Snorlax Stall PGO,Snorlax,4.0,PGO,$2.72,https://partner.tcgplayer.com/LIMITLESS?u=https%3A%2F%2Fwww.tcgplayer.com%2Fproduct%2F276974%2Fpokemon-go-snorlax
Snorlax Stall PGO,Rotom V,1.34,LOR,$1.50,https://partner.tcgplayer.com/LIMITLESS?u=https%3A%2F%2Fwww.tcgplayer.com%2Fproduct%2F283932%2Fswsh11-lost-origin-rotom-v
Snorlax Stall PGO,Mimikyu,1.22,PAL,$0.21,https://partner.tcgplayer.com/LIMITLESS?u=https%3A%2F%2Fwww.tcgplayer.com%2Fproduct%2F497512%2Fpokemon-sv02-paldea-evolved-mimikyu
Snorlax Stall PGO,Cornerstone Mask Ogerpon ex,1.02,TWM,$1.70,https://partner.tcgplayer.com/LIMITLESS?u=https%3A%2F%2Fwww.tcgplayer.com%2Fproduct%2F550156%2Fpokemon-sv06-twilight-masquerade-cornerstone-mask-ogerpon-ex-112-167
Snorlax Stall PGO,Mawile,0.29,LOR,$0.02,https://partner.tcgplayer.com/LIMITLESS?u=https%3A%2F%2Fwww.tcgplayer.com%2Fproduct%2F283948%2Fswsh11-lost-origin-mawile
Snorlax Stall PGO,Klefki,0.27,SVI,$0.04,https://partner.tcgplayer.com/LIMITLESS?u=https%3A%2F%2Fwww.tcgplayer.com%2Fproduct%2F486602%2Fsv01-scarlet-and-violet-base-set-klefki-096-198
Snorlax Stall PGO,Pidgeot V,0.22,LOR,$0.12,https://partner.tcgplayer.com/LIMITLESS?u=https%3A%2F%2Fwww.tcgplayer.com%2Fproduct%2F284060%2Fswsh11-lost-origin-pidgeot-v
Snorlax Stall PGO,Milotic,0.2,TWM,$0.01,https://partner.tcgplayer.com/LIMITLESS?u=https%3A%2F%2Fwww.tcgplayer.com%2Fproduct%2F550094%2Fpokemon-sv06-twilight-masquerade-milotic
Snorlax Stall PGO,Feebas,0.17,SIT,$0.00,https://partner.tcgplayer.com/LIMITLESS?u=https%3A%2F%2Fwww.tcgplayer.com%2Fproduct%2F451674%2Fswsh12-silver-tempest-feebas
Snorlax Stall PGO,Mantine,0.17,ASR,$0.01,https://partner.tcgplayer.com/LIMITLESS?u=https%3A%2F%2Fwww.tcgplayer.com%2Fproduct%2F272234%2Fswsh10-astral-radiance-mantine
Snorlax Stall PGO,Regieleki,0.12,ASR,$0.02,https://partner.tcgplayer.com/LIMITLESS?u=https%3A%2F%2Fwww.tcgplayer.com%2Fproduct%2F272252%2Fswsh10-astral-radiance-regieleki
Snorlax Stall PGO,Diancie,0.1,SCR,$0.00,https://partner.tcgplayer.com/LIMITLESS?u=https%3A%2F%2Fwww.tcgplayer.com%2Fproduct%2F567312%2Fpokemon-sv07-stellar-crown-diancie
Snorlax Stall PGO,Pikachu ex,0.02,SSP,$0.12,https://partner.tcgplayer.com/LIMITLESS?u=https%3A%2F%2Fwww.tcgplayer.com%2Fproduct%2F590025%2Fpokemon-sv08-surging-sparks-pikachu-ex-057-191
Snorlax Stall PGO,Feebas,0.02,SSP,$0.00,https://partner.tcgplayer.com/LIMITLESS?u=https%3A%2F%2Fwww.tcgplayer.com%2Fproduct%2F589943%2Fpokemon-sv08-surging-sparks-feebas-041-191
Snorlax Stall PGO,Counter Catcher,4.0,PAR,$6.80,https://partner.tcgplayer.com/LIMITLESS?u=https%3A%2F%2Fwww.tcgplayer.com%2Fproduct%2F523841%2Fpokemon-sv04-paradox-rift-counter-catcher
Snorlax Stall PGO,Pokégear 3.0,3.95,SVI,$7.38,https://partner.tcgplayer.com/LIMITLESS?u=https%3A%2F%2Fwww.tcgplayer.com%2Fproduct%2F488092%2Fsv01-scarlet-and-violet-base-set-pokegear-30-186-198
Snorlax Stall PGO,Arven,3.61,OBF,$10.86,https://partner.tcgplayer.com/LIMITLESS?u=https%3A%2F%2Fwww.tcgplayer.com%2Fproduct%2F509778%2Fpokemon-sv03-obsidian-flames-arven
Snorlax Stall PGO,Accompanying Flute,3.61,TWM,$0.25,https://partner.tcgplayer.com/LIMITLESS?u=https%3A%2F%2Fwww.tcgplayer.com%2Fproduct%2F550186%2Fpokemon-sv06-twilight-masquerade-accompanying-flute
Snorlax Stall PGO,Nest Ball,3.49,SVI,$1.11,https://partner.tcgplayer.com/LIMITLESS?u=https%3A%2F%2Fwww.tcgplayer.com%2Fproduct%2F488087%2Fsv01-scarlet-and-violet-base-set-nest-ball-181-198
Snorlax Stall PGO,Penny,3.34,SVI,$0.63,https://partner.tcgplayer.com/LIMITLESS?u=https%3A%2F%2Fwww.tcgplayer.com%2Fproduct%2F488089%2Fsv01-scarlet-and-violet-base-set-penny-183-198
Snorlax Stall PGO,Handheld Fan,2.24,TWM,$0.15,https://partner.tcgplayer.com/LIMITLESS?u=https%3A%2F%2Fwww.tcgplayer.com%2Fproduct%2F550194%2Fpokemon-sv06-twilight-masquerade-handheld-fan
Snorlax Stall PGO,Boss's Orders,2.12,PAL,$2.60,https://partner.tcgplayer.com/LIMITLESS?u=https%3A%2F%2Fwww.tcgplayer.com%2Fproduct%2F497544%2Fpokemon-sv02-paldea-evolved-bosss-orders-172-193
Snorlax Stall PGO,Pal Pad,1.95,SVI,$0.70,https://partner.tcgplayer.com/LIMITLESS?u=https%3A%2F%2Fwww.tcgplayer.com%2Fproduct%2F488088%2Fsv01-scarlet-and-violet-base-set-pal-pad-182-198
Snorlax Stall PGO,Miss Fortune Sisters,1.85,LOR,$0.12,https://partner.tcgplayer.com/LIMITLESS?u=https%3A%2F%2Fwww.tcgplayer.com%2Fproduct%2F284096%2Fswsh11-lost-origin-miss-fortune-sisters
Snorlax Stall PGO,Cyllene,1.78,ASR,$0.12,https://partner.tcgplayer.com/LIMITLESS?u=https%3A%2F%2Fwww.tcgplayer.com%2Fproduct%2F272390%2Fswsh10-astral-radiance-cyllene
Snorlax Stall PGO,Night Stretcher,1.63,SFA,$4.53,https://partner.tcgplayer.com/LIMITLESS?u=https%3A%2F%2Fwww.tcgplayer.com%2Fproduct%2F560372%2Fpokemon-sv-shrouded-fable-night-stretcher
Snorlax Stall PGO,Temple of Sinnoh,1.59,ASR,$0.25,https://partner.tcgplayer.com/LIMITLESS?u=https%3A%2F%2Fwww.tcgplayer.com%2Fproduct%2F272407%2Fswsh10-astral-radiance-temple-of-sinnoh
Snorlax Stall PGO,Eri,1.27,TEF,$0.11,https://partner.tcgplayer.com/LIMITLESS?u=https%3A%2F%2Fwww.tcgplayer.com%2Fproduct%2F542661%2Fpokemon-sv05-temporal-forces-eri-146-162
Snorlax Stall PGO,Artazon,1.24,PAL,$0.13,https://partner.tcgplayer.com/LIMITLESS?u=https%3A%2F%2Fwww.tcgplayer.com%2Fproduct%2F497541%2Fpokemon-sv02-paldea-evolved-artazon
Snorlax Stall PGO,Boxed Order,1.1,TEF,$0.11,https://partner.tcgplayer.com/LIMITLESS?u=https%3A%2F%2Fwww.tcgplayer.com%2Fproduct%2F542657%2Fpokemon-sv05-temporal-forces-boxed-order
Snorlax Stall PGO,Hisuian Heavy Ball,1.0,ASR,$0.38,https://partner.tcgplayer.com/LIMITLESS?u=https%3A%2F%2Fwww.tcgplayer.com%2Fproduct%2F272398%2Fswsh10-astral-radiance-hisuian-heavy-ball
Snorlax Stall PGO,Xerosic's Machinations,0.98,SFA,$0.05,https://partner.tcgplayer.com/LIMITLESS?u=https%3A%2F%2Fwww.tcgplayer.com%2Fproduct%2F560375%2Fpokemon-sv-shrouded-fable-xerosics-machinations-064-064
Snorlax Stall PGO,Erika's Invitation,0.95,MEW,$0.06,https://partner.tcgplayer.com/LIMITLESS?u=https%3A%2F%2Fwww.tcgplayer.com%2Fproduct%2F516722%2Fpokemon-sv-scarlet-and-violet-151-erikas-invitation-160-165
Snorlax Stall PGO,Team Yell's Cheer,0.95,BRS,$0.03,https://partner.tcgplayer.com/LIMITLESS?u=https%3A%2F%2Fwww.tcgplayer.com%2Fproduct%2F263869%2Fswsh09-brilliant-stars-team-yells-cheer
Snorlax Stall PGO,Bravery Charm,0.8,PAL,$0.48,https://partner.tcgplayer.com/LIMITLESS?u=https%3A%2F%2Fwww.tcgplayer.com%2Fproduct%2F497545%2Fpokemon-sv02-paldea-evolved-bravery-charm
Snorlax Stall PGO,Forest Seal Stone,0.8,SIT,$0.59,https://partner.tcgplayer.com/LIMITLESS?u=https%3A%2F%2Fwww.tcgplayer.com%2Fproduct%2F451804%2Fswsh12-silver-tempest-forest-seal-stone
Snorlax Stall PGO,Iono,0.73,PAL,$0.24,https://partner.tcgplayer.com/LIMITLESS?u=https%3A%2F%2Fwww.tcgplayer.com%2Fproduct%2F497557%2Fpokemon-sv02-paldea-evolved-iono-185-193
Snorlax Stall PGO,Giacomo,0.71,PAL,$0.03,https://partner.tcgplayer.com/LIMITLESS?u=https%3A%2F%2Fwww.tcgplayer.com%2Fproduct%2F497554%2Fpokemon-sv02-paldea-evolved-giacomo
Snorlax Stall PGO,PokéStop,0.49,PGO,$0.17,https://partner.tcgplayer.com/LIMITLESS?u=https%3A%2F%2Fwww.tcgplayer.com%2Fproduct%2F276996%2Fpokemon-go-pokestop
Snorlax Stall PGO,Trekking Shoes,0.37,ASR,$0.04,https://partner.tcgplayer.com/LIMITLESS?u=https%3A%2F%2Fwww.tcgplayer.com%2Fproduct%2F272408%2Fswsh10-astral-radiance-trekking-shoes
Snorlax Stall PGO,Lost Vacuum,0.27,LOR,$0.01,https://partner.tcgplayer.com/LIMITLESS?u=https%3A%2F%2Fwww.tcgplayer.com%2Fproduct%2F284094%2Fswsh11-lost-origin-lost-vacuum
Snorlax Stall PGO,Hero's Cape,0.27,TEF,$1.39,https://partner.tcgplayer.com/LIMITLESS?u=https%3A%2F%2Fwww.tcgplayer.com%2Fproduct%2F542667%2Fpokemon-sv05-temporal-forces-heros-cape
Snorlax Stall PGO,Secret Box,0.24,TWM,$1.02,https://partner.tcgplayer.com/LIMITLESS?u=https%3A%2F%2Fwww.tcgplayer.com%2Fproduct%2F550207%2Fpokemon-sv06-twilight-masquerade-secret-box
Snorlax Stall PGO,Luxurious Cape,0.24,PAR,$0.04,https://partner.tcgplayer.com/LIMITLESS?u=https%3A%2F%2Fwww.tcgplayer.com%2Fproduct%2F523847%2Fpokemon-sv04-paradox-rift-luxurious-cape
Snorlax Stall PGO,Ultra Ball,0.22,SVI,$0.04,https://partner.tcgplayer.com/LIMITLESS?u=https%3A%2F%2Fwww.tcgplayer.com%2Fproduct%2F488105%2Fsv01-scarlet-and-violet-base-set-ultra-ball-196-198
Snorlax Stall PGO,Colress's Tenacity,0.22,SFA,$0.03,https://partner.tcgplayer.com/LIMITLESS?u=https%3A%2F%2Fwww.tcgplayer.com%2Fproduct%2F560368%2Fpokemon-sv-shrouded-fable-colresss-tenacity-057-064
Snorlax Stall PGO,Kofu,0.2,SCR,$0.01,https://partner.tcgplayer.com/LIMITLESS?u=https%3A%2F%2Fwww.tcgplayer.com%2Fproduct%2F567404%2Fpokemon-sv07-stellar-crown-kofu-138-142
Snorlax Stall PGO,Roto-Stick,0.15,PRE,$0.00,https://partner.tcgplayer.com/LIMITLESS?u=https%3A%2F%2Fwww.tcgplayer.com%2Fproduct%2F610482%2Fpokemon-sv-prismatic-evolutions-roto-stick
Snorlax Stall PGO,Defiance Vest,0.1,PAR,$0.00,https://partner.tcgplayer.com/LIMITLESS?u=https%3A%2F%2Fwww.tcgplayer.com%2Fproduct%2F523843%2Fpokemon-sv04-paradox-rift-defiance-vest
Snorlax Stall PGO,Switch Cart,0.07,ASR,$0.02,https://partner.tcgplayer.com/LIMITLESS?u=https%3A%2F%2Fwww.tcgplayer.com%2Fproduct%2F272406%2Fswsh10-astral-radiance-switch-cart
Snorlax Stall PGO,Precious Trolley,0.07,SSP,$0.43,https://partner.tcgplayer.com/LIMITLESS?u=https%3A%2F%2Fwww.tcgplayer.com%2Fproduct%2F590028%2Fpokemon-sv08-surging-sparks-precious-trolley
Snorlax Stall PGO,Miracle Headset,0.07,SSP,$0.03,https://partner.tcgplayer.com/LIMITLESS?u=https%3A%2F%2Fwww.tcgplayer.com%2Fproduct%2F590007%2Fpokemon-sv08-surging-sparks-miracle-headset
Snorlax Stall PGO,Colress's Experiment,0.07,LOR,$0.00,https://partner.tcgplayer.com/LIMITLESS?u=https%3A%2F%2Fwww.tcgplayer.com%2Fproduct%2F284085%2Fswsh11-lost-origin-colresss-experiment
Snorlax Stall PGO,Pot Helmet,0.07,BRS,$0.00,https://partner.tcgplayer.com/LIMITLESS?u=https%3A%2F%2Fwww.tcgplayer.com%2Fproduct%2F263866%2Fswsh09-brilliant-stars-pot-helmet
Snorlax Stall PGO,Crushing Hammer,0.07,SVI,$0.00,https://partner.tcgplayer.com/LIMITLESS?u=https%3A%2F%2Fwww.tcgplayer.com%2Fproduct%2F488073%2Fsv01-scarlet-and-violet-base-set-crushing-hammer-168-198
Snorlax Stall PGO,Rescue Board,0.05,TEF,$0.00,https://partner.tcgplayer.com/LIMITLESS?u=https%3A%2F%2Fwww.tcgplayer.com%2Fproduct%2F542677%2Fpokemon-sv05-temporal-forces-rescue-board
Snorlax Stall PGO,Worker,0.05,SIT,$0.00,https://partner.tcgplayer.com/LIMITLESS?u=https%3A%2F%2Fwww.tcgplayer.com%2Fproduct%2F451815%2Fswsh12-silver-tempest-worker
Snorlax Stall PGO,Scoop Up Cyclone,0.05,TWM,$0.04,https://partner.tcgplayer.com/LIMITLESS?u=https%3A%2F%2Fwww.tcgplayer.com%2Fproduct%2F550206%2Fpokemon-sv06-twilight-masquerade-scoop-up-cyclone
Snorlax Stall PGO,Thorton,0.05,LOR,$0.00,https://partner.tcgplayer.com/LIMITLESS?u=https%3A%2F%2Fwww.tcgplayer.com%2Fproduct%2F284100%2Fswsh11-lost-origin-thorton
Snorlax Stall PGO,Ciphermaniac's Codebreaking,0.05,TEF,$0.00,https://partner.tcgplayer.com/LIMITLESS?u=https%3A%2F%2Fwww.tcgplayer.com%2Fproduct%2F542660%2Fpokemon-sv05-temporal-forces-ciphermaniacs-codebreaking-145-162
Snorlax Stall PGO,Super Rod,0.02,PAL,$0.00,https://partner.tcgplayer.com/LIMITLESS?u=https%3A%2F%2Fwww.tcgplayer.com%2Fproduct%2F497560%2Fpokemon-sv02-paldea-evolved-super-rod-188-193
Snorlax Stall PGO,Lucky Helmet,0.02,TWM,$0.00,https://partner.tcgplayer.com/LIMITLESS?u=https%3A%2F%2Fwww.tcgplayer.com%2Fproduct%2F550202%2Fpokemon-sv06-twilight-masquerade-lucky-helmet
Snorlax Stall PGO,Town Store,0.02,OBF,$0.00,https://partner.tcgplayer.com/LIMITLESS?u=https%3A%2F%2Fwww.tcgplayer.com%2Fproduct%2F509788%2Fpokemon-sv03-obsidian-flames-town-store
Snorlax Stall PGO,Technical Machine: Devolution,0.02,PAR,$0.00,https://partner.tcgplayer.com/LIMITLESS?u=https%3A%2F%2Fwww.tcgplayer.com%2Fproduct%2F523858%2Fpokemon-sv04-paradox-rift-technical-machine-devolution
Snorlax Stall PGO,Grusha,0.02,PAL,$0.00,https://partner.tcgplayer.com/LIMITLESS?u=https%3A%2F%2Fwww.tcgplayer.com%2Fproduct%2F497556%2Fpokemon-sv02-paldea-evolved-grusha-184-193
Snorlax Stall PGO,Antique Root Fossil,0.02,SCR,$0.00,https://partner.tcgplayer.com/LIMITLESS?u=https%3A%2F%2Fwww.tcgplayer.com%2Fproduct%2F567380%2Fpokemon-sv07-stellar-crown-antique-root-fossil
Snorlax Stall PGO,Picnic Basket,0.02,SVI,$0.00,https://partner.tcgplayer.com/LIMITLESS?u=https%3A%2F%2Fwww.tcgplayer.com%2Fproduct%2F488090%2Fsv01-scarlet-and-violet-base-set-picnic-basket-184-198
Snorlax Stall PGO,Megaton Blower,0.02,SSP,$0.00,https://partner.tcgplayer.com/LIMITLESS?u=https%3A%2F%2Fwww.tcgplayer.com%2Fproduct%2F590000%2Fpokemon-sv08-surging-sparks-megaton-blower
Snorlax Stall PGO,Roseanne's Backup,0.02,BRS,$0.00,https://partner.tcgplayer.com/LIMITLESS?u=https%3A%2F%2Fwww.tcgplayer.com%2Fproduct%2F263868%2Fswsh09-brilliant-stars-roseannes-backup
Snorlax Stall PGO,Prime Catcher,0.02,TEF,$0.05,https://partner.tcgplayer.com/LIMITLESS?u=https%3A%2F%2Fwww.tcgplayer.com%2Fproduct%2F542674%2Fpokemon-sv05-temporal-forces-prime-catcher
Snorlax Stall PGO,Meddling Memo,0.02,SSP,$0.00,https://partner.tcgplayer.com/LIMITLESS?u=https%3A%2F%2Fwww.tcgplayer.com%2Fproduct%2F589999%2Fpokemon-sv08-surging-sparks-meddling-memo
Snorlax Stall PGO,Pokémon League Headquarters,0.02,OBF,$0.00,https://partner.tcgplayer.com/LIMITLESS?u=https%3A%2F%2Fwww.tcgplayer.com%2Fproduct%2F509784%2Fpokemon-sv03-obsidian-flames-pokemon-league-headquarters
Snorlax Stall PGO,Jubilife Village,0.02,ASR,$0.00,https://partner.tcgplayer.com/LIMITLESS?u=https%3A%2F%2Fwww.tcgplayer.com%2Fproduct%2F272400%2Fswsh10-astral-radiance-jubilife-village
Snorlax Stall PGO,Jet Energy,0.59,PAL,$0.14,https://partner.tcgplayer.com/LIMITLESS?u=https%3A%2F%2Fwww.tcgplayer.com%2Fproduct%2F497563%2Fpokemon-sv02-paldea-evolved-jet-energy
Snorlax Stall PGO,Mist Energy,0.54,TEF,$0.10,https://partner.tcgplayer.com/LIMITLESS?u=https%3A%2F%2Fwww.tcgplayer.com%2Fproduct%2F542681%2Fpokemon-sv05-temporal-forces-mist-energy
Snorlax Stall PGO,Enriching Energy,0.24,SSP,$0.21,https://partner.tcgplayer.com/LIMITLESS?u=https%3A%2F%2Fwww.tcgplayer.com%2Fproduct%2F589934%2Fpokemon-sv08-surging-sparks-enriching-energy
Roaring Moon ex,Roaring Moon ex,2.43,PAR,$3.74,https://partner.tcgplayer.com/LIMITLESS?u=https%3A%2F%2Fwww.tcgplayer.com%2Fproduct%2F523800%2Fpokemon-sv04-paradox-rift-roaring-moon-ex
Roaring Moon ex,Squawkabilly ex,2.0,PAL,$1.80,https://partner.tcgplayer.com/LIMITLESS?u=https%3A%2F%2Fwww.tcgplayer.com%2Fproduct%2F497590%2Fpokemon-sv02-paldea-evolved-squawkabilly-ex
Roaring Moon ex,Pecharunt,2.0,SVP,$0.88,https://partner.tcgplayer.com/LIMITLESS?u=https%3A%2F%2Fwww.tcgplayer.com%2Fproduct%2F562025%2Fpokemon-sv-scarlet-and-violet-promo-cards-pecharunt-149
Roaring Moon ex,Brute Bonnet,2.0,PAR,$0.66,https://partner.tcgplayer.com/LIMITLESS?u=https%3A%2F%2Fwww.tcgplayer.com%2Fproduct%2F523799%2Fpokemon-sv04-paradox-rift-brute-bonnet-123-182
Roaring Moon ex,Pecharunt ex,1.71,SFA,$1.67,https://partner.tcgplayer.com/LIMITLESS?u=https%3A%2F%2Fwww.tcgplayer.com%2Fproduct%2F560349%2Fpokemon-sv-shrouded-fable-pecharunt-ex-039-064
Roaring Moon ex,Fezandipiti ex,1.0,SFA,$12.94,https://partner.tcgplayer.com/LIMITLESS?u=https%3A%2F%2Fwww.tcgplayer.com%2Fproduct%2F560348%2Fpokemon-sv-shrouded-fable-fezandipiti-ex-038-064
Roaring Moon ex,Roaring Moon,0.86,TEF,$0.13,https://partner.tcgplayer.com/LIMITLESS?u=https%3A%2F%2Fwww.tcgplayer.com%2Fproduct%2F542853%2Fpokemon-sv05-temporal-forces-roaring-moon
Roaring Moon ex,Mew ex,0.71,MEW,$5.46,https://partner.tcgplayer.com/LIMITLESS?u=https%3A%2F%2Fwww.tcgplayer.com%2Fproduct%2F516566%2Fpokemon-sv-scarlet-and-violet-151-mew-ex-151-165
Roaring Moon ex,Bloodmoon Ursaluna ex,0.57,TWM,$1.11,https://partner.tcgplayer.com/LIMITLESS?u=https%3A%2F%2Fwww.tcgplayer.com%2Fproduct%2F550185%2Fpokemon-sv06-twilight-masquerade-bloodmoon-ursaluna-ex-141-167
Roaring Moon ex,Munkidori,0.43,TWM,$0.24,https://partner.tcgplayer.com/LIMITLESS?u=https%3A%2F%2Fwww.tcgplayer.com%2Fproduct%2F550139%2Fpokemon-sv06-twilight-masquerade-munkidori
Roaring Moon ex,Latias ex,0.14,SSP,$0.81,https://partner.tcgplayer.com/LIMITLESS?u=https%3A%2F%2Fwww.tcgplayer.com%2Fproduct%2F589983%2Fpokemon-sv08-surging-sparks-latias-ex-076-191
Roaring Moon ex,Wellspring Mask Ogerpon ex,0.14,TWM,$0.24,https://partner.tcgplayer.com/LIMITLESS?u=https%3A%2F%2Fwww.tcgplayer.com%2Fproduct%2F550108%2Fpokemon-sv06-twilight-masquerade-wellspring-mask-ogerpon-ex-064-167
Roaring Moon ex,Iron Bundle,0.14,PAR,$0.01,https://partner.tcgplayer.com/LIMITLESS?u=https%3A%2F%2Fwww.tcgplayer.com%2Fproduct%2F523666%2Fpokemon-sv04-paradox-rift-iron-bundle
Roaring Moon ex,Professor Sada's Vitality,4.0,PAR,$0.52,https://partner.tcgplayer.com/LIMITLESS?u=https%3A%2F%2Fwww.tcgplayer.com%2Fproduct%2F523851%2Fpokemon-sv04-paradox-rift-professor-sadas-vitality
Roaring Moon ex,Ancient Booster Energy Capsule,4.0,TEF,$0.36,https://partner.tcgplayer.com/LIMITLESS?u=https%3A%2F%2Fwww.tcgplayer.com%2Fproduct%2F542651%2Fpokemon-sv05-temporal-forces-ancient-booster-energy-capsule
Roaring Moon ex,Nest Ball,3.86,SVI,$1.23,https://partner.tcgplayer.com/LIMITLESS?u=https%3A%2F%2Fwww.tcgplayer.com%2Fproduct%2F488087%2Fsv01-scarlet-and-violet-base-set-nest-ball-181-198
Roaring Moon ex,Ultra Ball,3.43,SVI,$0.68,https://partner.tcgplayer.com/LIMITLESS?u=https%3A%2F%2Fwww.tcgplayer.com%2Fproduct%2F488105%2Fsv01-scarlet-and-violet-base-set-ultra-ball-196-198
Roaring Moon ex,Earthen Vessel,3.43,PAR,$1.20,https://partner.tcgplayer.com/LIMITLESS?u=https%3A%2F%2Fwww.tcgplayer.com%2Fproduct%2F523844%2Fpokemon-sv04-paradox-rift-earthen-vessel
Roaring Moon ex,Perilous Jungle,3.43,TEF,$0.58,https://partner.tcgplayer.com/LIMITLESS?u=https%3A%2F%2Fwww.tcgplayer.com%2Fproduct%2F542673%2Fpokemon-sv05-temporal-forces-perilous-jungle
Roaring Moon ex,Carmine,3.29,TWM,$0.39,https://partner.tcgplayer.com/LIMITLESS?u=https%3A%2F%2Fwww.tcgplayer.com%2Fproduct%2F550189%2Fpokemon-sv06-twilight-masquerade-carmine-145-167
Roaring Moon ex,Pokégear 3.0,3.0,SVI,$5.61,https://partner.tcgplayer.com/LIMITLESS?u=https%3A%2F%2Fwww.tcgplayer.com%2Fproduct%2F488092%2Fsv01-scarlet-and-violet-base-set-pokegear-30-186-198
Roaring Moon ex,Energy Switch,2.71,SVI,$0.86,https://partner.tcgplayer.com/LIMITLESS?u=https%3A%2F%2Fwww.tcgplayer.com%2Fproduct%2F488078%2Fsv01-scarlet-and-violet-base-set-energy-switch-173-198
Roaring Moon ex,Boss's Orders,2.0,PAL,$2.46,https://partner.tcgplayer.com/LIMITLESS?u=https%3A%2F%2Fwww.tcgplayer.com%2Fproduct%2F497544%2Fpokemon-sv02-paldea-evolved-bosss-orders-172-193
Roaring Moon ex,Night Stretcher,1.86,SFA,$5.17,https://partner.tcgplayer.com/LIMITLESS?u=https%3A%2F%2Fwww.tcgplayer.com%2Fproduct%2F560372%2Fpokemon-sv-shrouded-fable-night-stretcher
Roaring Moon ex,Pal Pad,1.0,SVI,$0.36,https://partner.tcgplayer.com/LIMITLESS?u=https%3A%2F%2Fwww.tcgplayer.com%2Fproduct%2F488088%2Fsv01-scarlet-and-violet-base-set-pal-pad-182-198
Roaring Moon ex,Secret Box,1.0,TWM,$4.26,https://partner.tcgplayer.com/LIMITLESS?u=https%3A%2F%2Fwww.tcgplayer.com%2Fproduct%2F550207%2Fpokemon-sv06-twilight-masquerade-secret-box
Roaring Moon ex,Energy Sticker,0.57,MEW,$0.09,https://partner.tcgplayer.com/LIMITLESS?u=https%3A%2F%2Fwww.tcgplayer.com%2Fproduct%2F516721%2Fpokemon-sv-scarlet-and-violet-151-energy-sticker
Roaring Moon ex,Iono,0.57,PAL,$0.19,https://partner.tcgplayer.com/LIMITLESS?u=https%3A%2F%2Fwww.tcgplayer.com%2Fproduct%2F497557%2Fpokemon-sv02-paldea-evolved-iono-185-193
Roaring Moon ex,Super Rod,0.14,PAL,$0.04,https://partner.tcgplayer.com/LIMITLESS?u=https%3A%2F%2Fwww.tcgplayer.com%2Fproduct%2F497560%2Fpokemon-sv02-paldea-evolved-super-rod-188-193
Roaring Moon ex,Darkness Energy,7.14,SVE,$0.28,https://partner.tcgplayer.com/LIMITLESS?u=https%3A%2F%2Fwww.tcgplayer.com%2Fproduct%2F578868%2Fpokemon-sv07-stellar-crown-basic-darkness-energy
Roaring Moon ex,Water Energy,0.29,SVE,$0.01,https://partner.tcgplayer.com/LIMITLESS?u=https%3A%2F%2Fwww.tcgplayer.com%2Fproduct%2F578862%2Fpokemon-sv07-stellar-crown-basic-water-energy
Roaring Moon ex,Mist Energy,0.14,TEF,$0.02,https://partner.tcgplayer.com/LIMITLESS?u=https%3A%2F%2Fwww.tcgplayer.com%2Fproduct%2F542681%2Fpokemon-sv05-temporal-forces-mist-energy
Ancient Box,Roaring Moon,4.0,TEF,$0.64,https://partner.tcgplayer.com/LIMITLESS?u=https%3A%2F%2Fwww.tcgplayer.com%2Fproduct%2F542853%2Fpokemon-sv05-temporal-forces-roaring-moon
Ancient Box,Flutter Mane,3.9,TEF,$0.46,https://partner.tcgplayer.com/LIMITLESS?u=https%3A%2F%2Fwww.tcgplayer.com%2Fproduct%2F542822%2Fpokemon-sv05-temporal-forces-flutter-mane
Ancient Box,Great Tusk,2.2,TEF,$0.19,https://partner.tcgplayer.com/LIMITLESS?u=https%3A%2F%2Fwww.tcgplayer.com%2Fproduct%2F542841%2Fpokemon-sv05-temporal-forces-great-tusk-097-162
Ancient Box,Radiant Greninja,1.0,ASR,$1.20,https://partner.tcgplayer.com/LIMITLESS?u=https%3A%2F%2Fwww.tcgplayer.com%2Fproduct%2F272246%2Fswsh10-astral-radiance-radiant-greninja
Ancient Box,Pecharunt ex,1.0,SFA,$0.98,https://partner.tcgplayer.com/LIMITLESS?u=https%3A%2F%2Fwww.tcgplayer.com%2Fproduct%2F560349%2Fpokemon-sv-shrouded-fable-pecharunt-ex-039-064
Ancient Box,Munkidori,0.9,TWM,$0.51,https://partner.tcgplayer.com/LIMITLESS?u=https%3A%2F%2Fwww.tcgplayer.com%2Fproduct%2F550139%2Fpokemon-sv06-twilight-masquerade-munkidori
Ancient Box,Koraidon,0.7,SSP,$0.08,https://partner.tcgplayer.com/LIMITLESS?u=https%3A%2F%2Fwww.tcgplayer.com%2Fproduct%2F589979%2Fpokemon-sv08-surging-sparks-koraidon
Ancient Box,Roaring Moon ex,0.4,PAR,$0.61,https://partner.tcgplayer.com/LIMITLESS?u=https%3A%2F%2Fwww.tcgplayer.com%2Fproduct%2F523800%2Fpokemon-sv04-paradox-rift-roaring-moon-ex
Ancient Box,Fezandipiti ex,0.4,SFA,$5.17,https://partner.tcgplayer.com/LIMITLESS?u=https%3A%2F%2Fwww.tcgplayer.com%2Fproduct%2F560348%2Fpokemon-sv-shrouded-fable-fezandipiti-ex-038-064
Ancient Box,Iron Bundle,0.2,PAR,$0.02,https://partner.tcgplayer.com/LIMITLESS?u=https%3A%2F%2Fwww.tcgplayer.com%2Fproduct%2F523666%2Fpokemon-sv04-paradox-rift-iron-bundle
Ancient Box,Scream Tail,0.2,PAR,$0.01,https://partner.tcgplayer.com/LIMITLESS?u=https%3A%2F%2Fwww.tcgplayer.com%2Fproduct%2F523752%2Fpokemon-sv04-paradox-rift-scream-tail
Ancient Box,Professor Sada's Vitality,4.0,PAR,$0.52,https://partner.tcgplayer.com/LIMITLESS?u=https%3A%2F%2Fwww.tcgplayer.com%2Fproduct%2F523851%2Fpokemon-sv04-paradox-rift-professor-sadas-vitality
Ancient Box,Explorer's Guidance,4.0,TEF,$0.24,https://partner.tcgplayer.com/LIMITLESS?u=https%3A%2F%2Fwww.tcgplayer.com%2Fproduct%2F542662%2Fpokemon-sv05-temporal-forces-explorers-guidance-147-162
Ancient Box,Earthen Vessel,4.0,PAR,$1.40,https://partner.tcgplayer.com/LIMITLESS?u=https%3A%2F%2Fwww.tcgplayer.com%2Fproduct%2F523844%2Fpokemon-sv04-paradox-rift-earthen-vessel
Ancient Box,Ancient Booster Energy Capsule,4.0,TEF,$0.36,https://partner.tcgplayer.com/LIMITLESS?u=https%3A%2F%2Fwww.tcgplayer.com%2Fproduct%2F542651%2Fpokemon-sv05-temporal-forces-ancient-booster-energy-capsule
Ancient Box,Nest Ball,3.9,SVI,$1.24,https://partner.tcgplayer.com/LIMITLESS?u=https%3A%2F%2Fwww.tcgplayer.com%2Fproduct%2F488087%2Fsv01-scarlet-and-violet-base-set-nest-ball-181-198
Ancient Box,Pokégear 3.0,2.9,SVI,$5.42,https://partner.tcgplayer.com/LIMITLESS?u=https%3A%2F%2Fwww.tcgplayer.com%2Fproduct%2F488092%2Fsv01-scarlet-and-violet-base-set-pokegear-30-186-198
Ancient Box,PokéStop,2.7,PGO,$0.94,https://partner.tcgplayer.com/LIMITLESS?u=https%3A%2F%2Fwww.tcgplayer.com%2Fproduct%2F276996%2Fpokemon-go-pokestop
Ancient Box,Night Stretcher,2.1,SFA,$5.83,https://partner.tcgplayer.com/LIMITLESS?u=https%3A%2F%2Fwww.tcgplayer.com%2Fproduct%2F560372%2Fpokemon-sv-shrouded-fable-night-stretcher
Ancient Box,Counter Catcher,1.7,PAR,$2.89,https://partner.tcgplayer.com/LIMITLESS?u=https%3A%2F%2Fwww.tcgplayer.com%2Fproduct%2F523841%2Fpokemon-sv04-paradox-rift-counter-catcher
Ancient Box,Ultra Ball,1.4,SVI,$0.28,https://partner.tcgplayer.com/LIMITLESS?u=https%3A%2F%2Fwww.tcgplayer.com%2Fproduct%2F488105%2Fsv01-scarlet-and-violet-base-set-ultra-ball-196-198
Ancient Box,Super Rod,1.1,PAL,$0.36,https://partner.tcgplayer.com/LIMITLESS?u=https%3A%2F%2Fwww.tcgplayer.com%2Fproduct%2F497560%2Fpokemon-sv02-paldea-evolved-super-rod-188-193
Ancient Box,Dark Patch,1.1,ASR,$0.15,https://partner.tcgplayer.com/LIMITLESS?u=https%3A%2F%2Fwww.tcgplayer.com%2Fproduct%2F272391%2Fswsh10-astral-radiance-dark-patch
Ancient Box,Boss's Orders,1.0,PAL,$1.23,https://partner.tcgplayer.com/LIMITLESS?u=https%3A%2F%2Fwww.tcgplayer.com%2Fproduct%2F497544%2Fpokemon-sv02-paldea-evolved-bosss-orders-172-193
Ancient Box,Superior Energy Retrieval,1.0,PAL,$0.44,https://partner.tcgplayer.com/LIMITLESS?u=https%3A%2F%2Fwww.tcgplayer.com%2Fproduct%2F497562%2Fpokemon-sv02-paldea-evolved-superior-energy-retrieval-189-193
Ancient Box,Pal Pad,1.0,SVI,$0.36,https://partner.tcgplayer.com/LIMITLESS?u=https%3A%2F%2Fwww.tcgplayer.com%2Fproduct%2F488088%2Fsv01-scarlet-and-violet-base-set-pal-pad-182-198
Ancient Box,Hisuian Heavy Ball,0.6,ASR,$0.22,https://partner.tcgplayer.com/LIMITLESS?u=https%3A%2F%2Fwww.tcgplayer.com%2Fproduct%2F272398%2Fswsh10-astral-radiance-hisuian-heavy-ball
Ancient Box,Brilliant Blender,0.5,SSP,$1.43,https://partner.tcgplayer.com/LIMITLESS?u=https%3A%2F%2Fwww.tcgplayer.com%2Fproduct%2F589880%2Fpokemon-sv08-surging-sparks-brilliant-blender
Ancient Box,Secret Box,0.4,TWM,$1.70,https://partner.tcgplayer.com/LIMITLESS?u=https%3A%2F%2Fwww.tcgplayer.com%2Fproduct%2F550207%2Fpokemon-sv06-twilight-masquerade-secret-box
Ancient Box,Thorton,0.2,LOR,$0.01,https://partner.tcgplayer.com/LIMITLESS?u=https%3A%2F%2Fwww.tcgplayer.com%2Fproduct%2F284100%2Fswsh11-lost-origin-thorton
Ancient Box,Pokémon Catcher,0.2,SVI,$0.03,https://partner.tcgplayer.com/LIMITLESS?u=https%3A%2F%2Fwww.tcgplayer.com%2Fproduct%2F488093%2Fsv01-scarlet-and-violet-base-set-pokemon-catcher-187-198
Ancient Box,Prime Catcher,0.1,TEF,$0.27,https://partner.tcgplayer.com/LIMITLESS?u=https%3A%2F%2Fwww.tcgplayer.com%2Fproduct%2F542674%2Fpokemon-sv05-temporal-forces-prime-catcher
Ancient Box,Gravity Mountain,0.1,SSP,$0.01,https://partner.tcgplayer.com/LIMITLESS?u=https%3A%2F%2Fwww.tcgplayer.com%2Fproduct%2F589961%2Fpokemon-sv08-surging-sparks-gravity-mountain
Ancient Box,Penny,0.1,SVI,$0.01,https://partner.tcgplayer.com/LIMITLESS?u=https%3A%2F%2Fwww.tcgplayer.com%2Fproduct%2F488089%2Fsv01-scarlet-and-violet-base-set-penny-183-198
Ancient Box,Darkness Energy,7.0,SVE,$0.28,https://partner.tcgplayer.com/LIMITLESS?u=https%3A%2F%2Fwww.tcgplayer.com%2Fproduct%2F578868%2Fpokemon-sv07-stellar-crown-basic-darkness-energy
Regis Ancient Wisdom,Regirock,2.0,ASR,$0.28,https://partner.tcgplayer.com/LIMITLESS?u=https%3A%2F%2Fwww.tcgplayer.com%2Fproduct%2F272276%2Fswsh10-astral-radiance-regirock
Regis Ancient Wisdom,Regigigas,2.0,ASR,$0.54,https://partner.tcgplayer.com/LIMITLESS?u=https%3A%2F%2Fwww.tcgplayer.com%2Fproduct%2F272371%2Fswsh10-astral-radiance-regigigas
Regis Ancient Wisdom,Regidrago,2.0,ASR,$0.38,https://partner.tcgplayer.com/LIMITLESS?u=https%3A%2F%2Fwww.tcgplayer.com%2Fproduct%2F272349%2Fswsh10-astral-radiance-regidrago
Regis Ancient Wisdom,Registeel,2.0,ASR,$0.48,https://partner.tcgplayer.com/LIMITLESS?u=https%3A%2F%2Fwww.tcgplayer.com%2Fproduct%2F272708%2Fswsh10-astral-radiance-registeel
Regis Ancient Wisdom,Pikachu ex,2.0,SSP,$12.76,https://partner.tcgplayer.com/LIMITLESS?u=https%3A%2F%2Fwww.tcgplayer.com%2Fproduct%2F590025%2Fpokemon-sv08-surging-sparks-pikachu-ex-057-191
Regis Ancient Wisdom,Regice,2.0,ASR,$0.36,https://partner.tcgplayer.com/LIMITLESS?u=https%3A%2F%2Fwww.tcgplayer.com%2Fproduct%2F272237%2Fswsh10-astral-radiance-regice
Regis Ancient Wisdom,Regieleki,2.0,ASR,$0.34,https://partner.tcgplayer.com/LIMITLESS?u=https%3A%2F%2Fwww.tcgplayer.com%2Fproduct%2F272252%2Fswsh10-astral-radiance-regieleki
Regis Ancient Wisdom,Radiant Greninja,1.0,ASR,$1.20,https://partner.tcgplayer.com/LIMITLESS?u=https%3A%2F%2Fwww.tcgplayer.com%2Fproduct%2F272246%2Fswsh10-astral-radiance-radiant-greninja
Regis Ancient Wisdom,Squawkabilly ex,1.0,PAL,$0.90,https://partner.tcgplayer.com/LIMITLESS?u=https%3A%2F%2Fwww.tcgplayer.com%2Fproduct%2F497590%2Fpokemon-sv02-paldea-evolved-squawkabilly-ex
Regis Ancient Wisdom,Iron Bundle,1.0,PAR,$0.14,https://partner.tcgplayer.com/LIMITLESS?u=https%3A%2F%2Fwww.tcgplayer.com%2Fproduct%2F523666%2Fpokemon-sv04-paradox-rift-iron-bundle
Regis Ancient Wisdom,Nest Ball,4.0,SVI,$1.28,https://partner.tcgplayer.com/LIMITLESS?u=https%3A%2F%2Fwww.tcgplayer.com%2Fproduct%2F488087%2Fsv01-scarlet-and-violet-base-set-nest-ball-181-198
Regis Ancient Wisdom,Area Zero Underdepths,4.0,SCR,$0.48,https://partner.tcgplayer.com/LIMITLESS?u=https%3A%2F%2Fwww.tcgplayer.com%2Fproduct%2F567384%2Fpokemon-sv07-stellar-crown-area-zero-underdepths-131-142
Regis Ancient Wisdom,Ciphermaniac's Codebreaking,3.0,TEF,$0.36,https://partner.tcgplayer.com/LIMITLESS?u=https%3A%2F%2Fwww.tcgplayer.com%2Fproduct%2F542660%2Fpokemon-sv05-temporal-forces-ciphermaniacs-codebreaking-145-162
Regis Ancient Wisdom,Switch Cart,3.0,ASR,$0.93,https://partner.tcgplayer.com/LIMITLESS?u=https%3A%2F%2Fwww.tcgplayer.com%2Fproduct%2F272406%2Fswsh10-astral-radiance-switch-cart
Regis Ancient Wisdom,Earthen Vessel,3.0,PAR,$1.05,https://partner.tcgplayer.com/LIMITLESS?u=https%3A%2F%2Fwww.tcgplayer.com%2Fproduct%2F523844%2Fpokemon-sv04-paradox-rift-earthen-vessel
Regis Ancient Wisdom,Trekking Shoes,3.0,ASR,$0.33,https://partner.tcgplayer.com/LIMITLESS?u=https%3A%2F%2Fwww.tcgplayer.com%2Fproduct%2F272408%2Fswsh10-astral-radiance-trekking-shoes
Regis Ancient Wisdom,Night Stretcher,3.0,SFA,$8.34,https://partner.tcgplayer.com/LIMITLESS?u=https%3A%2F%2Fwww.tcgplayer.com%2Fproduct%2F560372%2Fpokemon-sv-shrouded-fable-night-stretcher
Regis Ancient Wisdom,Iono,2.0,PAL,$0.68,https://partner.tcgplayer.com/LIMITLESS?u=https%3A%2F%2Fwww.tcgplayer.com%2Fproduct%2F497557%2Fpokemon-sv02-paldea-evolved-iono-185-193
Regis Ancient Wisdom,Professor's Research,2.0,JTG,$0.20,https://partner.tcgplayer.com/LIMITLESS?u=https%3A%2F%2Fwww.tcgplayer.com%2Fproduct%2F623582%2Fpokemon-sv09-journey-together-professors-research
Regis Ancient Wisdom,Ultra Ball,2.0,SVI,$0.40,https://partner.tcgplayer.com/LIMITLESS?u=https%3A%2F%2Fwww.tcgplayer.com%2Fproduct%2F488105%2Fsv01-scarlet-and-violet-base-set-ultra-ball-196-198
Regis Ancient Wisdom,Serena,1.0,SIT,$0.09,https://partner.tcgplayer.com/LIMITLESS?u=https%3A%2F%2Fwww.tcgplayer.com%2Fproduct%2F451812%2Fswsh12-silver-tempest-serena
Regis Ancient Wisdom,Boss's Orders,1.0,PAL,$1.23,https://partner.tcgplayer.com/LIMITLESS?u=https%3A%2F%2Fwww.tcgplayer.com%2Fproduct%2F497544%2Fpokemon-sv02-paldea-evolved-bosss-orders-172-193
Regis Ancient Wisdom,Hisuian Heavy Ball,1.0,ASR,$0.38,https://partner.tcgplayer.com/LIMITLESS?u=https%3A%2F%2Fwww.tcgplayer.com%2Fproduct%2F272398%2Fswsh10-astral-radiance-hisuian-heavy-ball
Regis Ancient Wisdom,Super Rod,1.0,PAL,$0.33,https://partner.tcgplayer.com/LIMITLESS?u=https%3A%2F%2Fwww.tcgplayer.com%2Fproduct%2F497560%2Fpokemon-sv02-paldea-evolved-super-rod-188-193
Regis Ancient Wisdom,Precious Trolley,1.0,SSP,$6.21,https://partner.tcgplayer.com/LIMITLESS?u=https%3A%2F%2Fwww.tcgplayer.com%2Fproduct%2F590028%2Fpokemon-sv08-surging-sparks-precious-trolley
Regis Ancient Wisdom,Water Energy,2.0,SVE,$0.10,https://partner.tcgplayer.com/LIMITLESS?u=https%3A%2F%2Fwww.tcgplayer.com%2Fproduct%2F578862%2Fpokemon-sv07-stellar-crown-basic-water-energy
Regis Ancient Wisdom,Lightning Energy,2.0,SVE,$0.10,https://partner.tcgplayer.com/LIMITLESS?u=https%3A%2F%2Fwww.tcgplayer.com%2Fproduct%2F578866%2Fpokemon-sv07-stellar-crown-basic-lightning-energy
Regis Ancient Wisdom,Grass Energy,2.0,SVE,$0.12,https://partner.tcgplayer.com/LIMITLESS?u=https%3A%2F%2Fwww.tcgplayer.com%2Fproduct%2F578864%2Fpokemon-sv07-stellar-crown-basic-grass-energy
Regis Ancient Wisdom,Metal Energy,2.0,SVE,$0.08,https://partner.tcgplayer.com/LIMITLESS?u=https%3A%2F%2Fwww.tcgplayer.com%2Fproduct%2F578869%2Fpokemon-sv07-stellar-crown-basic-metal-energy
Regis Ancient Wisdom,Luminous Energy,1.0,PAL,$0.19,https://partner.tcgplayer.com/LIMITLESS?u=https%3A%2F%2Fwww.tcgplayer.com%2Fproduct%2F497564%2Fpokemon-sv02-paldea-evolved-luminous-energy
Future,Iron Crown ex,4.0,TEF,$3.88,https://partner.tcgplayer.com/LIMITLESS?u=https%3A%2F%2Fwww.tcgplayer.com%2Fproduct%2F542825%2Fpokemon-sv05-temporal-forces-iron-crown-ex-081-162
Future,Miraidon,2.0,TEF,$0.30,https://partner.tcgplayer.com/LIMITLESS?u=https%3A%2F%2Fwww.tcgplayer.com%2Fproduct%2F542865%2Fpokemon-sv05-temporal-forces-miraidon
Future,Iron Thorns ex,2.0,TWM,$1.54,https://partner.tcgplayer.com/LIMITLESS?u=https%3A%2F%2Fwww.tcgplayer.com%2Fproduct%2F550121%2Fpokemon-sv06-twilight-masquerade-iron-thorns-ex-077-167
Future,Iron Hands ex,2.0,PAR,$4.58,https://partner.tcgplayer.com/LIMITLESS?u=https%3A%2F%2Fwww.tcgplayer.com%2Fproduct%2F523706%2Fpokemon-sv04-paradox-rift-iron-hands-ex-070-182
Future,Mew ex,1.0,MEW,$7.70,https://partner.tcgplayer.com/LIMITLESS?u=https%3A%2F%2Fwww.tcgplayer.com%2Fproduct%2F516566%2Fpokemon-sv-scarlet-and-violet-151-mew-ex-151-165
Future,Iron Bundle,1.0,PAR,$0.14,https://partner.tcgplayer.com/LIMITLESS?u=https%3A%2F%2Fwww.tcgplayer.com%2Fproduct%2F523666%2Fpokemon-sv04-paradox-rift-iron-bundle
Future,Bloodmoon Ursaluna ex,1.0,TWM,$1.95,https://partner.tcgplayer.com/LIMITLESS?u=https%3A%2F%2Fwww.tcgplayer.com%2Fproduct%2F550185%2Fpokemon-sv06-twilight-masquerade-bloodmoon-ursaluna-ex-141-167
Future,Arven,4.0,OBF,$12.04,https://partner.tcgplayer.com/LIMITLESS?u=https%3A%2F%2Fwww.tcgplayer.com%2Fproduct%2F509778%2Fpokemon-sv03-obsidian-flames-arven
Future,Techno Radar,4.0,PAR,$0.24,https://partner.tcgplayer.com/LIMITLESS?u=https%3A%2F%2Fwww.tcgplayer.com%2Fproduct%2F523861%2Fpokemon-sv04-paradox-rift-techno-radar
Future,Electric Generator,4.0,SVI,$0.28,https://partner.tcgplayer.com/LIMITLESS?u=https%3A%2F%2Fwww.tcgplayer.com%2Fproduct%2F488075%2Fsv01-scarlet-and-violet-base-set-electric-generator-170-198
Future,Iono,3.0,PAL,$1.02,https://partner.tcgplayer.com/LIMITLESS?u=https%3A%2F%2Fwww.tcgplayer.com%2Fproduct%2F497557%2Fpokemon-sv02-paldea-evolved-iono-185-193
Future,Boss's Orders,3.0,PAL,$3.69,https://partner.tcgplayer.com/LIMITLESS?u=https%3A%2F%2Fwww.tcgplayer.com%2Fproduct%2F497544%2Fpokemon-sv02-paldea-evolved-bosss-orders-172-193
Future,Future Booster Energy Capsule,3.0,TEF,$0.18,https://partner.tcgplayer.com/LIMITLESS?u=https%3A%2F%2Fwww.tcgplayer.com%2Fproduct%2F542664%2Fpokemon-sv05-temporal-forces-future-booster-energy-capsule
Future,Professor's Research,2.0,JTG,$0.20,https://partner.tcgplayer.com/LIMITLESS?u=https%3A%2F%2Fwww.tcgplayer.com%2Fproduct%2F623582%2Fpokemon-sv09-journey-together-professors-research
Future,Heavy Baton,2.0,TEF,$0.22,https://partner.tcgplayer.com/LIMITLESS?u=https%3A%2F%2Fwww.tcgplayer.com%2Fproduct%2F542666%2Fpokemon-sv05-temporal-forces-heavy-baton
Future,Town Store,2.0,OBF,$0.36,https://partner.tcgplayer.com/LIMITLESS?u=https%3A%2F%2Fwww.tcgplayer.com%2Fproduct%2F509788%2Fpokemon-sv03-obsidian-flames-town-store
Future,Morty's Conviction,1.0,TEF,$0.12,https://partner.tcgplayer.com/LIMITLESS?u=https%3A%2F%2Fwww.tcgplayer.com%2Fproduct%2F542671%2Fpokemon-sv05-temporal-forces-mortys-conviction-155-162
Future,Picnic Basket,1.0,SVI,$0.06,https://partner.tcgplayer.com/LIMITLESS?u=https%3A%2F%2Fwww.tcgplayer.com%2Fproduct%2F488090%2Fsv01-scarlet-and-violet-base-set-picnic-basket-184-198
Future,Prime Catcher,1.0,TEF,$2.74,https://partner.tcgplayer.com/LIMITLESS?u=https%3A%2F%2Fwww.tcgplayer.com%2Fproduct%2F542674%2Fpokemon-sv05-temporal-forces-prime-catcher
Future,Super Rod,1.0,PAL,$0.33,https://partner.tcgplayer.com/LIMITLESS?u=https%3A%2F%2Fwww.tcgplayer.com%2Fproduct%2F497560%2Fpokemon-sv02-paldea-evolved-super-rod-188-193
Future,Pokégear 3.0,1.0,SVI,$1.87,https://partner.tcgplayer.com/LIMITLESS?u=https%3A%2F%2Fwww.tcgplayer.com%2Fproduct%2F488092%2Fsv01-scarlet-and-violet-base-set-pokegear-30-186-198
Future,Switch,1.0,SVI,$0.16,https://partner.tcgplayer.com/LIMITLESS?u=https%3A%2F%2Fwww.tcgplayer.com%2Fproduct%2F488102%2Fsv01-scarlet-and-violet-base-set-switch-194-198
Future,Lightning Energy,12.0,SVE,$0.60,https://partner.tcgplayer.com/LIMITLESS?u=https%3A%2F%2Fwww.tcgplayer.com%2Fproduct%2F578866%2Fpokemon-sv07-stellar-crown-basic-lightning-energy
Future,Psychic Energy,2.0,SVE,$0.10,https://partner.tcgplayer.com/LIMITLESS?u=https%3A%2F%2Fwww.tcgplayer.com%2Fproduct%2F578865%2Fpokemon-sv07-stellar-crown-basic-psychic-energy
Inteleon VMAX (Rapid Strike),Inteleon V,3.0,FST,$1.68,https://partner.tcgplayer.com/LIMITLESS?u=https%3A%2F%2Fwww.tcgplayer.com%2Fproduct%2F253232%2Fswsh08-fusion-strike-inteleon-v
Inteleon VMAX (Rapid Strike),Inteleon VMAX,3.0,FST,$3.96,https://partner.tcgplayer.com/LIMITLESS?u=https%3A%2F%2Fwww.tcgplayer.com%2Fproduct%2F253233%2Fswsh08-fusion-strike-inteleon-vmax
Inteleon VMAX (Rapid Strike),Rapid Strike Urshifu V,2.0,BST,$1.14,https://partner.tcgplayer.com/LIMITLESS?u=https%3A%2F%2Fwww.tcgplayer.com%2Fproduct%2F234267%2Fswsh05-battle-styles-rapid-strike-urshifu-v
Inteleon VMAX (Rapid Strike),Rapid Strike Urshifu VMAX,2.0,BST,$2.16,https://partner.tcgplayer.com/LIMITLESS?u=https%3A%2F%2Fwww.tcgplayer.com%2Fproduct%2F234268%2Fswsh05-battle-styles-rapid-strike-urshifu-vmax
Inteleon VMAX (Rapid Strike),Octillery,2.0,BST,$0.42,https://partner.tcgplayer.com/LIMITLESS?u=https%3A%2F%2Fwww.tcgplayer.com%2Fproduct%2F234172%2Fswsh05-battle-styles-octillery
Inteleon VMAX (Rapid Strike),Remoraid,1.68,BST,$0.11,https://partner.tcgplayer.com/LIMITLESS?u=https%3A%2F%2Fwww.tcgplayer.com%2Fproduct%2F234168%2Fswsh05-battle-styles-remoraid
Inteleon VMAX (Rapid Strike),Medicham V,1.0,EVS,$0.54,https://partner.tcgplayer.com/LIMITLESS?u=https%3A%2F%2Fwww.tcgplayer.com%2Fproduct%2F246705%2Fswsh07-evolving-skies-medicham-v
Inteleon VMAX (Rapid Strike),Radiant Alakazam,1.0,SIT,$0.90,https://partner.tcgplayer.com/LIMITLESS?u=https%3A%2F%2Fwww.tcgplayer.com%2Fproduct%2F451394%2Fswsh12-silver-tempest-radiant-alakazam
Inteleon VMAX (Rapid Strike),Squawkabilly ex,0.69,PAL,$0.62,https://partner.tcgplayer.com/LIMITLESS?u=https%3A%2F%2Fwww.tcgplayer.com%2Fproduct%2F497590%2Fpokemon-sv02-paldea-evolved-squawkabilly-ex
Inteleon VMAX (Rapid Strike),Spiritomb,0.6,PAL,$0.07,https://partner.tcgplayer.com/LIMITLESS?u=https%3A%2F%2Fwww.tcgplayer.com%2Fproduct%2F497504%2Fpokemon-sv02-paldea-evolved-spiritomb
Inteleon VMAX (Rapid Strike),Lumineon V,0.45,BRS,$0.64,https://partner.tcgplayer.com/LIMITLESS?u=https%3A%2F%2Fwww.tcgplayer.com%2Fproduct%2F263740%2Fswsh09-brilliant-stars-lumineon-v
Inteleon VMAX (Rapid Strike),Remoraid,0.32,PAR,$0.01,https://partner.tcgplayer.com/LIMITLESS?u=https%3A%2F%2Fwww.tcgplayer.com%2Fproduct%2F523642%2Fpokemon-sv04-paradox-rift-remoraid
Inteleon VMAX (Rapid Strike),Drapion V,0.06,LOR,$0.03,https://partner.tcgplayer.com/LIMITLESS?u=https%3A%2F%2Fwww.tcgplayer.com%2Fproduct%2F284018%2Fswsh11-lost-origin-drapion-v
Inteleon VMAX (Rapid Strike),Passimian,0.03,CRE,$0.00,https://partner.tcgplayer.com/LIMITLESS?u=https%3A%2F%2Fwww.tcgplayer.com%2Fproduct%2F241755%2Fswsh06-chilling-reign-passimian
Inteleon VMAX (Rapid Strike),Basculin,0.02,FST,$0.00,https://partner.tcgplayer.com/LIMITLESS?u=https%3A%2F%2Fwww.tcgplayer.com%2Fproduct%2F253215%2Fswsh08-fusion-strike-basculin
Inteleon VMAX (Rapid Strike),Ultra Ball,3.9,SVI,$0.78,https://partner.tcgplayer.com/LIMITLESS?u=https%3A%2F%2Fwww.tcgplayer.com%2Fproduct%2F488105%2Fsv01-scarlet-and-violet-base-set-ultra-ball-196-198
Inteleon VMAX (Rapid Strike),Battle VIP Pass,3.81,FST,$0.60,https://partner.tcgplayer.com/LIMITLESS?u=https%3A%2F%2Fwww.tcgplayer.com%2Fproduct%2F253091%2Fswsh08-fusion-strike-battle-vip-pass
Inteleon VMAX (Rapid Strike),Tower of Waters,3.0,BST,$0.24,https://partner.tcgplayer.com/LIMITLESS?u=https%3A%2F%2Fwww.tcgplayer.com%2Fproduct%2F234145%2Fswsh05-battle-styles-tower-of-waters
Inteleon VMAX (Rapid Strike),Professor's Research,2.48,SVI,$0.29,https://partner.tcgplayer.com/LIMITLESS?u=https%3A%2F%2Fwww.tcgplayer.com%2Fproduct%2F475423%2Fsv01-scarlet-and-violet-base-set-professors-research-189-198
Inteleon VMAX (Rapid Strike),Iono,2.29,PAL,$0.77,https://partner.tcgplayer.com/LIMITLESS?u=https%3A%2F%2Fwww.tcgplayer.com%2Fproduct%2F497557%2Fpokemon-sv02-paldea-evolved-iono-185-193
Inteleon VMAX (Rapid Strike),Energy Retrieval,2.0,SVI,$0.38,https://partner.tcgplayer.com/LIMITLESS?u=https%3A%2F%2Fwww.tcgplayer.com%2Fproduct%2F488076%2Fsv01-scarlet-and-violet-base-set-energy-retrieval-171-198
Inteleon VMAX (Rapid Strike),Forest Seal Stone,2.0,SIT,$1.48,https://partner.tcgplayer.com/LIMITLESS?u=https%3A%2F%2Fwww.tcgplayer.com%2Fproduct%2F451804%2Fswsh12-silver-tempest-forest-seal-stone
Inteleon VMAX (Rapid Strike),Melony,1.85,CRE,$0.14,https://partner.tcgplayer.com/LIMITLESS?u=https%3A%2F%2Fwww.tcgplayer.com%2Fproduct%2F241847%2Fswsh06-chilling-reign-melony
Inteleon VMAX (Rapid Strike),Korrina's Focus,1.76,BST,$0.15,https://partner.tcgplayer.com/LIMITLESS?u=https%3A%2F%2Fwww.tcgplayer.com%2Fproduct%2F234121%2Fswsh05-battle-styles-korrinas-focus
Inteleon VMAX (Rapid Strike),Klara,1.63,CRE,$0.16,https://partner.tcgplayer.com/LIMITLESS?u=https%3A%2F%2Fwww.tcgplayer.com%2Fproduct%2F241844%2Fswsh06-chilling-reign-klara
Inteleon VMAX (Rapid Strike),Technical Machine: Devolution,1.63,PAR,$0.26,https://partner.tcgplayer.com/LIMITLESS?u=https%3A%2F%2Fwww.tcgplayer.com%2Fproduct%2F523858%2Fpokemon-sv04-paradox-rift-technical-machine-devolution
Inteleon VMAX (Rapid Strike),Earthen Vessel,1.56,PAR,$0.54,https://partner.tcgplayer.com/LIMITLESS?u=https%3A%2F%2Fwww.tcgplayer.com%2Fproduct%2F523844%2Fpokemon-sv04-paradox-rift-earthen-vessel
Inteleon VMAX (Rapid Strike),Nest Ball,1.26,SVI,$0.40,https://partner.tcgplayer.com/LIMITLESS?u=https%3A%2F%2Fwww.tcgplayer.com%2Fproduct%2F488087%2Fsv01-scarlet-and-violet-base-set-nest-ball-181-198
Inteleon VMAX (Rapid Strike),Arven,0.94,OBF,$2.82,https://partner.tcgplayer.com/LIMITLESS?u=https%3A%2F%2Fwww.tcgplayer.com%2Fproduct%2F509778%2Fpokemon-sv03-obsidian-flames-arven
Inteleon VMAX (Rapid Strike),Professor Turo's Scenario,0.9,PAR,$0.14,https://partner.tcgplayer.com/LIMITLESS?u=https%3A%2F%2Fwww.tcgplayer.com%2Fproduct%2F523852%2Fpokemon-sv04-paradox-rift-professor-turos-scenario
Inteleon VMAX (Rapid Strike),Escape Rope,0.82,BST,$0.10,https://partner.tcgplayer.com/LIMITLESS?u=https%3A%2F%2Fwww.tcgplayer.com%2Fproduct%2F234117%2Fswsh05-battle-styles-escape-rope
Inteleon VMAX (Rapid Strike),Irida,0.55,ASR,$0.90,https://partner.tcgplayer.com/LIMITLESS?u=https%3A%2F%2Fwww.tcgplayer.com%2Fproduct%2F272399%2Fswsh10-astral-radiance-irida
Inteleon VMAX (Rapid Strike),Hisuian Heavy Ball,0.18,ASR,$0.06,https://partner.tcgplayer.com/LIMITLESS?u=https%3A%2F%2Fwww.tcgplayer.com%2Fproduct%2F272398%2Fswsh10-astral-radiance-hisuian-heavy-ball
Inteleon VMAX (Rapid Strike),Counter Catcher,0.1,PAR,$0.17,https://partner.tcgplayer.com/LIMITLESS?u=https%3A%2F%2Fwww.tcgplayer.com%2Fproduct%2F523841%2Fpokemon-sv04-paradox-rift-counter-catcher
Inteleon VMAX (Rapid Strike),Technical Machine: Evolution,0.05,PAR,$0.01,https://partner.tcgplayer.com/LIMITLESS?u=https%3A%2F%2Fwww.tcgplayer.com%2Fproduct%2F523859%2Fpokemon-sv04-paradox-rift-technical-machine-evolution
Inteleon VMAX (Rapid Strike),Echoing Horn,0.05,CRE,$0.00,https://partner.tcgplayer.com/LIMITLESS?u=https%3A%2F%2Fwww.tcgplayer.com%2Fproduct%2F241828%2Fswsh06-chilling-reign-echoing-horn
Inteleon VMAX (Rapid Strike),Super Rod,0.03,PAL,$0.00,https://partner.tcgplayer.com/LIMITLESS?u=https%3A%2F%2Fwww.tcgplayer.com%2Fproduct%2F497560%2Fpokemon-sv02-paldea-evolved-super-rod-188-193
Inteleon VMAX (Rapid Strike),Lost Vacuum,0.02,LOR,$0.00,https://partner.tcgplayer.com/LIMITLESS?u=https%3A%2F%2Fwww.tcgplayer.com%2Fproduct%2F284094%2Fswsh11-lost-origin-lost-vacuum
Inteleon VMAX (Rapid Strike),Pal Pad,0.02,SVI,$0.00,https://partner.tcgplayer.com/LIMITLESS?u=https%3A%2F%2Fwww.tcgplayer.com%2Fproduct%2F488088%2Fsv01-scarlet-and-violet-base-set-pal-pad-182-198
Inteleon VMAX (Rapid Strike),Water Energy,5.31,SVE,$0.26,https://partner.tcgplayer.com/LIMITLESS?u=https%3A%2F%2Fwww.tcgplayer.com%2Fproduct%2F578862%2Fpokemon-sv07-stellar-crown-basic-water-energy
Inteleon VMAX (Rapid Strike),Rapid Strike Energy,4.0,BST,$0.48,https://partner.tcgplayer.com/LIMITLESS?u=https%3A%2F%2Fwww.tcgplayer.com%2Fproduct%2F234147%2Fswsh05-battle-styles-rapid-strike-energy
Inteleon VMAX (Rapid Strike),Psychic Energy,0.02,SVE,$0.00,https://partner.tcgplayer.com/LIMITLESS?u=https%3A%2F%2Fwww.tcgplayer.com%2Fproduct%2F578865%2Fpokemon-sv07-stellar-crown-basic-psychic-energy
Regidrago VSTAR,Regidrago V,3.0,SIT,$1.77,https://partner.tcgplayer.com/LIMITLESS?u=https%3A%2F%2Fwww.tcgplayer.com%2Fproduct%2F451788%2Fswsh12-silver-tempest-regidrago-v
Regidrago VSTAR,Regidrago VSTAR,3.0,SIT,$2.52,https://partner.tcgplayer.com/LIMITLESS?u=https%3A%2F%2Fwww.tcgplayer.com%2Fproduct%2F451395%2Fswsh12-silver-tempest-regidrago-vstar
Regidrago VSTAR,Teal Mask Ogerpon ex,2.7,TWM,$9.63,https://partner.tcgplayer.com/LIMITLESS?u=https%3A%2F%2Fwww.tcgplayer.com%2Fproduct%2F550069%2Fpokemon-sv06-twilight-masquerade-teal-mask-ogerpon-ex-025-167
Regidrago VSTAR,Dragapult ex,1.74,TWM,$6.64,https://partner.tcgplayer.com/LIMITLESS?u=https%3A%2F%2Fwww.tcgplayer.com%2Fproduct%2F550174%2Fpokemon-sv06-twilight-masquerade-dragapult-ex-130-167
Regidrago VSTAR,Squawkabilly ex,1.17,PAL,$1.05,https://partner.tcgplayer.com/LIMITLESS?u=https%3A%2F%2Fwww.tcgplayer.com%2Fproduct%2F497590%2Fpokemon-sv02-paldea-evolved-squawkabilly-ex
Regidrago VSTAR,Kyurem,1.04,SFA,$0.07,https://partner.tcgplayer.com/LIMITLESS?u=https%3A%2F%2Fwww.tcgplayer.com%2Fproduct%2F560358%2Fpokemon-sv-shrouded-fable-kyurem
Regidrago VSTAR,Giratina VSTAR,1.0,LOR,$1.53,https://partner.tcgplayer.com/LIMITLESS?u=https%3A%2F%2Fwww.tcgplayer.com%2Fproduct%2F284051%2Fswsh11-lost-origin-giratina-vstar
Regidrago VSTAR,Budew,0.96,PRE,$0.81,https://partner.tcgplayer.com/LIMITLESS?u=https%3A%2F%2Fwww.tcgplayer.com%2Fproduct%2F610359%2Fpokemon-sv-prismatic-evolutions-budew
Regidrago VSTAR,Fezandipiti ex,0.96,SFA,$12.42,https://partner.tcgplayer.com/LIMITLESS?u=https%3A%2F%2Fwww.tcgplayer.com%2Fproduct%2F560348%2Fpokemon-sv-shrouded-fable-fezandipiti-ex-038-064
Regidrago VSTAR,Mew ex,0.83,MEW,$6.39,https://partner.tcgplayer.com/LIMITLESS?u=https%3A%2F%2Fwww.tcgplayer.com%2Fproduct%2F516566%2Fpokemon-sv-scarlet-and-violet-151-mew-ex-151-165
Regidrago VSTAR,Latias ex,0.74,SSP,$4.32,https://partner.tcgplayer.com/LIMITLESS?u=https%3A%2F%2Fwww.tcgplayer.com%2Fproduct%2F589983%2Fpokemon-sv08-surging-sparks-latias-ex-076-191
Regidrago VSTAR,Hisuian Goodra VSTAR,0.65,LOR,$0.54,https://partner.tcgplayer.com/LIMITLESS?u=https%3A%2F%2Fwww.tcgplayer.com%2Fproduct%2F284059%2Fswsh11-lost-origin-hisuian-goodra-vstar
Regidrago VSTAR,Radiant Charizard,0.65,CRZ,$2.24,https://partner.tcgplayer.com/LIMITLESS?u=https%3A%2F%2Fwww.tcgplayer.com%2Fproduct%2F478098%2Fcrown-zenith-radiant-charizard
Regidrago VSTAR,Cleffa,0.26,OBF,$0.09,https://partner.tcgplayer.com/LIMITLESS?u=https%3A%2F%2Fwww.tcgplayer.com%2Fproduct%2F509809%2Fpokemon-sv03-obsidian-flames-cleffa
Regidrago VSTAR,Radiant Alakazam,0.22,SIT,$0.19,https://partner.tcgplayer.com/LIMITLESS?u=https%3A%2F%2Fwww.tcgplayer.com%2Fproduct%2F451394%2Fswsh12-silver-tempest-radiant-alakazam
Regidrago VSTAR,Alolan Exeggutor ex,0.22,SSP,$0.15,https://partner.tcgplayer.com/LIMITLESS?u=https%3A%2F%2Fwww.tcgplayer.com%2Fproduct%2F589858%2Fpokemon-sv08-surging-sparks-alolan-exeggutor-ex-133-191
Regidrago VSTAR,Entei V,0.13,BRS,$0.13,https://partner.tcgplayer.com/LIMITLESS?u=https%3A%2F%2Fwww.tcgplayer.com%2Fproduct%2F263715%2Fswsh09-brilliant-stars-entei-v
Regidrago VSTAR,Iron Leaves ex,0.04,TEF,$0.04,https://partner.tcgplayer.com/LIMITLESS?u=https%3A%2F%2Fwww.tcgplayer.com%2Fproduct%2F542769%2Fpokemon-sv05-temporal-forces-iron-leaves-ex-025-162
Regidrago VSTAR,Lumineon V,0.04,BRS,$0.05,https://partner.tcgplayer.com/LIMITLESS?u=https%3A%2F%2Fwww.tcgplayer.com%2Fproduct%2F263740%2Fswsh09-brilliant-stars-lumineon-v
Regidrago VSTAR,Hawlucha,0.04,SVI,$0.00,https://partner.tcgplayer.com/LIMITLESS?u=https%3A%2F%2Fwww.tcgplayer.com%2Fproduct%2F488007%2Fsv01-scarlet-and-violet-base-set-hawlucha-118-198
Regidrago VSTAR,Radiant Tsareena,0.04,SIT,$0.01,https://partner.tcgplayer.com/LIMITLESS?u=https%3A%2F%2Fwww.tcgplayer.com%2Fproduct%2F451645%2Fswsh12-silver-tempest-radiant-tsareena
Regidrago VSTAR,Minior,0.04,PAR,$0.00,https://partner.tcgplayer.com/LIMITLESS?u=https%3A%2F%2Fwww.tcgplayer.com%2Fproduct%2F523769%2Fpokemon-sv04-paradox-rift-minior-099-182
Regidrago VSTAR,Haxorus,0.04,SFA,$0.00,https://partner.tcgplayer.com/LIMITLESS?u=https%3A%2F%2Fwww.tcgplayer.com%2Fproduct%2F560356%2Fpokemon-sv-shrouded-fable-haxorus
Regidrago VSTAR,Nest Ball,4.0,SVI,$1.28,https://partner.tcgplayer.com/LIMITLESS?u=https%3A%2F%2Fwww.tcgplayer.com%2Fproduct%2F488087%2Fsv01-scarlet-and-violet-base-set-nest-ball-181-198
Regidrago VSTAR,Ultra Ball,3.96,SVI,$0.79,https://partner.tcgplayer.com/LIMITLESS?u=https%3A%2F%2Fwww.tcgplayer.com%2Fproduct%2F488105%2Fsv01-scarlet-and-violet-base-set-ultra-ball-196-198
Regidrago VSTAR,Energy Switch,3.96,SVI,$1.26,https://partner.tcgplayer.com/LIMITLESS?u=https%3A%2F%2Fwww.tcgplayer.com%2Fproduct%2F488078%2Fsv01-scarlet-and-violet-base-set-energy-switch-173-198
Regidrago VSTAR,Professor's Research,3.87,JTG,$0.38,https://partner.tcgplayer.com/LIMITLESS?u=https%3A%2F%2Fwww.tcgplayer.com%2Fproduct%2F623582%2Fpokemon-sv09-journey-together-professors-research
Regidrago VSTAR,Earthen Vessel,3.35,PAR,$1.17,https://partner.tcgplayer.com/LIMITLESS?u=https%3A%2F%2Fwww.tcgplayer.com%2Fproduct%2F523844%2Fpokemon-sv04-paradox-rift-earthen-vessel
Regidrago VSTAR,Iono,2.39,PAL,$0.81,https://partner.tcgplayer.com/LIMITLESS?u=https%3A%2F%2Fwww.tcgplayer.com%2Fproduct%2F497557%2Fpokemon-sv02-paldea-evolved-iono-185-193
Regidrago VSTAR,Boss's Orders,1.96,PAL,$2.41,https://partner.tcgplayer.com/LIMITLESS?u=https%3A%2F%2Fwww.tcgplayer.com%2Fproduct%2F497544%2Fpokemon-sv02-paldea-evolved-bosss-orders-172-193
Regidrago VSTAR,Super Rod,1.91,PAL,$0.63,https://partner.tcgplayer.com/LIMITLESS?u=https%3A%2F%2Fwww.tcgplayer.com%2Fproduct%2F497560%2Fpokemon-sv02-paldea-evolved-super-rod-188-193
Regidrago VSTAR,Prime Catcher,0.96,TEF,$2.63,https://partner.tcgplayer.com/LIMITLESS?u=https%3A%2F%2Fwww.tcgplayer.com%2Fproduct%2F542674%2Fpokemon-sv05-temporal-forces-prime-catcher
Regidrago VSTAR,Jamming Tower,0.91,TWM,$0.17,https://partner.tcgplayer.com/LIMITLESS?u=https%3A%2F%2Fwww.tcgplayer.com%2Fproduct%2F550197%2Fpokemon-sv06-twilight-masquerade-jamming-tower
Regidrago VSTAR,Canceling Cologne,0.57,ASR,$0.06,https://partner.tcgplayer.com/LIMITLESS?u=https%3A%2F%2Fwww.tcgplayer.com%2Fproduct%2F272388%2Fswsh10-astral-radiance-canceling-cologne
Regidrago VSTAR,Switch,0.43,SVI,$0.06,https://partner.tcgplayer.com/LIMITLESS?u=https%3A%2F%2Fwww.tcgplayer.com%2Fproduct%2F488102%2Fsv01-scarlet-and-violet-base-set-switch-194-198
Regidrago VSTAR,Temple of Sinnoh,0.43,ASR,$0.06,https://partner.tcgplayer.com/LIMITLESS?u=https%3A%2F%2Fwww.tcgplayer.com%2Fproduct%2F272407%2Fswsh10-astral-radiance-temple-of-sinnoh
Regidrago VSTAR,Crispin,0.39,SCR,$0.15,https://partner.tcgplayer.com/LIMITLESS?u=https%3A%2F%2Fwww.tcgplayer.com%2Fproduct%2F567390%2Fpokemon-sv07-stellar-crown-crispin-133-142
Regidrago VSTAR,Professor Turo's Scenario,0.3,PAR,$0.04,https://partner.tcgplayer.com/LIMITLESS?u=https%3A%2F%2Fwww.tcgplayer.com%2Fproduct%2F523852%2Fpokemon-sv04-paradox-rift-professor-turos-scenario
Regidrago VSTAR,Lost City,0.22,LOR,$0.02,https://partner.tcgplayer.com/LIMITLESS?u=https%3A%2F%2Fwww.tcgplayer.com%2Fproduct%2F284093%2Fswsh11-lost-origin-lost-city
Regidrago VSTAR,Superior Energy Retrieval,0.22,PAL,$0.09,https://partner.tcgplayer.com/LIMITLESS?u=https%3A%2F%2Fwww.tcgplayer.com%2Fproduct%2F497562%2Fpokemon-sv02-paldea-evolved-superior-energy-retrieval-189-193
Regidrago VSTAR,Lost Vacuum,0.17,LOR,$0.01,https://partner.tcgplayer.com/LIMITLESS?u=https%3A%2F%2Fwww.tcgplayer.com%2Fproduct%2F284094%2Fswsh11-lost-origin-lost-vacuum
Regidrago VSTAR,Area Zero Underdepths,0.17,SCR,$0.02,https://partner.tcgplayer.com/LIMITLESS?u=https%3A%2F%2Fwww.tcgplayer.com%2Fproduct%2F567384%2Fpokemon-sv07-stellar-crown-area-zero-underdepths-131-142
Regidrago VSTAR,Poppy,0.13,OBF,$0.01,https://partner.tcgplayer.com/LIMITLESS?u=https%3A%2F%2Fwww.tcgplayer.com%2Fproduct%2F509785%2Fpokemon-sv03-obsidian-flames-poppy
Regidrago VSTAR,Gardenia's Vigor,0.09,ASR,$0.01,https://partner.tcgplayer.com/LIMITLESS?u=https%3A%2F%2Fwww.tcgplayer.com%2Fproduct%2F272395%2Fswsh10-astral-radiance-gardenias-vigor
Regidrago VSTAR,Hisuian Heavy Ball,0.04,ASR,$0.01,https://partner.tcgplayer.com/LIMITLESS?u=https%3A%2F%2Fwww.tcgplayer.com%2Fproduct%2F272398%2Fswsh10-astral-radiance-hisuian-heavy-ball
Regidrago VSTAR,Judge,0.04,SVI,$0.00,https://partner.tcgplayer.com/LIMITLESS?u=https%3A%2F%2Fwww.tcgplayer.com%2Fproduct%2F488081%2Fsv01-scarlet-and-violet-base-set-judge-176-198
Regidrago VSTAR,Black Belt's Training,0.04,JTG,$0.00,https://partner.tcgplayer.com/LIMITLESS?u=https%3A%2F%2Fwww.tcgplayer.com%2Fproduct%2F623572%2Fpokemon-sv09-journey-together-black-belts-training-145-159
Regidrago VSTAR,Thorton,0.04,LOR,$0.00,https://partner.tcgplayer.com/LIMITLESS?u=https%3A%2F%2Fwww.tcgplayer.com%2Fproduct%2F284100%2Fswsh11-lost-origin-thorton
Regidrago VSTAR,Scramble Switch,0.04,SSP,$0.03,https://partner.tcgplayer.com/LIMITLESS?u=https%3A%2F%2Fwww.tcgplayer.com%2Fproduct%2F590042%2Fpokemon-sv08-surging-sparks-scramble-switch
Regidrago VSTAR,Grass Energy,7.0,SVE,$0.42,https://partner.tcgplayer.com/LIMITLESS?u=https%3A%2F%2Fwww.tcgplayer.com%2Fproduct%2F578864%2Fpokemon-sv07-stellar-crown-basic-grass-energy
Regidrago VSTAR,Fire Energy,2.87,SVE,$0.11,https://partner.tcgplayer.com/LIMITLESS?u=https%3A%2F%2Fwww.tcgplayer.com%2Fproduct%2F578863%2Fpokemon-sv07-stellar-crown-basic-fire-energy
Vikavolt V,Mew,3.25,CEL,$2.34,https://partner.tcgplayer.com/LIMITLESS?u=https%3A%2F%2Fwww.tcgplayer.com%2Fproduct%2F250309%2Fcelebrations-mew
Vikavolt V,Vikavolt V,2.0,DAA,$1.26,https://partner.tcgplayer.com/LIMITLESS?u=https%3A%2F%2Fwww.tcgplayer.com%2Fproduct%2F219411%2Fswsh03-darkness-ablaze-vikavolt-v
Vikavolt V,Raikou V,1.65,BRS,$3.30,https://partner.tcgplayer.com/LIMITLESS?u=https%3A%2F%2Fwww.tcgplayer.com%2Fproduct%2F263754%2Fswsh09-brilliant-stars-raikou-v
Vikavolt V,Zapdos,1.02,PGO,$0.32,https://partner.tcgplayer.com/LIMITLESS?u=https%3A%2F%2Fwww.tcgplayer.com%2Fproduct%2F276954%2Fpokemon-go-zapdos
Vikavolt V,Lumineon V,1.0,BRS,$1.43,https://partner.tcgplayer.com/LIMITLESS?u=https%3A%2F%2Fwww.tcgplayer.com%2Fproduct%2F263740%2Fswsh09-brilliant-stars-lumineon-v
Vikavolt V,Drapion V,1.0,LOR,$0.58,https://partner.tcgplayer.com/LIMITLESS?u=https%3A%2F%2Fwww.tcgplayer.com%2Fproduct%2F284018%2Fswsh11-lost-origin-drapion-v
Vikavolt V,Radiant Greninja,1.0,ASR,$1.20,https://partner.tcgplayer.com/LIMITLESS?u=https%3A%2F%2Fwww.tcgplayer.com%2Fproduct%2F272246%2Fswsh10-astral-radiance-radiant-greninja
Vikavolt V,Galarian Zigzagoon,0.98,SSH,$0.12,https://partner.tcgplayer.com/LIMITLESS?u=https%3A%2F%2Fwww.tcgplayer.com%2Fproduct%2F208427%2Fswsh01-sword-and-shield-base-set-galarian-zigzagoon
Vikavolt V,Crobat V,0.92,DAA,$0.50,https://partner.tcgplayer.com/LIMITLESS?u=https%3A%2F%2Fwww.tcgplayer.com%2Fproduct%2F219406%2Fswsh03-darkness-ablaze-crobat-v
Vikavolt V,Ditto V,0.42,SHF,$1.57,https://partner.tcgplayer.com/LIMITLESS?u=https%3A%2F%2Fwww.tcgplayer.com%2Fproduct%2F232513%2Fshining-fates-shiny-vault-ditto-v
Vikavolt V,Aerodactyl V,0.31,LOR,$0.20,https://partner.tcgplayer.com/LIMITLESS?u=https%3A%2F%2Fwww.tcgplayer.com%2Fproduct%2F283980%2Fswsh11-lost-origin-aerodactyl-v
Vikavolt V,Pumpkaboo,0.31,EVS,$0.02,https://partner.tcgplayer.com/LIMITLESS?u=https%3A%2F%2Fwww.tcgplayer.com%2Fproduct%2F246857%2Fswsh07-evolving-skies-pumpkaboo
Vikavolt V,Aerodactyl VSTAR,0.29,LOR,$0.21,https://partner.tcgplayer.com/LIMITLESS?u=https%3A%2F%2Fwww.tcgplayer.com%2Fproduct%2F282255%2Fswsh11-lost-origin-aerodactyl-vstar
Vikavolt V,Galarian Zapdos V,0.04,CRE,$0.02,https://partner.tcgplayer.com/LIMITLESS?u=https%3A%2F%2Fwww.tcgplayer.com%2Fproduct%2F241745%2Fswsh06-chilling-reign-galarian-zapdos-v
Vikavolt V,Dragonite V,0.04,SP,$0.09,https://partner.tcgplayer.com/LIMITLESS?u=https%3A%2F%2Fwww.tcgplayer.com%2Fproduct%2F247298%2Fswsh-sword-and-shield-promo-cards-dragonite-v-swsh154
Vikavolt V,Origin Forme Palkia V,0.02,ASR,$0.01,https://partner.tcgplayer.com/LIMITLESS?u=https%3A%2F%2Fwww.tcgplayer.com%2Fproduct%2F272239%2Fswsh10-astral-radiance-origin-forme-palkia-v
Vikavolt V,Origin Forme Palkia VSTAR,0.02,ASR,$0.02,https://partner.tcgplayer.com/LIMITLESS?u=https%3A%2F%2Fwww.tcgplayer.com%2Fproduct%2F272240%2Fswsh10-astral-radiance-origin-forme-palkia-vstar
Vikavolt V,Jirachi,0.02,VIV,$0.04,https://partner.tcgplayer.com/LIMITLESS?u=https%3A%2F%2Fwww.tcgplayer.com%2Fproduct%2F226573%2Fswsh04-vivid-voltage-jirachi
Vikavolt V,Melony,4.0,CRE,$0.32,https://partner.tcgplayer.com/LIMITLESS?u=https%3A%2F%2Fwww.tcgplayer.com%2Fproduct%2F241847%2Fswsh06-chilling-reign-melony
Vikavolt V,Cross Switcher,4.0,FST,$0.24,https://partner.tcgplayer.com/LIMITLESS?u=https%3A%2F%2Fwww.tcgplayer.com%2Fproduct%2F253101%2Fswsh08-fusion-strike-cross-switcher
Vikavolt V,Scoop Up Net,3.98,RCL,$1.39,https://partner.tcgplayer.com/LIMITLESS?u=https%3A%2F%2Fwww.tcgplayer.com%2Fproduct%2F213272%2Fswsh02-rebel-clash-scoop-up-net
Vikavolt V,Quick Ball,3.67,FST,$0.40,https://partner.tcgplayer.com/LIMITLESS?u=https%3A%2F%2Fwww.tcgplayer.com%2Fproduct%2F253112%2Fswsh08-fusion-strike-quick-ball
Vikavolt V,Battle VIP Pass,2.6,FST,$0.41,https://partner.tcgplayer.com/LIMITLESS?u=https%3A%2F%2Fwww.tcgplayer.com%2Fproduct%2F253091%2Fswsh08-fusion-strike-battle-vip-pass
Vikavolt V,Trekking Shoes,2.48,ASR,$0.27,https://partner.tcgplayer.com/LIMITLESS?u=https%3A%2F%2Fwww.tcgplayer.com%2Fproduct%2F272408%2Fswsh10-astral-radiance-trekking-shoes
Vikavolt V,Energy Search,2.25,SVI,$0.27,https://partner.tcgplayer.com/LIMITLESS?u=https%3A%2F%2Fwww.tcgplayer.com%2Fproduct%2F488077%2Fsv01-scarlet-and-violet-base-set-energy-search-172-198
Vikavolt V,Path to the Peak,1.29,CRE,$0.11,https://partner.tcgplayer.com/LIMITLESS?u=https%3A%2F%2Fwww.tcgplayer.com%2Fproduct%2F241851%2Fswsh06-chilling-reign-path-to-the-peak
Vikavolt V,Boss's Orders,1.1,BRS,$0.67,https://partner.tcgplayer.com/LIMITLESS?u=https%3A%2F%2Fwww.tcgplayer.com%2Fproduct%2F263855%2Fswsh09-brilliant-stars-bosss-orders
Vikavolt V,Escape Rope,1.1,BST,$0.14,https://partner.tcgplayer.com/LIMITLESS?u=https%3A%2F%2Fwww.tcgplayer.com%2Fproduct%2F234117%2Fswsh05-battle-styles-escape-rope
Vikavolt V,Ultra Ball,1.04,SVI,$0.20,https://partner.tcgplayer.com/LIMITLESS?u=https%3A%2F%2Fwww.tcgplayer.com%2Fproduct%2F488105%2Fsv01-scarlet-and-violet-base-set-ultra-ball-196-198
Vikavolt V,Forest Seal Stone,1.02,SIT,$0.75,https://partner.tcgplayer.com/LIMITLESS?u=https%3A%2F%2Fwww.tcgplayer.com%2Fproduct%2F451804%2Fswsh12-silver-tempest-forest-seal-stone
Vikavolt V,Air Balloon,1.0,SSH,$0.12,https://partner.tcgplayer.com/LIMITLESS?u=https%3A%2F%2Fwww.tcgplayer.com%2Fproduct%2F208479%2Fswsh01-sword-and-shield-base-set-air-balloon
Vikavolt V,Judge,0.96,SVI,$0.09,https://partner.tcgplayer.com/LIMITLESS?u=https%3A%2F%2Fwww.tcgplayer.com%2Fproduct%2F488081%2Fsv01-scarlet-and-violet-base-set-judge-176-198
Vikavolt V,Hisuian Heavy Ball,0.94,ASR,$0.35,https://partner.tcgplayer.com/LIMITLESS?u=https%3A%2F%2Fwww.tcgplayer.com%2Fproduct%2F272398%2Fswsh10-astral-radiance-hisuian-heavy-ball
Vikavolt V,Sky Seal Stone,0.81,CRZ,$0.17,https://partner.tcgplayer.com/LIMITLESS?u=https%3A%2F%2Fwww.tcgplayer.com%2Fproduct%2F478202%2Fcrown-zenith-sky-seal-stone
Vikavolt V,Cape of Toughness,0.79,DAA,$0.10,https://partner.tcgplayer.com/LIMITLESS?u=https%3A%2F%2Fwww.tcgplayer.com%2Fproduct%2F219272%2Fswsh03-darkness-ablaze-cape-of-toughness
Vikavolt V,Switch Cart,0.65,ASR,$0.20,https://partner.tcgplayer.com/LIMITLESS?u=https%3A%2F%2Fwww.tcgplayer.com%2Fproduct%2F272406%2Fswsh10-astral-radiance-switch-cart
Vikavolt V,Lost Vacuum,0.6,LOR,$0.03,https://partner.tcgplayer.com/LIMITLESS?u=https%3A%2F%2Fwww.tcgplayer.com%2Fproduct%2F284094%2Fswsh11-lost-origin-lost-vacuum
Vikavolt V,Training Court,0.5,RCL,$0.08,https://partner.tcgplayer.com/LIMITLESS?u=https%3A%2F%2Fwww.tcgplayer.com%2Fproduct%2F213280%2Fswsh02-rebel-clash-training-court
Vikavolt V,Marnie,0.17,SSH,$0.11,https://partner.tcgplayer.com/LIMITLESS?u=https%3A%2F%2Fwww.tcgplayer.com%2Fproduct%2F208495%2Fswsh01-sword-and-shield-base-set-marnie
Vikavolt V,Crushing Hammer,0.08,SVI,$0.00,https://partner.tcgplayer.com/LIMITLESS?u=https%3A%2F%2Fwww.tcgplayer.com%2Fproduct%2F488073%2Fsv01-scarlet-and-violet-base-set-crushing-hammer-168-198
Vikavolt V,Raihan,0.08,EVS,$0.00,https://partner.tcgplayer.com/LIMITLESS?u=https%3A%2F%2Fwww.tcgplayer.com%2Fproduct%2F246777%2Fswsh07-evolving-skies-raihan
Vikavolt V,Pokégear 3.0,0.06,SVI,$0.11,https://partner.tcgplayer.com/LIMITLESS?u=https%3A%2F%2Fwww.tcgplayer.com%2Fproduct%2F488092%2Fsv01-scarlet-and-violet-base-set-pokegear-30-186-198
Vikavolt V,Echoing Horn,0.06,CRE,$0.00,https://partner.tcgplayer.com/LIMITLESS?u=https%3A%2F%2Fwww.tcgplayer.com%2Fproduct%2F241828%2Fswsh06-chilling-reign-echoing-horn
Vikavolt V,Switch,0.04,SVI,$0.00,https://partner.tcgplayer.com/LIMITLESS?u=https%3A%2F%2Fwww.tcgplayer.com%2Fproduct%2F488102%2Fsv01-scarlet-and-violet-base-set-switch-194-198
Vikavolt V,Rotom Phone,0.02,CPA,$0.00,https://partner.tcgplayer.com/LIMITLESS?u=https%3A%2F%2Fwww.tcgplayer.com%2Fproduct%2F223064%2Fchampions-path-rotom-phone
Vikavolt V,Water Energy,4.1,SVE,$0.20,https://partner.tcgplayer.com/LIMITLESS?u=https%3A%2F%2Fwww.tcgplayer.com%2Fproduct%2F578862%2Fpokemon-sv07-stellar-crown-basic-water-energy
Vikavolt V,Speed Lightning Energy,4.0,RCL,$1.08,https://partner.tcgplayer.com/LIMITLESS?u=https%3A%2F%2Fwww.tcgplayer.com%2Fproduct%2F213284%2Fswsh02-rebel-clash-speed-l-energy
Vikavolt V,Lightning Energy,1.94,SVE,$0.09,https://partner.tcgplayer.com/LIMITLESS?u=https%3A%2F%2Fwww.tcgplayer.com%2Fproduct%2F578866%2Fpokemon-sv07-stellar-crown-basic-lightning-energy
Vikavolt V,Fighting Energy,0.35,SVE,$0.01,https://partner.tcgplayer.com/LIMITLESS?u=https%3A%2F%2Fwww.tcgplayer.com%2Fproduct%2F578867%2Fpokemon-sv07-stellar-crown-basic-fighting-energy
Kyurem VMAX,Kyurem V,4.0,LOR,$2.60,https://partner.tcgplayer.com/LIMITLESS?u=https%3A%2F%2Fwww.tcgplayer.com%2Fproduct%2F283922%2Fswsh11-lost-origin-kyurem-v
Kyurem VMAX,Kyurem VMAX,4.0,LOR,$7.12,https://partner.tcgplayer.com/LIMITLESS?u=https%3A%2F%2Fwww.tcgplayer.com%2Fproduct%2F283923%2Fswsh11-lost-origin-kyurem-vmax
Kyurem VMAX,Radiant Greninja,1.0,ASR,$1.20,https://partner.tcgplayer.com/LIMITLESS?u=https%3A%2F%2Fwww.tcgplayer.com%2Fproduct%2F272246%2Fswsh10-astral-radiance-radiant-greninja
Kyurem VMAX,Luxray,1.0,CRZ,$0.17,https://partner.tcgplayer.com/LIMITLESS?u=https%3A%2F%2Fwww.tcgplayer.com%2Fproduct%2F478148%2Fcrown-zenith-luxray-44
Kyurem VMAX,Starmie V,0.5,ASR,$0.35,https://partner.tcgplayer.com/LIMITLESS?u=https%3A%2F%2Fwww.tcgplayer.com%2Fproduct%2F272230%2Fswsh10-astral-radiance-starmie-v
Kyurem VMAX,Melony,3.5,CRE,$0.28,https://partner.tcgplayer.com/LIMITLESS?u=https%3A%2F%2Fwww.tcgplayer.com%2Fproduct%2F241847%2Fswsh06-chilling-reign-melony
Kyurem VMAX,Irida,3.0,ASR,$4.95,https://partner.tcgplayer.com/LIMITLESS?u=https%3A%2F%2Fwww.tcgplayer.com%2Fproduct%2F272399%2Fswsh10-astral-radiance-irida
Kyurem VMAX,Adventurer's Discovery,2.5,FST,$0.22,https://partner.tcgplayer.com/LIMITLESS?u=https%3A%2F%2Fwww.tcgplayer.com%2Fproduct%2F253089%2Fswsh08-fusion-strike-adventurers-discovery
Kyurem VMAX,Switching Cups,2.5,EVS,$0.10,https://partner.tcgplayer.com/LIMITLESS?u=https%3A%2F%2Fwww.tcgplayer.com%2Fproduct%2F246787%2Fswsh07-evolving-skies-switching-cups
Kyurem VMAX,Battle VIP Pass,2.0,FST,$0.32,https://partner.tcgplayer.com/LIMITLESS?u=https%3A%2F%2Fwww.tcgplayer.com%2Fproduct%2F253091%2Fswsh08-fusion-strike-battle-vip-pass
Kyurem VMAX,Escape Rope,1.5,BST,$0.19,https://partner.tcgplayer.com/LIMITLESS?u=https%3A%2F%2Fwww.tcgplayer.com%2Fproduct%2F234117%2Fswsh05-battle-styles-escape-rope
Kyurem VMAX,Primordial Altar,1.5,SIT,$0.09,https://partner.tcgplayer.com/LIMITLESS?u=https%3A%2F%2Fwww.tcgplayer.com%2Fproduct%2F451809%2Fswsh12-silver-tempest-primordial-altar
Kyurem VMAX,Serena,1.0,SIT,$0.09,https://partner.tcgplayer.com/LIMITLESS?u=https%3A%2F%2Fwww.tcgplayer.com%2Fproduct%2F451812%2Fswsh12-silver-tempest-serena
Kyurem VMAX,Expedition Uniform,1.0,CRE,$0.04,https://partner.tcgplayer.com/LIMITLESS?u=https%3A%2F%2Fwww.tcgplayer.com%2Fproduct%2F241830%2Fswsh06-chilling-reign-expedition-uniform
Kyurem VMAX,Lost Vacuum,1.0,LOR,$0.06,https://partner.tcgplayer.com/LIMITLESS?u=https%3A%2F%2Fwww.tcgplayer.com%2Fproduct%2F284094%2Fswsh11-lost-origin-lost-vacuum
Kyurem VMAX,Pokégear 3.0,1.0,SVI,$1.87,https://partner.tcgplayer.com/LIMITLESS?u=https%3A%2F%2Fwww.tcgplayer.com%2Fproduct%2F488092%2Fsv01-scarlet-and-violet-base-set-pokegear-30-186-198
Kyurem VMAX,Forest Seal Stone,1.0,SIT,$0.74,https://partner.tcgplayer.com/LIMITLESS?u=https%3A%2F%2Fwww.tcgplayer.com%2Fproduct%2F451804%2Fswsh12-silver-tempest-forest-seal-stone
Kyurem VMAX,Candice,0.5,SIT,$0.02,https://partner.tcgplayer.com/LIMITLESS?u=https%3A%2F%2Fwww.tcgplayer.com%2Fproduct%2F451397%2Fswsh12-silver-tempest-candice
Kyurem VMAX,Boss's Orders,0.5,PAL,$0.61,https://partner.tcgplayer.com/LIMITLESS?u=https%3A%2F%2Fwww.tcgplayer.com%2Fproduct%2F497544%2Fpokemon-sv02-paldea-evolved-bosss-orders-172-193
Kyurem VMAX,Klara,0.5,CRE,$0.05,https://partner.tcgplayer.com/LIMITLESS?u=https%3A%2F%2Fwww.tcgplayer.com%2Fproduct%2F241844%2Fswsh06-chilling-reign-klara
Kyurem VMAX,Energy Recycler,0.5,BST,$0.08,https://partner.tcgplayer.com/LIMITLESS?u=https%3A%2F%2Fwww.tcgplayer.com%2Fproduct%2F234116%2Fswsh05-battle-styles-energy-recycler
Kyurem VMAX,Hisuian Heavy Ball,0.5,ASR,$0.19,https://partner.tcgplayer.com/LIMITLESS?u=https%3A%2F%2Fwww.tcgplayer.com%2Fproduct%2F272398%2Fswsh10-astral-radiance-hisuian-heavy-ball
Kyurem VMAX,Switch,0.5,SVI,$0.08,https://partner.tcgplayer.com/LIMITLESS?u=https%3A%2F%2Fwww.tcgplayer.com%2Fproduct%2F488102%2Fsv01-scarlet-and-violet-base-set-switch-194-198
Kyurem VMAX,Choice Belt,0.5,PAL,$0.04,https://partner.tcgplayer.com/LIMITLESS?u=https%3A%2F%2Fwww.tcgplayer.com%2Fproduct%2F497548%2Fpokemon-sv02-paldea-evolved-choice-belt
Kyurem VMAX,Cheryl,0.5,BST,$0.04,https://partner.tcgplayer.com/LIMITLESS?u=https%3A%2F%2Fwww.tcgplayer.com%2Fproduct%2F234115%2Fswsh05-battle-styles-cheryl
Kyurem VMAX,Nest Ball,0.5,SVI,$0.16,https://partner.tcgplayer.com/LIMITLESS?u=https%3A%2F%2Fwww.tcgplayer.com%2Fproduct%2F488087%2Fsv01-scarlet-and-violet-base-set-nest-ball-181-198
Kyurem VMAX,Water Energy,23.5,SVE,$1.17,https://partner.tcgplayer.com/LIMITLESS?u=https%3A%2F%2Fwww.tcgplayer.com%2Fproduct%2F578862%2Fpokemon-sv07-stellar-crown-basic-water-energy
Gholdengo ex,Gholdengo ex,3.98,PAR,$39.87,https://partner.tcgplayer.com/LIMITLESS?u=https%3A%2F%2Fwww.tcgplayer.com%2Fproduct%2F523818%2Fpokemon-sv04-paradox-rift-gholdengo-ex-139-182
Gholdengo ex,Gimmighoul,3.18,SSP,$1.01,https://partner.tcgplayer.com/LIMITLESS?u=https%3A%2F%2Fwww.tcgplayer.com%2Fproduct%2F589955%2Fpokemon-sv08-surging-sparks-gimmighoul
Gholdengo ex,Dunsparce,2.09,PAL,$0.33,https://partner.tcgplayer.com/LIMITLESS?u=https%3A%2F%2Fwww.tcgplayer.com%2Fproduct%2F497574%2Fpokemon-sv02-paldea-evolved-dunsparce
Gholdengo ex,Dudunsparce,2.02,TEF,$0.60,https://partner.tcgplayer.com/LIMITLESS?u=https%3A%2F%2Fwww.tcgplayer.com%2Fproduct%2F542873%2Fpokemon-sv05-temporal-forces-dudunsparce
Gholdengo ex,Fezandipiti ex,1.0,SFA,$12.94,https://partner.tcgplayer.com/LIMITLESS?u=https%3A%2F%2Fwww.tcgplayer.com%2Fproduct%2F560348%2Fpokemon-sv-shrouded-fable-fezandipiti-ex-038-064
Gholdengo ex,Munkidori,0.98,TWM,$0.55,https://partner.tcgplayer.com/LIMITLESS?u=https%3A%2F%2Fwww.tcgplayer.com%2Fproduct%2F550139%2Fpokemon-sv06-twilight-masquerade-munkidori
Gholdengo ex,Gimmighoul,0.82,PAR,$0.08,https://partner.tcgplayer.com/LIMITLESS?u=https%3A%2F%2Fwww.tcgplayer.com%2Fproduct%2F523754%2Fpokemon-sv04-paradox-rift-gimmighoul-088-182
Gholdengo ex,Dudunsparce ex,0.8,JTG,$0.63,https://partner.tcgplayer.com/LIMITLESS?u=https%3A%2F%2Fwww.tcgplayer.com%2Fproduct%2F623548%2Fpokemon-sv09-journey-together-dudunsparce-ex-121-159
Gholdengo ex,Gholdengo,0.51,SSP,$0.05,https://partner.tcgplayer.com/LIMITLESS?u=https%3A%2F%2Fwww.tcgplayer.com%2Fproduct%2F589954%2Fpokemon-sv08-surging-sparks-gholdengo
Gholdengo ex,Scyther,0.31,MEW,$0.04,https://partner.tcgplayer.com/LIMITLESS?u=https%3A%2F%2Fwww.tcgplayer.com%2Fproduct%2F516686%2Fpokemon-sv-scarlet-and-violet-151-scyther
Gholdengo ex,Dunsparce,0.29,TEF,$0.02,https://partner.tcgplayer.com/LIMITLESS?u=https%3A%2F%2Fwww.tcgplayer.com%2Fproduct%2F542872%2Fpokemon-sv05-temporal-forces-dunsparce
Gholdengo ex,Scizor,0.27,OBF,$0.03,https://partner.tcgplayer.com/LIMITLESS?u=https%3A%2F%2Fwww.tcgplayer.com%2Fproduct%2F509919%2Fpokemon-sv03-obsidian-flames-scizor
Gholdengo ex,Fan Rotom,0.13,SCR,$0.01,https://partner.tcgplayer.com/LIMITLESS?u=https%3A%2F%2Fwww.tcgplayer.com%2Fproduct%2F567344%2Fpokemon-sv07-stellar-crown-fan-rotom
Gholdengo ex,Iron Bundle,0.11,PAR,$0.01,https://partner.tcgplayer.com/LIMITLESS?u=https%3A%2F%2Fwww.tcgplayer.com%2Fproduct%2F523666%2Fpokemon-sv04-paradox-rift-iron-bundle
Gholdengo ex,Shroodle,0.09,SVP,$0.03,https://partner.tcgplayer.com/LIMITLESS?u=https%3A%2F%2Fwww.tcgplayer.com%2Fproduct%2F546450%2Fpokemon-sv-scarlet-and-violet-promo-cards-shroodle-099
Gholdengo ex,Dunsparce,0.09,JTG,$0.00,https://partner.tcgplayer.com/LIMITLESS?u=https%3A%2F%2Fwww.tcgplayer.com%2Fproduct%2F623547%2Fpokemon-sv09-journey-together-dunsparce
Gholdengo ex,Grafaiai,0.07,PAL,$0.00,https://partner.tcgplayer.com/LIMITLESS?u=https%3A%2F%2Fwww.tcgplayer.com%2Fproduct%2F497661%2Fpokemon-sv02-paldea-evolved-grafaiai
Gholdengo ex,Brute Bonnet,0.04,PAR,$0.01,https://partner.tcgplayer.com/LIMITLESS?u=https%3A%2F%2Fwww.tcgplayer.com%2Fproduct%2F523799%2Fpokemon-sv04-paradox-rift-brute-bonnet-123-182
Gholdengo ex,Klefki,0.02,SVI,$0.00,https://partner.tcgplayer.com/LIMITLESS?u=https%3A%2F%2Fwww.tcgplayer.com%2Fproduct%2F486602%2Fsv01-scarlet-and-violet-base-set-klefki-096-198
Gholdengo ex,Scizor ex,0.02,TEF,$0.01,https://partner.tcgplayer.com/LIMITLESS?u=https%3A%2F%2Fwww.tcgplayer.com%2Fproduct%2F542855%2Fpokemon-sv05-temporal-forces-scizor-ex-111-162
Gholdengo ex,Shroodle,0.02,SSP,$0.00,https://partner.tcgplayer.com/LIMITLESS?u=https%3A%2F%2Fwww.tcgplayer.com%2Fproduct%2F590047%2Fpokemon-sv08-surging-sparks-shroodle
Gholdengo ex,Superior Energy Retrieval,4.0,PAL,$1.76,https://partner.tcgplayer.com/LIMITLESS?u=https%3A%2F%2Fwww.tcgplayer.com%2Fproduct%2F497562%2Fpokemon-sv02-paldea-evolved-superior-energy-retrieval-189-193
Gholdengo ex,Buddy-Buddy Poffin,3.98,TEF,$1.95,https://partner.tcgplayer.com/LIMITLESS?u=https%3A%2F%2Fwww.tcgplayer.com%2Fproduct%2F542659%2Fpokemon-sv05-temporal-forces-buddy-buddy-poffin
Gholdengo ex,Arven,3.69,OBF,$11.10,https://partner.tcgplayer.com/LIMITLESS?u=https%3A%2F%2Fwww.tcgplayer.com%2Fproduct%2F509778%2Fpokemon-sv03-obsidian-flames-arven
Gholdengo ex,Ciphermaniac's Codebreaking,2.4,TEF,$0.28,https://partner.tcgplayer.com/LIMITLESS?u=https%3A%2F%2Fwww.tcgplayer.com%2Fproduct%2F542660%2Fpokemon-sv05-temporal-forces-ciphermaniacs-codebreaking-145-162
Gholdengo ex,Ultra Ball,2.2,SVI,$0.44,https://partner.tcgplayer.com/LIMITLESS?u=https%3A%2F%2Fwww.tcgplayer.com%2Fproduct%2F488105%2Fsv01-scarlet-and-violet-base-set-ultra-ball-196-198
Gholdengo ex,Boss's Orders,2.07,PAL,$2.54,https://partner.tcgplayer.com/LIMITLESS?u=https%3A%2F%2Fwww.tcgplayer.com%2Fproduct%2F497544%2Fpokemon-sv02-paldea-evolved-bosss-orders-172-193
Gholdengo ex,Nest Ball,1.93,SVI,$0.61,https://partner.tcgplayer.com/LIMITLESS?u=https%3A%2F%2Fwww.tcgplayer.com%2Fproduct%2F488087%2Fsv01-scarlet-and-violet-base-set-nest-ball-181-198
Gholdengo ex,Night Stretcher,1.91,SFA,$5.30,https://partner.tcgplayer.com/LIMITLESS?u=https%3A%2F%2Fwww.tcgplayer.com%2Fproduct%2F560372%2Fpokemon-sv-shrouded-fable-night-stretcher
Gholdengo ex,Technical Machine: Evolution,1.2,PAR,$0.26,https://partner.tcgplayer.com/LIMITLESS?u=https%3A%2F%2Fwww.tcgplayer.com%2Fproduct%2F523859%2Fpokemon-sv04-paradox-rift-technical-machine-evolution
Gholdengo ex,Counter Catcher,1.16,PAR,$1.97,https://partner.tcgplayer.com/LIMITLESS?u=https%3A%2F%2Fwww.tcgplayer.com%2Fproduct%2F523841%2Fpokemon-sv04-paradox-rift-counter-catcher
Gholdengo ex,Earthen Vessel,1.0,PAR,$0.35,https://partner.tcgplayer.com/LIMITLESS?u=https%3A%2F%2Fwww.tcgplayer.com%2Fproduct%2F523844%2Fpokemon-sv04-paradox-rift-earthen-vessel
Gholdengo ex,Energy Search Pro,1.0,SSP,$2.16,https://partner.tcgplayer.com/LIMITLESS?u=https%3A%2F%2Fwww.tcgplayer.com%2Fproduct%2F589933%2Fpokemon-sv08-surging-sparks-energy-search-pro
Gholdengo ex,Iono,0.98,PAL,$0.33,https://partner.tcgplayer.com/LIMITLESS?u=https%3A%2F%2Fwww.tcgplayer.com%2Fproduct%2F497557%2Fpokemon-sv02-paldea-evolved-iono-185-193
Gholdengo ex,Professor Turo's Scenario,0.93,PAR,$0.14,https://partner.tcgplayer.com/LIMITLESS?u=https%3A%2F%2Fwww.tcgplayer.com%2Fproduct%2F523852%2Fpokemon-sv04-paradox-rift-professor-turos-scenario
Gholdengo ex,Switch,0.8,SVI,$0.12,https://partner.tcgplayer.com/LIMITLESS?u=https%3A%2F%2Fwww.tcgplayer.com%2Fproduct%2F488102%2Fsv01-scarlet-and-violet-base-set-switch-194-198
Gholdengo ex,Artazon,0.64,PAL,$0.07,https://partner.tcgplayer.com/LIMITLESS?u=https%3A%2F%2Fwww.tcgplayer.com%2Fproduct%2F497541%2Fpokemon-sv02-paldea-evolved-artazon
Gholdengo ex,Jamming Tower,0.56,TWM,$0.10,https://partner.tcgplayer.com/LIMITLESS?u=https%3A%2F%2Fwww.tcgplayer.com%2Fproduct%2F550197%2Fpokemon-sv06-twilight-masquerade-jamming-tower
Gholdengo ex,Vengeful Punch,0.4,OBF,$0.05,https://partner.tcgplayer.com/LIMITLESS?u=https%3A%2F%2Fwww.tcgplayer.com%2Fproduct%2F510898%2Fpokemon-sv03-obsidian-flames-vengeful-punch
Gholdengo ex,Levincia,0.27,JTG,$0.03,https://partner.tcgplayer.com/LIMITLESS?u=https%3A%2F%2Fwww.tcgplayer.com%2Fproduct%2F623577%2Fpokemon-sv09-journey-together-levincia
Gholdengo ex,Rocky Helmet,0.24,SVI,$0.01,https://partner.tcgplayer.com/LIMITLESS?u=https%3A%2F%2Fwww.tcgplayer.com%2Fproduct%2F488100%2Fsv01-scarlet-and-violet-base-set-rocky-helmet-193-198
Gholdengo ex,Energy Retrieval,0.18,SVI,$0.03,https://partner.tcgplayer.com/LIMITLESS?u=https%3A%2F%2Fwww.tcgplayer.com%2Fproduct%2F488076%2Fsv01-scarlet-and-violet-base-set-energy-retrieval-171-198
Gholdengo ex,Pokégear 3.0,0.18,SVI,$0.33,https://partner.tcgplayer.com/LIMITLESS?u=https%3A%2F%2Fwww.tcgplayer.com%2Fproduct%2F488092%2Fsv01-scarlet-and-violet-base-set-pokegear-30-186-198
Gholdengo ex,Crispin,0.04,SCR,$0.01,https://partner.tcgplayer.com/LIMITLESS?u=https%3A%2F%2Fwww.tcgplayer.com%2Fproduct%2F567390%2Fpokemon-sv07-stellar-crown-crispin-133-142
Gholdengo ex,Lana's Aid,0.04,TWM,$0.00,https://partner.tcgplayer.com/LIMITLESS?u=https%3A%2F%2Fwww.tcgplayer.com%2Fproduct%2F550199%2Fpokemon-sv06-twilight-masquerade-lanas-aid-155-167
Gholdengo ex,Jacq,0.04,SVI,$0.00,https://partner.tcgplayer.com/LIMITLESS?u=https%3A%2F%2Fwww.tcgplayer.com%2Fproduct%2F488080%2Fsv01-scarlet-and-violet-base-set-jacq-175-198
Gholdengo ex,Morty's Conviction,0.04,TEF,$0.00,https://partner.tcgplayer.com/LIMITLESS?u=https%3A%2F%2Fwww.tcgplayer.com%2Fproduct%2F542671%2Fpokemon-sv05-temporal-forces-mortys-conviction-155-162
Gholdengo ex,Ancient Booster Energy Capsule,0.04,TEF,$0.00,https://partner.tcgplayer.com/LIMITLESS?u=https%3A%2F%2Fwww.tcgplayer.com%2Fproduct%2F542651%2Fpokemon-sv05-temporal-forces-ancient-booster-energy-capsule
Gholdengo ex,Redeemable Ticket,0.02,JTG,$0.00,https://partner.tcgplayer.com/LIMITLESS?u=https%3A%2F%2Fwww.tcgplayer.com%2Fproduct%2F623583%2Fpokemon-sv09-journey-together-redeemable-ticket
Gholdengo ex,Rigid Band,0.02,MEW,$0.00,https://partner.tcgplayer.com/LIMITLESS?u=https%3A%2F%2Fwww.tcgplayer.com%2Fproduct%2F516727%2Fpokemon-sv-scarlet-and-violet-151-rigid-band
Gholdengo ex,Super Rod,0.02,PAL,$0.00,https://partner.tcgplayer.com/LIMITLESS?u=https%3A%2F%2Fwww.tcgplayer.com%2Fproduct%2F497560%2Fpokemon-sv02-paldea-evolved-super-rod-188-193
Gholdengo ex,Metal Energy,3.09,SVE,$0.12,https://partner.tcgplayer.com/LIMITLESS?u=https%3A%2F%2Fwww.tcgplayer.com%2Fproduct%2F578869%2Fpokemon-sv07-stellar-crown-basic-metal-energy
Gholdengo ex,Darkness Energy,1.8,SVE,$0.07,https://partner.tcgplayer.com/LIMITLESS?u=https%3A%2F%2Fwww.tcgplayer.com%2Fproduct%2F578868%2Fpokemon-sv07-stellar-crown-basic-darkness-energy
Gholdengo ex,Lightning Energy,1.27,SVE,$0.06,https://partner.tcgplayer.com/LIMITLESS?u=https%3A%2F%2Fwww.tcgplayer.com%2Fproduct%2F578866%2Fpokemon-sv07-stellar-crown-basic-lightning-energy
Gholdengo ex,Fire Energy,1.0,SVE,$0.04,https://partner.tcgplayer.com/LIMITLESS?u=https%3A%2F%2Fwww.tcgplayer.com%2Fproduct%2F578863%2Fpokemon-sv07-stellar-crown-basic-fire-energy
Gholdengo ex,Water Energy,1.0,SVE,$0.05,https://partner.tcgplayer.com/LIMITLESS?u=https%3A%2F%2Fwww.tcgplayer.com%2Fproduct%2F578862%2Fpokemon-sv07-stellar-crown-basic-water-energy
Gholdengo ex,Grass Energy,1.0,SVE,$0.06,https://partner.tcgplayer.com/LIMITLESS?u=https%3A%2F%2Fwww.tcgplayer.com%2Fproduct%2F578864%2Fpokemon-sv07-stellar-crown-basic-grass-energy
Gholdengo ex,Psychic Energy,1.0,SVE,$0.05,https://partner.tcgplayer.com/LIMITLESS?u=https%3A%2F%2Fwww.tcgplayer.com%2Fproduct%2F578865%2Fpokemon-sv07-stellar-crown-basic-psychic-energy
Gholdengo ex,Fighting Energy,1.0,SVE,$0.04,https://partner.tcgplayer.com/LIMITLESS?u=https%3A%2F%2Fwww.tcgplayer.com%2Fproduct%2F578867%2Fpokemon-sv07-stellar-crown-basic-fighting-energy
Pidgeot Control,Pidgey,2.0,OBF,$0.16,https://partner.tcgplayer.com/LIMITLESS?u=https%3A%2F%2Fwww.tcgplayer.com%2Fproduct%2F509666%2Fpokemon-sv03-obsidian-flames-pidgey
Pidgeot Control,Pidgeot ex,2.0,OBF,$8.12,https://partner.tcgplayer.com/LIMITLESS?u=https%3A%2F%2Fwww.tcgplayer.com%2Fproduct%2F509670%2Fpokemon-sv03-obsidian-flames-pidgeot-ex
Pidgeot Control,Rotom V,1.53,LOR,$1.71,https://partner.tcgplayer.com/LIMITLESS?u=https%3A%2F%2Fwww.tcgplayer.com%2Fproduct%2F283932%2Fswsh11-lost-origin-rotom-v
Pidgeot Control,Milotic,1.29,TWM,$0.07,https://partner.tcgplayer.com/LIMITLESS?u=https%3A%2F%2Fwww.tcgplayer.com%2Fproduct%2F550094%2Fpokemon-sv06-twilight-masquerade-milotic
Pidgeot Control,Bloodmoon Ursaluna ex,1.0,TWM,$1.95,https://partner.tcgplayer.com/LIMITLESS?u=https%3A%2F%2Fwww.tcgplayer.com%2Fproduct%2F550185%2Fpokemon-sv06-twilight-masquerade-bloodmoon-ursaluna-ex-141-167
Pidgeot Control,Lumineon V,0.94,BRS,$1.34,https://partner.tcgplayer.com/LIMITLESS?u=https%3A%2F%2Fwww.tcgplayer.com%2Fproduct%2F263740%2Fswsh09-brilliant-stars-lumineon-v
Pidgeot Control,Luxray V,0.94,ASR,$1.37,https://partner.tcgplayer.com/LIMITLESS?u=https%3A%2F%2Fwww.tcgplayer.com%2Fproduct%2F272250%2Fswsh10-astral-radiance-luxray-v
Pidgeot Control,Fezandipiti ex,0.94,SFA,$12.16,https://partner.tcgplayer.com/LIMITLESS?u=https%3A%2F%2Fwww.tcgplayer.com%2Fproduct%2F560348%2Fpokemon-sv-shrouded-fable-fezandipiti-ex-038-064
Pidgeot Control,Feebas,0.88,SIT,$0.03,https://partner.tcgplayer.com/LIMITLESS?u=https%3A%2F%2Fwww.tcgplayer.com%2Fproduct%2F451674%2Fswsh12-silver-tempest-feebas
Pidgeot Control,Mawile,0.71,LOR,$0.05,https://partner.tcgplayer.com/LIMITLESS?u=https%3A%2F%2Fwww.tcgplayer.com%2Fproduct%2F283948%2Fswsh11-lost-origin-mawile
Pidgeot Control,Mimikyu,0.71,PAL,$0.12,https://partner.tcgplayer.com/LIMITLESS?u=https%3A%2F%2Fwww.tcgplayer.com%2Fproduct%2F497512%2Fpokemon-sv02-paldea-evolved-mimikyu
Pidgeot Control,Wellspring Mask Ogerpon ex,0.65,TWM,$1.13,https://partner.tcgplayer.com/LIMITLESS?u=https%3A%2F%2Fwww.tcgplayer.com%2Fproduct%2F550108%2Fpokemon-sv06-twilight-masquerade-wellspring-mask-ogerpon-ex-064-167
Pidgeot Control,Pidgeotto,0.65,MEW,$0.14,https://partner.tcgplayer.com/LIMITLESS?u=https%3A%2F%2Fwww.tcgplayer.com%2Fproduct%2F502566%2Fpokemon-sv-scarlet-and-violet-151-pidgeotto
Pidgeot Control,Latias ex,0.59,SSP,$3.45,https://partner.tcgplayer.com/LIMITLESS?u=https%3A%2F%2Fwww.tcgplayer.com%2Fproduct%2F589983%2Fpokemon-sv08-surging-sparks-latias-ex-076-191
Pidgeot Control,Black Kyurem ex,0.47,SSP,$0.37,https://partner.tcgplayer.com/LIMITLESS?u=https%3A%2F%2Fwww.tcgplayer.com%2Fproduct%2F589874%2Fpokemon-sv08-surging-sparks-black-kyurem-ex-048-191
Pidgeot Control,Radiant Alakazam,0.47,SIT,$0.42,https://partner.tcgplayer.com/LIMITLESS?u=https%3A%2F%2Fwww.tcgplayer.com%2Fproduct%2F451394%2Fswsh12-silver-tempest-radiant-alakazam
Pidgeot Control,Budew,0.47,PRE,$0.39,https://partner.tcgplayer.com/LIMITLESS?u=https%3A%2F%2Fwww.tcgplayer.com%2Fproduct%2F610359%2Fpokemon-sv-prismatic-evolutions-budew
Pidgeot Control,Radiant Tsareena,0.41,SIT,$0.15,https://partner.tcgplayer.com/LIMITLESS?u=https%3A%2F%2Fwww.tcgplayer.com%2Fproduct%2F451645%2Fswsh12-silver-tempest-radiant-tsareena
Pidgeot Control,Snorlax,0.35,PGO,$0.23,https://partner.tcgplayer.com/LIMITLESS?u=https%3A%2F%2Fwww.tcgplayer.com%2Fproduct%2F276974%2Fpokemon-go-snorlax
Pidgeot Control,Mantine,0.35,ASR,$0.02,https://partner.tcgplayer.com/LIMITLESS?u=https%3A%2F%2Fwww.tcgplayer.com%2Fproduct%2F272234%2Fswsh10-astral-radiance-mantine
Pidgeot Control,Milotic ex,0.29,SSP,$0.57,https://partner.tcgplayer.com/LIMITLESS?u=https%3A%2F%2Fwww.tcgplayer.com%2Fproduct%2F590004%2Fpokemon-sv08-surging-sparks-milotic-ex-042-191
Pidgeot Control,Enamorus V,0.24,LOR,$0.12,https://partner.tcgplayer.com/LIMITLESS?u=https%3A%2F%2Fwww.tcgplayer.com%2Fproduct%2F283964%2Fswsh11-lost-origin-enamorus-v
Pidgeot Control,Chien-Pao,0.18,SSP,$0.02,https://partner.tcgplayer.com/LIMITLESS?u=https%3A%2F%2Fwww.tcgplayer.com%2Fproduct%2F589898%2Fpokemon-sv08-surging-sparks-chien-pao
Pidgeot Control,Klefki,0.18,SVI,$0.03,https://partner.tcgplayer.com/LIMITLESS?u=https%3A%2F%2Fwww.tcgplayer.com%2Fproduct%2F486602%2Fsv01-scarlet-and-violet-base-set-klefki-096-198
Pidgeot Control,Feebas,0.12,TWM,$0.00,https://partner.tcgplayer.com/LIMITLESS?u=https%3A%2F%2Fwww.tcgplayer.com%2Fproduct%2F550093%2Fpokemon-sv06-twilight-masquerade-feebas
Pidgeot Control,Cornerstone Mask Ogerpon ex,0.12,TWM,$0.20,https://partner.tcgplayer.com/LIMITLESS?u=https%3A%2F%2Fwww.tcgplayer.com%2Fproduct%2F550156%2Fpokemon-sv06-twilight-masquerade-cornerstone-mask-ogerpon-ex-112-167
Pidgeot Control,Feebas,0.12,SSP,$0.01,https://partner.tcgplayer.com/LIMITLESS?u=https%3A%2F%2Fwww.tcgplayer.com%2Fproduct%2F589943%2Fpokemon-sv08-surging-sparks-feebas-041-191
Pidgeot Control,Noibat,0.06,PRE,$0.00,https://partner.tcgplayer.com/LIMITLESS?u=https%3A%2F%2Fwww.tcgplayer.com%2Fproduct%2F610445%2Fpokemon-sv-prismatic-evolutions-noibat
Pidgeot Control,Noivern ex,0.06,PAL,$0.03,https://partner.tcgplayer.com/LIMITLESS?u=https%3A%2F%2Fwww.tcgplayer.com%2Fproduct%2F497571%2Fpokemon-sv02-paldea-evolved-noivern-ex
Pidgeot Control,Dedenne,0.06,SSP,$0.00,https://partner.tcgplayer.com/LIMITLESS?u=https%3A%2F%2Fwww.tcgplayer.com%2Fproduct%2F589914%2Fpokemon-sv08-surging-sparks-dedenne
Pidgeot Control,Regieleki,0.06,ASR,$0.01,https://partner.tcgplayer.com/LIMITLESS?u=https%3A%2F%2Fwww.tcgplayer.com%2Fproduct%2F272252%2Fswsh10-astral-radiance-regieleki
Pidgeot Control,Entei V,0.06,BRS,$0.06,https://partner.tcgplayer.com/LIMITLESS?u=https%3A%2F%2Fwww.tcgplayer.com%2Fproduct%2F263715%2Fswsh09-brilliant-stars-entei-v
Pidgeot Control,Pidgeotto,0.06,OBF,$0.00,https://partner.tcgplayer.com/LIMITLESS?u=https%3A%2F%2Fwww.tcgplayer.com%2Fproduct%2F509669%2Fpokemon-sv03-obsidian-flames-pidgeotto
Pidgeot Control,Diancie,0.06,SCR,$0.00,https://partner.tcgplayer.com/LIMITLESS?u=https%3A%2F%2Fwww.tcgplayer.com%2Fproduct%2F567312%2Fpokemon-sv07-stellar-crown-diancie
Pidgeot Control,Arven,3.88,OBF,$11.67,https://partner.tcgplayer.com/LIMITLESS?u=https%3A%2F%2Fwww.tcgplayer.com%2Fproduct%2F509778%2Fpokemon-sv03-obsidian-flames-arven
Pidgeot Control,Nest Ball,2.82,SVI,$0.90,https://partner.tcgplayer.com/LIMITLESS?u=https%3A%2F%2Fwww.tcgplayer.com%2Fproduct%2F488087%2Fsv01-scarlet-and-violet-base-set-nest-ball-181-198
Pidgeot Control,Ultra Ball,2.76,SVI,$0.55,https://partner.tcgplayer.com/LIMITLESS?u=https%3A%2F%2Fwww.tcgplayer.com%2Fproduct%2F488105%2Fsv01-scarlet-and-violet-base-set-ultra-ball-196-198
Pidgeot Control,Counter Catcher,2.06,PAR,$3.50,https://partner.tcgplayer.com/LIMITLESS?u=https%3A%2F%2Fwww.tcgplayer.com%2Fproduct%2F523841%2Fpokemon-sv04-paradox-rift-counter-catcher
Pidgeot Control,Penny,2.0,SVI,$0.38,https://partner.tcgplayer.com/LIMITLESS?u=https%3A%2F%2Fwww.tcgplayer.com%2Fproduct%2F488089%2Fsv01-scarlet-and-violet-base-set-penny-183-198
Pidgeot Control,Pal Pad,1.94,SVI,$0.69,https://partner.tcgplayer.com/LIMITLESS?u=https%3A%2F%2Fwww.tcgplayer.com%2Fproduct%2F488088%2Fsv01-scarlet-and-violet-base-set-pal-pad-182-198
Pidgeot Control,Rare Candy,1.65,SVI,$0.21,https://partner.tcgplayer.com/LIMITLESS?u=https%3A%2F%2Fwww.tcgplayer.com%2Fproduct%2F488098%2Fsv01-scarlet-and-violet-base-set-rare-candy-191-198
Pidgeot Control,Cyllene,1.53,ASR,$0.10,https://partner.tcgplayer.com/LIMITLESS?u=https%3A%2F%2Fwww.tcgplayer.com%2Fproduct%2F272390%2Fswsh10-astral-radiance-cyllene
Pidgeot Control,Night Stretcher,1.41,SFA,$3.91,https://partner.tcgplayer.com/LIMITLESS?u=https%3A%2F%2Fwww.tcgplayer.com%2Fproduct%2F560372%2Fpokemon-sv-shrouded-fable-night-stretcher
Pidgeot Control,Boss's Orders,1.35,PAL,$1.66,https://partner.tcgplayer.com/LIMITLESS?u=https%3A%2F%2Fwww.tcgplayer.com%2Fproduct%2F497544%2Fpokemon-sv02-paldea-evolved-bosss-orders-172-193
Pidgeot Control,Forest Seal Stone,1.35,SIT,$0.99,https://partner.tcgplayer.com/LIMITLESS?u=https%3A%2F%2Fwww.tcgplayer.com%2Fproduct%2F451804%2Fswsh12-silver-tempest-forest-seal-stone
Pidgeot Control,Counter Gain,1.24,SSP,$0.16,https://partner.tcgplayer.com/LIMITLESS?u=https%3A%2F%2Fwww.tcgplayer.com%2Fproduct%2F589907%2Fpokemon-sv08-surging-sparks-counter-gain
Pidgeot Control,Hisuian Heavy Ball,1.12,ASR,$0.42,https://partner.tcgplayer.com/LIMITLESS?u=https%3A%2F%2Fwww.tcgplayer.com%2Fproduct%2F272398%2Fswsh10-astral-radiance-hisuian-heavy-ball
Pidgeot Control,Iono,1.0,PAL,$0.34,https://partner.tcgplayer.com/LIMITLESS?u=https%3A%2F%2Fwww.tcgplayer.com%2Fproduct%2F497557%2Fpokemon-sv02-paldea-evolved-iono-185-193
Pidgeot Control,Thorton,1.0,LOR,$0.07,https://partner.tcgplayer.com/LIMITLESS?u=https%3A%2F%2Fwww.tcgplayer.com%2Fproduct%2F284100%2Fswsh11-lost-origin-thorton
Pidgeot Control,Xerosic's Machinations,0.94,SFA,$0.05,https://partner.tcgplayer.com/LIMITLESS?u=https%3A%2F%2Fwww.tcgplayer.com%2Fproduct%2F560375%2Fpokemon-sv-shrouded-fable-xerosics-machinations-064-064
Pidgeot Control,Bravery Charm,0.94,PAL,$0.57,https://partner.tcgplayer.com/LIMITLESS?u=https%3A%2F%2Fwww.tcgplayer.com%2Fproduct%2F497545%2Fpokemon-sv02-paldea-evolved-bravery-charm
Pidgeot Control,Giacomo,0.82,PAL,$0.04,https://partner.tcgplayer.com/LIMITLESS?u=https%3A%2F%2Fwww.tcgplayer.com%2Fproduct%2F497554%2Fpokemon-sv02-paldea-evolved-giacomo
Pidgeot Control,Erika's Invitation,0.76,MEW,$0.05,https://partner.tcgplayer.com/LIMITLESS?u=https%3A%2F%2Fwww.tcgplayer.com%2Fproduct%2F516722%2Fpokemon-sv-scarlet-and-violet-151-erikas-invitation-160-165
Pidgeot Control,Accompanying Flute,0.76,TWM,$0.05,https://partner.tcgplayer.com/LIMITLESS?u=https%3A%2F%2Fwww.tcgplayer.com%2Fproduct%2F550186%2Fpokemon-sv06-twilight-masquerade-accompanying-flute
Pidgeot Control,Lost Vacuum,0.71,LOR,$0.04,https://partner.tcgplayer.com/LIMITLESS?u=https%3A%2F%2Fwww.tcgplayer.com%2Fproduct%2F284094%2Fswsh11-lost-origin-lost-vacuum
Pidgeot Control,Precious Trolley,0.59,SSP,$3.66,https://partner.tcgplayer.com/LIMITLESS?u=https%3A%2F%2Fwww.tcgplayer.com%2Fproduct%2F590028%2Fpokemon-sv08-surging-sparks-precious-trolley
Pidgeot Control,Defiance Vest,0.59,PAR,$0.04,https://partner.tcgplayer.com/LIMITLESS?u=https%3A%2F%2Fwww.tcgplayer.com%2Fproduct%2F523843%2Fpokemon-sv04-paradox-rift-defiance-vest
Pidgeot Control,Calamitous Wasteland,0.59,PAL,$0.04,https://partner.tcgplayer.com/LIMITLESS?u=https%3A%2F%2Fwww.tcgplayer.com%2Fproduct%2F497547%2Fpokemon-sv02-paldea-evolved-calamitous-wasteland
Pidgeot Control,Luxurious Cape,0.29,PAR,$0.05,https://partner.tcgplayer.com/LIMITLESS?u=https%3A%2F%2Fwww.tcgplayer.com%2Fproduct%2F523847%2Fpokemon-sv04-paradox-rift-luxurious-cape
Pidgeot Control,Artazon,0.29,PAL,$0.03,https://partner.tcgplayer.com/LIMITLESS?u=https%3A%2F%2Fwww.tcgplayer.com%2Fproduct%2F497541%2Fpokemon-sv02-paldea-evolved-artazon
Pidgeot Control,Miss Fortune Sisters,0.29,LOR,$0.02,https://partner.tcgplayer.com/LIMITLESS?u=https%3A%2F%2Fwww.tcgplayer.com%2Fproduct%2F284096%2Fswsh11-lost-origin-miss-fortune-sisters
Pidgeot Control,Grand Tree,0.29,SCR,$0.27,https://partner.tcgplayer.com/LIMITLESS?u=https%3A%2F%2Fwww.tcgplayer.com%2Fproduct%2F567397%2Fpokemon-sv07-stellar-crown-grand-tree
Pidgeot Control,Temple of Sinnoh,0.24,ASR,$0.03,https://partner.tcgplayer.com/LIMITLESS?u=https%3A%2F%2Fwww.tcgplayer.com%2Fproduct%2F272407%2Fswsh10-astral-radiance-temple-of-sinnoh
Pidgeot Control,Picnic Basket,0.24,SVI,$0.01,https://partner.tcgplayer.com/LIMITLESS?u=https%3A%2F%2Fwww.tcgplayer.com%2Fproduct%2F488090%2Fsv01-scarlet-and-violet-base-set-picnic-basket-184-198
Pidgeot Control,Switch,0.24,SVI,$0.03,https://partner.tcgplayer.com/LIMITLESS?u=https%3A%2F%2Fwww.tcgplayer.com%2Fproduct%2F488102%2Fsv01-scarlet-and-violet-base-set-switch-194-198
Pidgeot Control,Irida,0.18,ASR,$0.29,https://partner.tcgplayer.com/LIMITLESS?u=https%3A%2F%2Fwww.tcgplayer.com%2Fproduct%2F272399%2Fswsh10-astral-radiance-irida
Pidgeot Control,Eri,0.18,TEF,$0.01,https://partner.tcgplayer.com/LIMITLESS?u=https%3A%2F%2Fwww.tcgplayer.com%2Fproduct%2F542661%2Fpokemon-sv05-temporal-forces-eri-146-162
Pidgeot Control,Lost City,0.12,LOR,$0.01,https://partner.tcgplayer.com/LIMITLESS?u=https%3A%2F%2Fwww.tcgplayer.com%2Fproduct%2F284093%2Fswsh11-lost-origin-lost-city
Pidgeot Control,Technical Machine: Evolution,0.12,PAR,$0.02,https://partner.tcgplayer.com/LIMITLESS?u=https%3A%2F%2Fwww.tcgplayer.com%2Fproduct%2F523859%2Fpokemon-sv04-paradox-rift-technical-machine-evolution
Pidgeot Control,Secret Box,0.06,TWM,$0.25,https://partner.tcgplayer.com/LIMITLESS?u=https%3A%2F%2Fwww.tcgplayer.com%2Fproduct%2F550207%2Fpokemon-sv06-twilight-masquerade-secret-box
Pidgeot Control,Professor Turo's Scenario,0.06,PAR,$0.00,https://partner.tcgplayer.com/LIMITLESS?u=https%3A%2F%2Fwww.tcgplayer.com%2Fproduct%2F523852%2Fpokemon-sv04-paradox-rift-professor-turos-scenario
Pidgeot Control,Colress's Tenacity,0.06,SFA,$0.00,https://partner.tcgplayer.com/LIMITLESS?u=https%3A%2F%2Fwww.tcgplayer.com%2Fproduct%2F560368%2Fpokemon-sv-shrouded-fable-colresss-tenacity-057-064
Pidgeot Control,Buddy-Buddy Poffin,0.06,TEF,$0.02,https://partner.tcgplayer.com/LIMITLESS?u=https%3A%2F%2Fwww.tcgplayer.com%2Fproduct%2F542659%2Fpokemon-sv05-temporal-forces-buddy-buddy-poffin
Pidgeot Control,Megaton Blower,0.06,SSP,$0.02,https://partner.tcgplayer.com/LIMITLESS?u=https%3A%2F%2Fwww.tcgplayer.com%2Fproduct%2F590000%2Fpokemon-sv08-surging-sparks-megaton-blower
Pidgeot Control,Rescue Board,0.06,TEF,$0.00,https://partner.tcgplayer.com/LIMITLESS?u=https%3A%2F%2Fwww.tcgplayer.com%2Fproduct%2F542677%2Fpokemon-sv05-temporal-forces-rescue-board
Pidgeot Control,Roseanne's Backup,0.06,BRS,$0.00,https://partner.tcgplayer.com/LIMITLESS?u=https%3A%2F%2Fwww.tcgplayer.com%2Fproduct%2F263868%2Fswsh09-brilliant-stars-roseannes-backup
Pidgeot Control,Team Yell's Cheer,0.06,BRS,$0.00,https://partner.tcgplayer.com/LIMITLESS?u=https%3A%2F%2Fwww.tcgplayer.com%2Fproduct%2F263869%2Fswsh09-brilliant-stars-team-yells-cheer
Pidgeot Control,Festival Grounds,0.06,TWM,$0.00,https://partner.tcgplayer.com/LIMITLESS?u=https%3A%2F%2Fwww.tcgplayer.com%2Fproduct%2F550193%2Fpokemon-sv06-twilight-masquerade-festival-grounds
Pidgeot Control,Double Turbo Energy,2.0,BRS,$0.46,https://partner.tcgplayer.com/LIMITLESS?u=https%3A%2F%2Fwww.tcgplayer.com%2Fproduct%2F257307%2Fswsh09-brilliant-stars-double-turbo-energy
Pidgeot Control,Mist Energy,1.0,TEF,$0.19,https://partner.tcgplayer.com/LIMITLESS?u=https%3A%2F%2Fwww.tcgplayer.com%2Fproduct%2F542681%2Fpokemon-sv05-temporal-forces-mist-energy
Pidgeot Control,Psychic Energy,0.47,SVE,$0.02,https://partner.tcgplayer.com/LIMITLESS?u=https%3A%2F%2Fwww.tcgplayer.com%2Fproduct%2F578865%2Fpokemon-sv07-stellar-crown-basic-psychic-energy
Pidgeot Control,Water Energy,0.47,SVE,$0.02,https://partner.tcgplayer.com/LIMITLESS?u=https%3A%2F%2Fwww.tcgplayer.com%2Fproduct%2F578862%2Fpokemon-sv07-stellar-crown-basic-water-energy
Pidgeot Control,Jet Energy,0.12,PAL,$0.02,https://partner.tcgplayer.com/LIMITLESS?u=https%3A%2F%2Fwww.tcgplayer.com%2Fproduct%2F497563%2Fpokemon-sv02-paldea-evolved-jet-energy
Pidgeot Control,Fighting Energy,0.06,SVE,$0.00,https://partner.tcgplayer.com/LIMITLESS?u=https%3A%2F%2Fwww.tcgplayer.com%2Fproduct%2F578867%2Fpokemon-sv07-stellar-crown-basic-fighting-energy
Pidgeot Control,Fire Energy,0.06,SVE,$0.00,https://partner.tcgplayer.com/LIMITLESS?u=https%3A%2F%2Fwww.tcgplayer.com%2Fproduct%2F578863%2Fpokemon-sv07-stellar-crown-basic-fire-energy
Eternatus VMAX,Koffing,4.0,SHF,$0.36,https://partner.tcgplayer.com/LIMITLESS?u=https%3A%2F%2Fwww.tcgplayer.com%2Fproduct%2F232497%2Fshining-fates-koffing
Eternatus VMAX,Crobat V,4.0,DAA,$2.20,https://partner.tcgplayer.com/LIMITLESS?u=https%3A%2F%2Fwww.tcgplayer.com%2Fproduct%2F219406%2Fswsh03-darkness-ablaze-crobat-v
Eternatus VMAX,Eternatus V,3.08,DAA,$4.21,https://partner.tcgplayer.com/LIMITLESS?u=https%3A%2F%2Fwww.tcgplayer.com%2Fproduct%2F219431%2Fswsh03-darkness-ablaze-eternatus-v
Eternatus VMAX,Galarian Weezing,3.0,RCL,$1.05,https://partner.tcgplayer.com/LIMITLESS?u=https%3A%2F%2Fwww.tcgplayer.com%2Fproduct%2F213205%2Fswsh02-rebel-clash-galarian-weezing
Eternatus VMAX,Eternatus VMAX,2.88,DAA,$12.18,https://partner.tcgplayer.com/LIMITLESS?u=https%3A%2F%2Fwww.tcgplayer.com%2Fproduct%2F219435%2Fswsh03-darkness-ablaze-eternatus-vmax
Eternatus VMAX,Galarian Zigzagoon,1.88,SSH,$0.24,https://partner.tcgplayer.com/LIMITLESS?u=https%3A%2F%2Fwww.tcgplayer.com%2Fproduct%2F208427%2Fswsh01-sword-and-shield-base-set-galarian-zigzagoon
Eternatus VMAX,Radiant Hisuian Sneasler,1.0,LOR,$0.53,https://partner.tcgplayer.com/LIMITLESS?u=https%3A%2F%2Fwww.tcgplayer.com%2Fproduct%2F284031%2Fswsh11-lost-origin-radiant-hisuian-sneasler
Eternatus VMAX,Drapion V,0.83,LOR,$0.48,https://partner.tcgplayer.com/LIMITLESS?u=https%3A%2F%2Fwww.tcgplayer.com%2Fproduct%2F284018%2Fswsh11-lost-origin-drapion-v
Eternatus VMAX,Crobat VMAX,0.13,SHF,$0.20,https://partner.tcgplayer.com/LIMITLESS?u=https%3A%2F%2Fwww.tcgplayer.com%2Fproduct%2F232515%2Fshining-fates-crobat-vmax
Eternatus VMAX,Galarian Moltres V,0.08,CRE,$0.09,https://partner.tcgplayer.com/LIMITLESS?u=https%3A%2F%2Fwww.tcgplayer.com%2Fproduct%2F241766%2Fswsh06-chilling-reign-galarian-moltres-v
Eternatus VMAX,Drapion VSTAR,0.04,LOR,$0.03,https://partner.tcgplayer.com/LIMITLESS?u=https%3A%2F%2Fwww.tcgplayer.com%2Fproduct%2F284021%2Fswsh11-lost-origin-drapion-vstar
Eternatus VMAX,Sableye V,0.04,SSH,$0.04,https://partner.tcgplayer.com/LIMITLESS?u=https%3A%2F%2Fwww.tcgplayer.com%2Fproduct%2F208430%2Fswsh01-sword-and-shield-base-set-sableye-v
Eternatus VMAX,Quick Ball,4.0,FST,$0.44,https://partner.tcgplayer.com/LIMITLESS?u=https%3A%2F%2Fwww.tcgplayer.com%2Fproduct%2F253112%2Fswsh08-fusion-strike-quick-ball
Eternatus VMAX,Ultra Ball,3.92,SVI,$0.78,https://partner.tcgplayer.com/LIMITLESS?u=https%3A%2F%2Fwww.tcgplayer.com%2Fproduct%2F488105%2Fsv01-scarlet-and-violet-base-set-ultra-ball-196-198
Eternatus VMAX,Marnie,3.71,SSH,$2.55,https://partner.tcgplayer.com/LIMITLESS?u=https%3A%2F%2Fwww.tcgplayer.com%2Fproduct%2F208495%2Fswsh01-sword-and-shield-base-set-marnie
Eternatus VMAX,Temple of Sinnoh,3.0,ASR,$0.48,https://partner.tcgplayer.com/LIMITLESS?u=https%3A%2F%2Fwww.tcgplayer.com%2Fproduct%2F272407%2Fswsh10-astral-radiance-temple-of-sinnoh
Eternatus VMAX,Judge,2.08,SVI,$0.20,https://partner.tcgplayer.com/LIMITLESS?u=https%3A%2F%2Fwww.tcgplayer.com%2Fproduct%2F488081%2Fsv01-scarlet-and-violet-base-set-judge-176-198
Eternatus VMAX,Boss's Orders,1.79,BRS,$1.09,https://partner.tcgplayer.com/LIMITLESS?u=https%3A%2F%2Fwww.tcgplayer.com%2Fproduct%2F263855%2Fswsh09-brilliant-stars-bosss-orders
Eternatus VMAX,Dark Patch,1.79,ASR,$0.25,https://partner.tcgplayer.com/LIMITLESS?u=https%3A%2F%2Fwww.tcgplayer.com%2Fproduct%2F272391%2Fswsh10-astral-radiance-dark-patch
Eternatus VMAX,Forest Seal Stone,1.79,SIT,$1.32,https://partner.tcgplayer.com/LIMITLESS?u=https%3A%2F%2Fwww.tcgplayer.com%2Fproduct%2F451804%2Fswsh12-silver-tempest-forest-seal-stone
Eternatus VMAX,Switch,1.67,SVI,$0.26,https://partner.tcgplayer.com/LIMITLESS?u=https%3A%2F%2Fwww.tcgplayer.com%2Fproduct%2F488102%2Fsv01-scarlet-and-violet-base-set-switch-194-198
Eternatus VMAX,Escape Rope,1.17,BST,$0.15,https://partner.tcgplayer.com/LIMITLESS?u=https%3A%2F%2Fwww.tcgplayer.com%2Fproduct%2F234117%2Fswsh05-battle-styles-escape-rope
Eternatus VMAX,Serena,1.04,SIT,$0.09,https://partner.tcgplayer.com/LIMITLESS?u=https%3A%2F%2Fwww.tcgplayer.com%2Fproduct%2F451812%2Fswsh12-silver-tempest-serena
Eternatus VMAX,Professor's Research,0.92,SVI,$0.11,https://partner.tcgplayer.com/LIMITLESS?u=https%3A%2F%2Fwww.tcgplayer.com%2Fproduct%2F475423%2Fsv01-scarlet-and-violet-base-set-professors-research-189-198
Eternatus VMAX,Big Parasol,0.75,DAA,$0.06,https://partner.tcgplayer.com/LIMITLESS?u=https%3A%2F%2Fwww.tcgplayer.com%2Fproduct%2F219265%2Fswsh03-darkness-ablaze-big-parasol
Eternatus VMAX,Choice Belt,0.67,BRS,$0.02,https://partner.tcgplayer.com/LIMITLESS?u=https%3A%2F%2Fwww.tcgplayer.com%2Fproduct%2F263857%2Fswsh09-brilliant-stars-choice-belt
Eternatus VMAX,Boost Shake,0.67,EVS,$0.04,https://partner.tcgplayer.com/LIMITLESS?u=https%3A%2F%2Fwww.tcgplayer.com%2Fproduct%2F246767%2Fswsh07-evolving-skies-boost-shake
Eternatus VMAX,Great Ball,0.33,SSH,$0.01,https://partner.tcgplayer.com/LIMITLESS?u=https%3A%2F%2Fwww.tcgplayer.com%2Fproduct%2F208490%2Fswsh01-sword-and-shield-base-set-great-ball
Eternatus VMAX,Trekking Shoes,0.33,ASR,$0.03,https://partner.tcgplayer.com/LIMITLESS?u=https%3A%2F%2Fwww.tcgplayer.com%2Fproduct%2F272408%2Fswsh10-astral-radiance-trekking-shoes
Eternatus VMAX,Ordinary Rod,0.21,SSH,$0.03,https://partner.tcgplayer.com/LIMITLESS?u=https%3A%2F%2Fwww.tcgplayer.com%2Fproduct%2F208500%2Fswsh01-sword-and-shield-base-set-ordinary-rod
Eternatus VMAX,Galar Mine,0.13,RCL,$0.01,https://partner.tcgplayer.com/LIMITLESS?u=https%3A%2F%2Fwww.tcgplayer.com%2Fproduct%2F213263%2Fswsh02-rebel-clash-galar-mine
Eternatus VMAX,Piers,0.08,DAA,$0.00,https://partner.tcgplayer.com/LIMITLESS?u=https%3A%2F%2Fwww.tcgplayer.com%2Fproduct%2F219280%2Fswsh03-darkness-ablaze-piers
Eternatus VMAX,Bird Keeper,0.08,DAA,$0.01,https://partner.tcgplayer.com/LIMITLESS?u=https%3A%2F%2Fwww.tcgplayer.com%2Fproduct%2F219269%2Fswsh03-darkness-ablaze-bird-keeper
Eternatus VMAX,Lost Vacuum,0.08,LOR,$0.00,https://partner.tcgplayer.com/LIMITLESS?u=https%3A%2F%2Fwww.tcgplayer.com%2Fproduct%2F284094%2Fswsh11-lost-origin-lost-vacuum
Eternatus VMAX,Echoing Horn,0.08,CRE,$0.00,https://partner.tcgplayer.com/LIMITLESS?u=https%3A%2F%2Fwww.tcgplayer.com%2Fproduct%2F241828%2Fswsh06-chilling-reign-echoing-horn
Eternatus VMAX,Avery,0.08,CRE,$0.00,https://partner.tcgplayer.com/LIMITLESS?u=https%3A%2F%2Fwww.tcgplayer.com%2Fproduct%2F241814%2Fswsh06-chilling-reign-avery
Eternatus VMAX,Energy Switch,0.04,SVI,$0.01,https://partner.tcgplayer.com/LIMITLESS?u=https%3A%2F%2Fwww.tcgplayer.com%2Fproduct%2F488078%2Fsv01-scarlet-and-violet-base-set-energy-switch-173-198
Eternatus VMAX,Evolution Incense,0.04,SSH,$0.00,https://partner.tcgplayer.com/LIMITLESS?u=https%3A%2F%2Fwww.tcgplayer.com%2Fproduct%2F208489%2Fswsh01-sword-and-shield-base-set-evolution-incense
Eternatus VMAX,Darkness Energy,7.29,SVE,$0.29,https://partner.tcgplayer.com/LIMITLESS?u=https%3A%2F%2Fwww.tcgplayer.com%2Fproduct%2F578868%2Fpokemon-sv07-stellar-crown-basic-darkness-energy
Eternatus VMAX,Hiding Darkness Energy,1.25,DAA,$0.28,https://partner.tcgplayer.com/LIMITLESS?u=https%3A%2F%2Fwww.tcgplayer.com%2Fproduct%2F219293%2Fswsh03-darkness-ablaze-hiding-d-energy
Eternatus VMAX,V Guard Energy,0.04,SIT,$0.00,https://partner.tcgplayer.com/LIMITLESS?u=https%3A%2F%2Fwww.tcgplayer.com%2Fproduct%2F451817%2Fswsh12-silver-tempest-v-guard-energy
Entei V,Teal Mask Ogerpon ex,4.0,TWM,$14.28,https://partner.tcgplayer.com/LIMITLESS?u=https%3A%2F%2Fwww.tcgplayer.com%2Fproduct%2F550069%2Fpokemon-sv06-twilight-masquerade-teal-mask-ogerpon-ex-025-167
Entei V,Entei V,3.0,BRS,$3.15,https://partner.tcgplayer.com/LIMITLESS?u=https%3A%2F%2Fwww.tcgplayer.com%2Fproduct%2F263715%2Fswsh09-brilliant-stars-entei-v
Entei V,Mew ex,1.0,MEW,$7.70,https://partner.tcgplayer.com/LIMITLESS?u=https%3A%2F%2Fwww.tcgplayer.com%2Fproduct%2F516566%2Fpokemon-sv-scarlet-and-violet-151-mew-ex-151-165
Entei V,Latias ex,1.0,SSP,$5.85,https://partner.tcgplayer.com/LIMITLESS?u=https%3A%2F%2Fwww.tcgplayer.com%2Fproduct%2F589983%2Fpokemon-sv08-surging-sparks-latias-ex-076-191
Entei V,Lumineon V,1.0,BRS,$1.43,https://partner.tcgplayer.com/LIMITLESS?u=https%3A%2F%2Fwww.tcgplayer.com%2Fproduct%2F263740%2Fswsh09-brilliant-stars-lumineon-v
Entei V,Squawkabilly ex,1.0,PAL,$0.90,https://partner.tcgplayer.com/LIMITLESS?u=https%3A%2F%2Fwww.tcgplayer.com%2Fproduct%2F497590%2Fpokemon-sv02-paldea-evolved-squawkabilly-ex
Entei V,Radiant Charizard,1.0,CRZ,$3.46,https://partner.tcgplayer.com/LIMITLESS?u=https%3A%2F%2Fwww.tcgplayer.com%2Fproduct%2F478098%2Fcrown-zenith-radiant-charizard
Entei V,Iron Bundle,1.0,PAR,$0.14,https://partner.tcgplayer.com/LIMITLESS?u=https%3A%2F%2Fwww.tcgplayer.com%2Fproduct%2F523666%2Fpokemon-sv04-paradox-rift-iron-bundle
Entei V,Fezandipiti ex,1.0,SFA,$12.94,https://partner.tcgplayer.com/LIMITLESS?u=https%3A%2F%2Fwww.tcgplayer.com%2Fproduct%2F560348%2Fpokemon-sv-shrouded-fable-fezandipiti-ex-038-064
Entei V,Energy Switch,4.0,SVI,$1.28,https://partner.tcgplayer.com/LIMITLESS?u=https%3A%2F%2Fwww.tcgplayer.com%2Fproduct%2F488078%2Fsv01-scarlet-and-violet-base-set-energy-switch-173-198
Entei V,Nest Ball,4.0,SVI,$1.28,https://partner.tcgplayer.com/LIMITLESS?u=https%3A%2F%2Fwww.tcgplayer.com%2Fproduct%2F488087%2Fsv01-scarlet-and-violet-base-set-nest-ball-181-198
Entei V,Judge,3.0,SVI,$0.30,https://partner.tcgplayer.com/LIMITLESS?u=https%3A%2F%2Fwww.tcgplayer.com%2Fproduct%2F488081%2Fsv01-scarlet-and-violet-base-set-judge-176-198
Entei V,Boss's Orders,3.0,PAL,$3.69,https://partner.tcgplayer.com/LIMITLESS?u=https%3A%2F%2Fwww.tcgplayer.com%2Fproduct%2F497544%2Fpokemon-sv02-paldea-evolved-bosss-orders-172-193
Entei V,Trekking Shoes,3.0,ASR,$0.33,https://partner.tcgplayer.com/LIMITLESS?u=https%3A%2F%2Fwww.tcgplayer.com%2Fproduct%2F272408%2Fswsh10-astral-radiance-trekking-shoes
Entei V,Earthen Vessel,3.0,PAR,$1.05,https://partner.tcgplayer.com/LIMITLESS?u=https%3A%2F%2Fwww.tcgplayer.com%2Fproduct%2F523844%2Fpokemon-sv04-paradox-rift-earthen-vessel
Entei V,Area Zero Underdepths,3.0,SCR,$0.36,https://partner.tcgplayer.com/LIMITLESS?u=https%3A%2F%2Fwww.tcgplayer.com%2Fproduct%2F567384%2Fpokemon-sv07-stellar-crown-area-zero-underdepths-131-142
Entei V,Accompanying Flute,2.0,TWM,$0.14,https://partner.tcgplayer.com/LIMITLESS?u=https%3A%2F%2Fwww.tcgplayer.com%2Fproduct%2F550186%2Fpokemon-sv06-twilight-masquerade-accompanying-flute
Entei V,Night Stretcher,2.0,SFA,$5.56,https://partner.tcgplayer.com/LIMITLESS?u=https%3A%2F%2Fwww.tcgplayer.com%2Fproduct%2F560372%2Fpokemon-sv-shrouded-fable-night-stretcher
Entei V,Ultra Ball,2.0,SVI,$0.40,https://partner.tcgplayer.com/LIMITLESS?u=https%3A%2F%2Fwww.tcgplayer.com%2Fproduct%2F488105%2Fsv01-scarlet-and-violet-base-set-ultra-ball-196-198
Entei V,Iono,1.0,PAL,$0.34,https://partner.tcgplayer.com/LIMITLESS?u=https%3A%2F%2Fwww.tcgplayer.com%2Fproduct%2F497557%2Fpokemon-sv02-paldea-evolved-iono-185-193
Entei V,Briar,1.0,SCR,$0.09,https://partner.tcgplayer.com/LIMITLESS?u=https%3A%2F%2Fwww.tcgplayer.com%2Fproduct%2F567385%2Fpokemon-sv07-stellar-crown-briar-132-142
Entei V,Pal Pad,1.0,SVI,$0.36,https://partner.tcgplayer.com/LIMITLESS?u=https%3A%2F%2Fwww.tcgplayer.com%2Fproduct%2F488088%2Fsv01-scarlet-and-violet-base-set-pal-pad-182-198
Entei V,Prime Catcher,1.0,TEF,$2.74,https://partner.tcgplayer.com/LIMITLESS?u=https%3A%2F%2Fwww.tcgplayer.com%2Fproduct%2F542674%2Fpokemon-sv05-temporal-forces-prime-catcher
Entei V,Hisuian Heavy Ball,1.0,ASR,$0.38,https://partner.tcgplayer.com/LIMITLESS?u=https%3A%2F%2Fwww.tcgplayer.com%2Fproduct%2F272398%2Fswsh10-astral-radiance-hisuian-heavy-ball
Entei V,Energy Retrieval,1.0,SVI,$0.19,https://partner.tcgplayer.com/LIMITLESS?u=https%3A%2F%2Fwww.tcgplayer.com%2Fproduct%2F488076%2Fsv01-scarlet-and-violet-base-set-energy-retrieval-171-198
Entei V,Forest Seal Stone,1.0,SIT,$0.74,https://partner.tcgplayer.com/LIMITLESS?u=https%3A%2F%2Fwww.tcgplayer.com%2Fproduct%2F451804%2Fswsh12-silver-tempest-forest-seal-stone
Entei V,Grass Energy,7.0,SVE,$0.42,https://partner.tcgplayer.com/LIMITLESS?u=https%3A%2F%2Fwww.tcgplayer.com%2Fproduct%2F578864%2Fpokemon-sv07-stellar-crown-basic-grass-energy
Entei V,Fire Energy,3.0,SVE,$0.12,https://partner.tcgplayer.com/LIMITLESS?u=https%3A%2F%2Fwww.tcgplayer.com%2Fproduct%2F578863%2Fpokemon-sv07-stellar-crown-basic-fire-energy
Raging Bolt ex,Teal Mask Ogerpon ex,3.51,TWM,$12.53,https://partner.tcgplayer.com/LIMITLESS?u=https%3A%2F%2Fwww.tcgplayer.com%2Fproduct%2F550069%2Fpokemon-sv06-twilight-masquerade-teal-mask-ogerpon-ex-025-167
Raging Bolt ex,Raging Bolt ex,3.09,TEF,$10.81,https://partner.tcgplayer.com/LIMITLESS?u=https%3A%2F%2Fwww.tcgplayer.com%2Fproduct%2F542867%2Fpokemon-sv05-temporal-forces-raging-bolt-ex-123-162
Raging Bolt ex,Noctowl,2.58,SCR,$1.13,https://partner.tcgplayer.com/LIMITLESS?u=https%3A%2F%2Fwww.tcgplayer.com%2Fproduct%2F567341%2Fpokemon-sv07-stellar-crown-noctowl
Raging Bolt ex,Hoothoot,1.7,SCR,$2.09,https://partner.tcgplayer.com/LIMITLESS?u=https%3A%2F%2Fwww.tcgplayer.com%2Fproduct%2F567340%2Fpokemon-sv07-stellar-crown-hoothoot
Raging Bolt ex,Fan Rotom,1.7,SCR,$0.18,https://partner.tcgplayer.com/LIMITLESS?u=https%3A%2F%2Fwww.tcgplayer.com%2Fproduct%2F567344%2Fpokemon-sv07-stellar-crown-fan-rotom
Raging Bolt ex,Squawkabilly ex,1.0,PAL,$0.90,https://partner.tcgplayer.com/LIMITLESS?u=https%3A%2F%2Fwww.tcgplayer.com%2Fproduct%2F497590%2Fpokemon-sv02-paldea-evolved-squawkabilly-ex
Raging Bolt ex,Latias ex,1.0,SSP,$5.85,https://partner.tcgplayer.com/LIMITLESS?u=https%3A%2F%2Fwww.tcgplayer.com%2Fproduct%2F589983%2Fpokemon-sv08-surging-sparks-latias-ex-076-191
Raging Bolt ex,Fezandipiti ex,0.98,SFA,$12.68,https://partner.tcgplayer.com/LIMITLESS?u=https%3A%2F%2Fwww.tcgplayer.com%2Fproduct%2F560348%2Fpokemon-sv-shrouded-fable-fezandipiti-ex-038-064
Raging Bolt ex,Slither Wing,0.77,PAR,$0.06,https://partner.tcgplayer.com/LIMITLESS?u=https%3A%2F%2Fwww.tcgplayer.com%2Fproduct%2F523779%2Fpokemon-sv04-paradox-rift-slither-wing-107-182
Raging Bolt ex,Hoothoot,0.66,PRE,$0.06,https://partner.tcgplayer.com/LIMITLESS?u=https%3A%2F%2Fwww.tcgplayer.com%2Fproduct%2F610432%2Fpokemon-sv-prismatic-evolutions-hoothoot
Raging Bolt ex,Raging Bolt,0.64,SCR,$0.10,https://partner.tcgplayer.com/LIMITLESS?u=https%3A%2F%2Fwww.tcgplayer.com%2Fproduct%2F567337%2Fpokemon-sv07-stellar-crown-raging-bolt
Raging Bolt ex,Ditto,0.51,MEW,$0.16,https://partner.tcgplayer.com/LIMITLESS?u=https%3A%2F%2Fwww.tcgplayer.com%2Fproduct%2F516695%2Fpokemon-sv-scarlet-and-violet-151-ditto
Raging Bolt ex,Mew ex,0.47,MEW,$3.61,https://partner.tcgplayer.com/LIMITLESS?u=https%3A%2F%2Fwww.tcgplayer.com%2Fproduct%2F516566%2Fpokemon-sv-scarlet-and-violet-151-mew-ex-151-165
Raging Bolt ex,Cornerstone Mask Ogerpon ex,0.32,TWM,$0.53,https://partner.tcgplayer.com/LIMITLESS?u=https%3A%2F%2Fwww.tcgplayer.com%2Fproduct%2F550156%2Fpokemon-sv06-twilight-masquerade-cornerstone-mask-ogerpon-ex-112-167
Raging Bolt ex,Hoothoot,0.28,TEF,$0.02,https://partner.tcgplayer.com/LIMITLESS?u=https%3A%2F%2Fwww.tcgplayer.com%2Fproduct%2F542870%2Fpokemon-sv05-temporal-forces-hoothoot
Raging Bolt ex,Koraidon,0.25,SSP,$0.03,https://partner.tcgplayer.com/LIMITLESS?u=https%3A%2F%2Fwww.tcgplayer.com%2Fproduct%2F589979%2Fpokemon-sv08-surging-sparks-koraidon
Raging Bolt ex,Bloodmoon Ursaluna ex,0.19,TWM,$0.37,https://partner.tcgplayer.com/LIMITLESS?u=https%3A%2F%2Fwww.tcgplayer.com%2Fproduct%2F550185%2Fpokemon-sv06-twilight-masquerade-bloodmoon-ursaluna-ex-141-167
Raging Bolt ex,Iron Bundle,0.11,PAR,$0.01,https://partner.tcgplayer.com/LIMITLESS?u=https%3A%2F%2Fwww.tcgplayer.com%2Fproduct%2F523666%2Fpokemon-sv04-paradox-rift-iron-bundle
Raging Bolt ex,Budew,0.02,PRE,$0.01,https://partner.tcgplayer.com/LIMITLESS?u=https%3A%2F%2Fwww.tcgplayer.com%2Fproduct%2F610359%2Fpokemon-sv-prismatic-evolutions-budew
Raging Bolt ex,Sandy Shocks ex,0.02,PAR,$0.00,https://partner.tcgplayer.com/LIMITLESS?u=https%3A%2F%2Fwww.tcgplayer.com%2Fproduct%2F523780%2Fpokemon-sv04-paradox-rift-sandy-shocks-ex-108-182
Raging Bolt ex,Koraidon,0.02,TEF,$0.00,https://partner.tcgplayer.com/LIMITLESS?u=https%3A%2F%2Fwww.tcgplayer.com%2Fproduct%2F542863%2Fpokemon-sv05-temporal-forces-koraidon
Raging Bolt ex,Hop's Wooloo,0.02,JTG,$0.00,https://partner.tcgplayer.com/LIMITLESS?u=https%3A%2F%2Fwww.tcgplayer.com%2Fproduct%2F623562%2Fpokemon-sv09-journey-together-hops-wooloo-135-159
Raging Bolt ex,Hop's Dubwool,0.02,JTG,$0.00,https://partner.tcgplayer.com/LIMITLESS?u=https%3A%2F%2Fwww.tcgplayer.com%2Fproduct%2F623563%2Fpokemon-sv09-journey-together-hops-dubwool
Raging Bolt ex,Professor Sada's Vitality,4.0,PAR,$0.52,https://partner.tcgplayer.com/LIMITLESS?u=https%3A%2F%2Fwww.tcgplayer.com%2Fproduct%2F523851%2Fpokemon-sv04-paradox-rift-professor-sadas-vitality
Raging Bolt ex,Nest Ball,3.96,SVI,$1.26,https://partner.tcgplayer.com/LIMITLESS?u=https%3A%2F%2Fwww.tcgplayer.com%2Fproduct%2F488087%2Fsv01-scarlet-and-violet-base-set-nest-ball-181-198
Raging Bolt ex,Earthen Vessel,3.21,PAR,$1.12,https://partner.tcgplayer.com/LIMITLESS?u=https%3A%2F%2Fwww.tcgplayer.com%2Fproduct%2F523844%2Fpokemon-sv04-paradox-rift-earthen-vessel
Raging Bolt ex,Ultra Ball,3.11,SVI,$0.62,https://partner.tcgplayer.com/LIMITLESS?u=https%3A%2F%2Fwww.tcgplayer.com%2Fproduct%2F488105%2Fsv01-scarlet-and-violet-base-set-ultra-ball-196-198
Raging Bolt ex,Night Stretcher,1.92,SFA,$5.33,https://partner.tcgplayer.com/LIMITLESS?u=https%3A%2F%2Fwww.tcgplayer.com%2Fproduct%2F560372%2Fpokemon-sv-shrouded-fable-night-stretcher
Raging Bolt ex,Area Zero Underdepths,1.85,SCR,$0.22,https://partner.tcgplayer.com/LIMITLESS?u=https%3A%2F%2Fwww.tcgplayer.com%2Fproduct%2F567384%2Fpokemon-sv07-stellar-crown-area-zero-underdepths-131-142
Raging Bolt ex,Crispin,1.64,SCR,$0.67,https://partner.tcgplayer.com/LIMITLESS?u=https%3A%2F%2Fwww.tcgplayer.com%2Fproduct%2F567390%2Fpokemon-sv07-stellar-crown-crispin-133-142
Raging Bolt ex,Energy Retrieval,1.53,SVI,$0.29,https://partner.tcgplayer.com/LIMITLESS?u=https%3A%2F%2Fwww.tcgplayer.com%2Fproduct%2F488076%2Fsv01-scarlet-and-violet-base-set-energy-retrieval-171-198
Raging Bolt ex,Boss's Orders,1.17,PAL,$1.43,https://partner.tcgplayer.com/LIMITLESS?u=https%3A%2F%2Fwww.tcgplayer.com%2Fproduct%2F497544%2Fpokemon-sv02-paldea-evolved-bosss-orders-172-193
Raging Bolt ex,Prime Catcher,1.0,TEF,$2.74,https://partner.tcgplayer.com/LIMITLESS?u=https%3A%2F%2Fwww.tcgplayer.com%2Fproduct%2F542674%2Fpokemon-sv05-temporal-forces-prime-catcher
Raging Bolt ex,Jamming Tower,0.92,TWM,$0.17,https://partner.tcgplayer.com/LIMITLESS?u=https%3A%2F%2Fwww.tcgplayer.com%2Fproduct%2F550197%2Fpokemon-sv06-twilight-masquerade-jamming-tower
Raging Bolt ex,Iono,0.91,PAL,$0.30,https://partner.tcgplayer.com/LIMITLESS?u=https%3A%2F%2Fwww.tcgplayer.com%2Fproduct%2F497557%2Fpokemon-sv02-paldea-evolved-iono-185-193
Raging Bolt ex,Pal Pad,0.49,SVI,$0.17,https://partner.tcgplayer.com/LIMITLESS?u=https%3A%2F%2Fwww.tcgplayer.com%2Fproduct%2F488088%2Fsv01-scarlet-and-violet-base-set-pal-pad-182-198
Raging Bolt ex,Energy Switch,0.38,SVI,$0.12,https://partner.tcgplayer.com/LIMITLESS?u=https%3A%2F%2Fwww.tcgplayer.com%2Fproduct%2F488078%2Fsv01-scarlet-and-violet-base-set-energy-switch-173-198
Raging Bolt ex,Bravery Charm,0.32,PAL,$0.19,https://partner.tcgplayer.com/LIMITLESS?u=https%3A%2F%2Fwww.tcgplayer.com%2Fproduct%2F497545%2Fpokemon-sv02-paldea-evolved-bravery-charm
Raging Bolt ex,Pokégear 3.0,0.28,SVI,$0.52,https://partner.tcgplayer.com/LIMITLESS?u=https%3A%2F%2Fwww.tcgplayer.com%2Fproduct%2F488092%2Fsv01-scarlet-and-violet-base-set-pokegear-30-186-198
Raging Bolt ex,Superior Energy Retrieval,0.26,PAL,$0.11,https://partner.tcgplayer.com/LIMITLESS?u=https%3A%2F%2Fwww.tcgplayer.com%2Fproduct%2F497562%2Fpokemon-sv02-paldea-evolved-superior-energy-retrieval-189-193
Raging Bolt ex,Counter Catcher,0.25,PAR,$0.42,https://partner.tcgplayer.com/LIMITLESS?u=https%3A%2F%2Fwww.tcgplayer.com%2Fproduct%2F523841%2Fpokemon-sv04-paradox-rift-counter-catcher
Raging Bolt ex,Professor Turo's Scenario,0.25,PAR,$0.04,https://partner.tcgplayer.com/LIMITLESS?u=https%3A%2F%2Fwww.tcgplayer.com%2Fproduct%2F523852%2Fpokemon-sv04-paradox-rift-professor-turos-scenario
Raging Bolt ex,Pokémon Catcher,0.25,SVI,$0.04,https://partner.tcgplayer.com/LIMITLESS?u=https%3A%2F%2Fwww.tcgplayer.com%2Fproduct%2F488093%2Fsv01-scarlet-and-violet-base-set-pokemon-catcher-187-198
Raging Bolt ex,Glass Trumpet,0.09,SCR,$0.01,https://partner.tcgplayer.com/LIMITLESS?u=https%3A%2F%2Fwww.tcgplayer.com%2Fproduct%2F567394%2Fpokemon-sv07-stellar-crown-glass-trumpet
Raging Bolt ex,Judge,0.09,SVI,$0.00,https://partner.tcgplayer.com/LIMITLESS?u=https%3A%2F%2Fwww.tcgplayer.com%2Fproduct%2F488081%2Fsv01-scarlet-and-violet-base-set-judge-176-198
Raging Bolt ex,Switch,0.08,SVI,$0.01,https://partner.tcgplayer.com/LIMITLESS?u=https%3A%2F%2Fwww.tcgplayer.com%2Fproduct%2F488102%2Fsv01-scarlet-and-violet-base-set-switch-194-198
Raging Bolt ex,Lively Stadium,0.06,SSP,$0.00,https://partner.tcgplayer.com/LIMITLESS?u=https%3A%2F%2Fwww.tcgplayer.com%2Fproduct%2F589991%2Fpokemon-sv08-surging-sparks-lively-stadium
Raging Bolt ex,Ancient Booster Energy Capsule,0.06,TEF,$0.00,https://partner.tcgplayer.com/LIMITLESS?u=https%3A%2F%2Fwww.tcgplayer.com%2Fproduct%2F542651%2Fpokemon-sv05-temporal-forces-ancient-booster-energy-capsule
Raging Bolt ex,Picnic Basket,0.04,SVI,$0.00,https://partner.tcgplayer.com/LIMITLESS?u=https%3A%2F%2Fwww.tcgplayer.com%2Fproduct%2F488090%2Fsv01-scarlet-and-violet-base-set-picnic-basket-184-198
Raging Bolt ex,Super Rod,0.04,PAL,$0.01,https://partner.tcgplayer.com/LIMITLESS?u=https%3A%2F%2Fwww.tcgplayer.com%2Fproduct%2F497560%2Fpokemon-sv02-paldea-evolved-super-rod-188-193
Raging Bolt ex,Briar,0.04,SCR,$0.00,https://partner.tcgplayer.com/LIMITLESS?u=https%3A%2F%2Fwww.tcgplayer.com%2Fproduct%2F567385%2Fpokemon-sv07-stellar-crown-briar-132-142
Raging Bolt ex,Cycling Road,0.04,MEW,$0.00,https://partner.tcgplayer.com/LIMITLESS?u=https%3A%2F%2Fwww.tcgplayer.com%2Fproduct%2F516719%2Fpokemon-sv-scarlet-and-violet-151-cycling-road
Raging Bolt ex,Tera Orb,0.02,SSP,$0.00,https://partner.tcgplayer.com/LIMITLESS?u=https%3A%2F%2Fwww.tcgplayer.com%2Fproduct%2F590076%2Fpokemon-sv08-surging-sparks-tera-orb
Raging Bolt ex,Grass Energy,5.87,SVE,$0.35,https://partner.tcgplayer.com/LIMITLESS?u=https%3A%2F%2Fwww.tcgplayer.com%2Fproduct%2F578864%2Fpokemon-sv07-stellar-crown-basic-grass-energy
Raging Bolt ex,Fighting Energy,3.02,SVE,$0.12,https://partner.tcgplayer.com/LIMITLESS?u=https%3A%2F%2Fwww.tcgplayer.com%2Fproduct%2F578867%2Fpokemon-sv07-stellar-crown-basic-fighting-energy
Raging Bolt ex,Lightning Energy,3.0,SVE,$0.15,https://partner.tcgplayer.com/LIMITLESS?u=https%3A%2F%2Fwww.tcgplayer.com%2Fproduct%2F578866%2Fpokemon-sv07-stellar-crown-basic-lightning-energy
Dialga VSTAR,Beldum,4.0,TEF,$0.24,https://partner.tcgplayer.com/LIMITLESS?u=https%3A%2F%2Fwww.tcgplayer.com%2Fproduct%2F542857%2Fpokemon-sv05-temporal-forces-beldum
Dialga VSTAR,Metang,4.0,TEF,$0.44,https://partner.tcgplayer.com/LIMITLESS?u=https%3A%2F%2Fwww.tcgplayer.com%2Fproduct%2F542858%2Fpokemon-sv05-temporal-forces-metang
Dialga VSTAR,Origin Forme Dialga V,3.0,ASR,$4.74,https://partner.tcgplayer.com/LIMITLESS?u=https%3A%2F%2Fwww.tcgplayer.com%2Fproduct%2F272338%2Fswsh10-astral-radiance-origin-forme-dialga-v
Dialga VSTAR,Origin Forme Dialga VSTAR,3.0,ASR,$9.57,https://partner.tcgplayer.com/LIMITLESS?u=https%3A%2F%2Fwww.tcgplayer.com%2Fproduct%2F272339%2Fswsh10-astral-radiance-origin-forme-dialga-vstar
Dialga VSTAR,Radiant Greninja,1.0,ASR,$1.20,https://partner.tcgplayer.com/LIMITLESS?u=https%3A%2F%2Fwww.tcgplayer.com%2Fproduct%2F272246%2Fswsh10-astral-radiance-radiant-greninja
Dialga VSTAR,Fezandipiti ex,1.0,SFA,$12.94,https://partner.tcgplayer.com/LIMITLESS?u=https%3A%2F%2Fwww.tcgplayer.com%2Fproduct%2F560348%2Fpokemon-sv-shrouded-fable-fezandipiti-ex-038-064
Dialga VSTAR,Mew ex,1.0,MEW,$7.70,https://partner.tcgplayer.com/LIMITLESS?u=https%3A%2F%2Fwww.tcgplayer.com%2Fproduct%2F516566%2Fpokemon-sv-scarlet-and-violet-151-mew-ex-151-165
Dialga VSTAR,Zamazenta,1.0,CRZ,$0.23,https://partner.tcgplayer.com/LIMITLESS?u=https%3A%2F%2Fwww.tcgplayer.com%2Fproduct%2F478234%2Fcrown-zenith-zamazenta
Dialga VSTAR,Professor's Research,4.0,SVI,$0.48,https://partner.tcgplayer.com/LIMITLESS?u=https%3A%2F%2Fwww.tcgplayer.com%2Fproduct%2F475423%2Fsv01-scarlet-and-violet-base-set-professors-research-189-198
Dialga VSTAR,Ultra Ball,4.0,SVI,$0.80,https://partner.tcgplayer.com/LIMITLESS?u=https%3A%2F%2Fwww.tcgplayer.com%2Fproduct%2F488105%2Fsv01-scarlet-and-violet-base-set-ultra-ball-196-198
Dialga VSTAR,Nest Ball,4.0,SVI,$1.28,https://partner.tcgplayer.com/LIMITLESS?u=https%3A%2F%2Fwww.tcgplayer.com%2Fproduct%2F488087%2Fsv01-scarlet-and-violet-base-set-nest-ball-181-198
Dialga VSTAR,Super Rod,4.0,PAL,$1.32,https://partner.tcgplayer.com/LIMITLESS?u=https%3A%2F%2Fwww.tcgplayer.com%2Fproduct%2F497560%2Fpokemon-sv02-paldea-evolved-super-rod-188-193
Dialga VSTAR,Iono,3.0,PAL,$1.02,https://partner.tcgplayer.com/LIMITLESS?u=https%3A%2F%2Fwww.tcgplayer.com%2Fproduct%2F497557%2Fpokemon-sv02-paldea-evolved-iono-185-193
Dialga VSTAR,Boss's Orders,2.0,PAL,$2.46,https://partner.tcgplayer.com/LIMITLESS?u=https%3A%2F%2Fwww.tcgplayer.com%2Fproduct%2F497544%2Fpokemon-sv02-paldea-evolved-bosss-orders-172-193
Dialga VSTAR,Buddy-Buddy Poffin,2.0,TEF,$0.98,https://partner.tcgplayer.com/LIMITLESS?u=https%3A%2F%2Fwww.tcgplayer.com%2Fproduct%2F542659%2Fpokemon-sv05-temporal-forces-buddy-buddy-poffin
Dialga VSTAR,Thorton,1.0,LOR,$0.07,https://partner.tcgplayer.com/LIMITLESS?u=https%3A%2F%2Fwww.tcgplayer.com%2Fproduct%2F284100%2Fswsh11-lost-origin-thorton
Dialga VSTAR,Prime Catcher,1.0,TEF,$2.74,https://partner.tcgplayer.com/LIMITLESS?u=https%3A%2F%2Fwww.tcgplayer.com%2Fproduct%2F542674%2Fpokemon-sv05-temporal-forces-prime-catcher
Dialga VSTAR,Vitality Band,1.0,SVI,$0.08,https://partner.tcgplayer.com/LIMITLESS?u=https%3A%2F%2Fwww.tcgplayer.com%2Fproduct%2F488107%2Fsv01-scarlet-and-violet-base-set-vitality-band-197-198
Dialga VSTAR,Jamming Tower,1.0,TWM,$0.19,https://partner.tcgplayer.com/LIMITLESS?u=https%3A%2F%2Fwww.tcgplayer.com%2Fproduct%2F550197%2Fpokemon-sv06-twilight-masquerade-jamming-tower
Dialga VSTAR,Metal Energy,15.0,SVE,$0.60,https://partner.tcgplayer.com/LIMITLESS?u=https%3A%2F%2Fwww.tcgplayer.com%2Fproduct%2F578869%2Fpokemon-sv07-stellar-crown-basic-metal-energy
Eldegoss Control,Yveltal,3.97,CEL,$0.59,https://partner.tcgplayer.com/LIMITLESS?u=https%3A%2F%2Fwww.tcgplayer.com%2Fproduct%2F250315%2Fcelebrations-yveltal
Eldegoss Control,Snorlax,2.38,VIV,$1.57,https://partner.tcgplayer.com/LIMITLESS?u=https%3A%2F%2Fwww.tcgplayer.com%2Fproduct%2F226587%2Fswsh04-vivid-voltage-snorlax
Eldegoss Control,Eldegoss V,1.5,RCL,$0.94,https://partner.tcgplayer.com/LIMITLESS?u=https%3A%2F%2Fwww.tcgplayer.com%2Fproduct%2F213091%2Fswsh02-rebel-clash-eldegoss-v
Eldegoss Control,Miltank,1.09,ASR,$0.26,https://partner.tcgplayer.com/LIMITLESS?u=https%3A%2F%2Fwww.tcgplayer.com%2Fproduct%2F272363%2Fswsh10-astral-radiance-miltank
Eldegoss Control,Manaphy,0.97,BRS,$0.72,https://partner.tcgplayer.com/LIMITLESS?u=https%3A%2F%2Fwww.tcgplayer.com%2Fproduct%2F263741%2Fswsh09-brilliant-stars-manaphy
Eldegoss Control,Eiscue,0.91,EVS,$0.06,https://partner.tcgplayer.com/LIMITLESS?u=https%3A%2F%2Fwww.tcgplayer.com%2Fproduct%2F246876%2Fswsh07-evolving-skies-eiscue
Eldegoss Control,Regieleki,0.81,ASR,$0.13,https://partner.tcgplayer.com/LIMITLESS?u=https%3A%2F%2Fwww.tcgplayer.com%2Fproduct%2F272252%2Fswsh10-astral-radiance-regieleki
Eldegoss Control,Snorlax,0.66,LOR,$0.38,https://partner.tcgplayer.com/LIMITLESS?u=https%3A%2F%2Fwww.tcgplayer.com%2Fproduct%2F284068%2Fswsh11-lost-origin-snorlax
Eldegoss Control,Starly,0.66,DAA,$0.04,https://partner.tcgplayer.com/LIMITLESS?u=https%3A%2F%2Fwww.tcgplayer.com%2Fproduct%2F219352%2Fswsh03-darkness-ablaze-starly
Eldegoss Control,Radiant Greninja,0.63,ASR,$0.75,https://partner.tcgplayer.com/LIMITLESS?u=https%3A%2F%2Fwww.tcgplayer.com%2Fproduct%2F272246%2Fswsh10-astral-radiance-radiant-greninja
Eldegoss Control,Pidgeot V,0.5,LOR,$0.28,https://partner.tcgplayer.com/LIMITLESS?u=https%3A%2F%2Fwww.tcgplayer.com%2Fproduct%2F284060%2Fswsh11-lost-origin-pidgeot-v
Eldegoss Control,Radiant Gardevoir,0.38,LOR,$0.22,https://partner.tcgplayer.com/LIMITLESS?u=https%3A%2F%2Fwww.tcgplayer.com%2Fproduct%2F283945%2Fswsh11-lost-origin-radiant-gardevoir
Eldegoss Control,Greedent V,0.34,SHF,$0.20,https://partner.tcgplayer.com/LIMITLESS?u=https%3A%2F%2Fwww.tcgplayer.com%2Fproduct%2F232530%2Fshining-fates-greedent-v
Eldegoss Control,Pyukumuku,0.34,FST,$0.02,https://partner.tcgplayer.com/LIMITLESS?u=https%3A%2F%2Fwww.tcgplayer.com%2Fproduct%2F253229%2Fswsh08-fusion-strike-pyukumuku
Eldegoss Control,Flying Pikachu V,0.28,CEL,$0.34,https://partner.tcgplayer.com/LIMITLESS?u=https%3A%2F%2Fwww.tcgplayer.com%2Fproduct%2F250304%2Fcelebrations-flying-pikachu-v
Eldegoss Control,Flying Pikachu VMAX,0.28,CEL,$1.01,https://partner.tcgplayer.com/LIMITLESS?u=https%3A%2F%2Fwww.tcgplayer.com%2Fproduct%2F250305%2Fcelebrations-flying-pikachu-vmax
Eldegoss Control,Drapion V,0.06,LOR,$0.03,https://partner.tcgplayer.com/LIMITLESS?u=https%3A%2F%2Fwww.tcgplayer.com%2Fproduct%2F284018%2Fswsh11-lost-origin-drapion-v
Eldegoss Control,Alolan Vulpix V,0.03,SIT,$0.02,https://partner.tcgplayer.com/LIMITLESS?u=https%3A%2F%2Fwww.tcgplayer.com%2Fproduct%2F451665%2Fswsh12-silver-tempest-alolan-vulpix-v
Eldegoss Control,Alolan Vulpix VSTAR,0.03,SIT,$0.03,https://partner.tcgplayer.com/LIMITLESS?u=https%3A%2F%2Fwww.tcgplayer.com%2Fproduct%2F451667%2Fswsh12-silver-tempest-alolan-vulpix-vstar
Eldegoss Control,Luxray V,0.03,ASR,$0.04,https://partner.tcgplayer.com/LIMITLESS?u=https%3A%2F%2Fwww.tcgplayer.com%2Fproduct%2F272250%2Fswsh10-astral-radiance-luxray-v
Eldegoss Control,Shadow Rider Calyrex V,0.03,CRE,$0.01,https://partner.tcgplayer.com/LIMITLESS?u=https%3A%2F%2Fwww.tcgplayer.com%2Fproduct%2F241735%2Fswsh06-chilling-reign-shadow-rider-calyrex-v
Eldegoss Control,Ditto,0.03,CRZ,$0.01,https://partner.tcgplayer.com/LIMITLESS?u=https%3A%2F%2Fwww.tcgplayer.com%2Fproduct%2F478117%2Fcrown-zenith-ditto
Eldegoss Control,Cramorant,0.03,LOR,$0.00,https://partner.tcgplayer.com/LIMITLESS?u=https%3A%2F%2Fwww.tcgplayer.com%2Fproduct%2F283924%2Fswsh11-lost-origin-cramorant
Eldegoss Control,Oranguru,0.03,SSH,$0.00,https://partner.tcgplayer.com/LIMITLESS?u=https%3A%2F%2Fwww.tcgplayer.com%2Fproduct%2F208468%2Fswsh01-sword-and-shield-base-set-oranguru
Eldegoss Control,Quick Ball,3.88,FST,$0.42,https://partner.tcgplayer.com/LIMITLESS?u=https%3A%2F%2Fwww.tcgplayer.com%2Fproduct%2F253112%2Fswsh08-fusion-strike-quick-ball
Eldegoss Control,Colress's Experiment,2.97,LOR,$0.20,https://partner.tcgplayer.com/LIMITLESS?u=https%3A%2F%2Fwww.tcgplayer.com%2Fproduct%2F284085%2Fswsh11-lost-origin-colresss-experiment
Eldegoss Control,Scoop Up Net,2.75,RCL,$0.96,https://partner.tcgplayer.com/LIMITLESS?u=https%3A%2F%2Fwww.tcgplayer.com%2Fproduct%2F213272%2Fswsh02-rebel-clash-scoop-up-net
Eldegoss Control,Galar Mine,2.59,RCL,$0.33,https://partner.tcgplayer.com/LIMITLESS?u=https%3A%2F%2Fwww.tcgplayer.com%2Fproduct%2F213263%2Fswsh02-rebel-clash-galar-mine
Eldegoss Control,Cape of Toughness,2.56,DAA,$0.33,https://partner.tcgplayer.com/LIMITLESS?u=https%3A%2F%2Fwww.tcgplayer.com%2Fproduct%2F219272%2Fswsh03-darkness-ablaze-cape-of-toughness
Eldegoss Control,Bird Keeper,1.84,DAA,$0.23,https://partner.tcgplayer.com/LIMITLESS?u=https%3A%2F%2Fwww.tcgplayer.com%2Fproduct%2F219269%2Fswsh03-darkness-ablaze-bird-keeper
Eldegoss Control,Boss's Orders,1.66,BRS,$1.01,https://partner.tcgplayer.com/LIMITLESS?u=https%3A%2F%2Fwww.tcgplayer.com%2Fproduct%2F263855%2Fswsh09-brilliant-stars-bosss-orders
Eldegoss Control,Sidney,1.41,FST,$0.05,https://partner.tcgplayer.com/LIMITLESS?u=https%3A%2F%2Fwww.tcgplayer.com%2Fproduct%2F253119%2Fswsh08-fusion-strike-sidney
Eldegoss Control,Trekking Shoes,1.41,ASR,$0.15,https://partner.tcgplayer.com/LIMITLESS?u=https%3A%2F%2Fwww.tcgplayer.com%2Fproduct%2F272408%2Fswsh10-astral-radiance-trekking-shoes
Eldegoss Control,Thorton,1.13,LOR,$0.07,https://partner.tcgplayer.com/LIMITLESS?u=https%3A%2F%2Fwww.tcgplayer.com%2Fproduct%2F284100%2Fswsh11-lost-origin-thorton
Eldegoss Control,Yell Horn,1.03,DAA,$0.05,https://partner.tcgplayer.com/LIMITLESS?u=https%3A%2F%2Fwww.tcgplayer.com%2Fproduct%2F219290%2Fswsh03-darkness-ablaze-yell-horn
Eldegoss Control,Peonia,1.0,CRE,$0.11,https://partner.tcgplayer.com/LIMITLESS?u=https%3A%2F%2Fwww.tcgplayer.com%2Fproduct%2F241852%2Fswsh06-chilling-reign-peonia
Eldegoss Control,Hisuian Heavy Ball,0.97,ASR,$0.36,https://partner.tcgplayer.com/LIMITLESS?u=https%3A%2F%2Fwww.tcgplayer.com%2Fproduct%2F272398%2Fswsh10-astral-radiance-hisuian-heavy-ball
Eldegoss Control,Crushing Hammer,0.91,SVI,$0.06,https://partner.tcgplayer.com/LIMITLESS?u=https%3A%2F%2Fwww.tcgplayer.com%2Fproduct%2F488073%2Fsv01-scarlet-and-violet-base-set-crushing-hammer-168-198
Eldegoss Control,Bruno,0.84,BST,$0.05,https://partner.tcgplayer.com/LIMITLESS?u=https%3A%2F%2Fwww.tcgplayer.com%2Fproduct%2F234112%2Fswsh05-battle-styles-bruno
Eldegoss Control,Lost Vacuum,0.75,LOR,$0.04,https://partner.tcgplayer.com/LIMITLESS?u=https%3A%2F%2Fwww.tcgplayer.com%2Fproduct%2F284094%2Fswsh11-lost-origin-lost-vacuum
Eldegoss Control,Ultra Ball,0.56,SVI,$0.11,https://partner.tcgplayer.com/LIMITLESS?u=https%3A%2F%2Fwww.tcgplayer.com%2Fproduct%2F488105%2Fsv01-scarlet-and-violet-base-set-ultra-ball-196-198
Eldegoss Control,Lost City,0.56,LOR,$0.06,https://partner.tcgplayer.com/LIMITLESS?u=https%3A%2F%2Fwww.tcgplayer.com%2Fproduct%2F284093%2Fswsh11-lost-origin-lost-city
Eldegoss Control,Cyllene,0.41,ASR,$0.02,https://partner.tcgplayer.com/LIMITLESS?u=https%3A%2F%2Fwww.tcgplayer.com%2Fproduct%2F272390%2Fswsh10-astral-radiance-cyllene
Eldegoss Control,Pal Pad,0.41,SVI,$0.14,https://partner.tcgplayer.com/LIMITLESS?u=https%3A%2F%2Fwww.tcgplayer.com%2Fproduct%2F488088%2Fsv01-scarlet-and-violet-base-set-pal-pad-182-198
Eldegoss Control,Forest Seal Stone,0.41,SIT,$0.30,https://partner.tcgplayer.com/LIMITLESS?u=https%3A%2F%2Fwww.tcgplayer.com%2Fproduct%2F451804%2Fswsh12-silver-tempest-forest-seal-stone
Eldegoss Control,Professor's Research,0.38,SVI,$0.04,https://partner.tcgplayer.com/LIMITLESS?u=https%3A%2F%2Fwww.tcgplayer.com%2Fproduct%2F475423%2Fsv01-scarlet-and-violet-base-set-professors-research-189-198
Eldegoss Control,Flannery,0.34,CRE,$0.03,https://partner.tcgplayer.com/LIMITLESS?u=https%3A%2F%2Fwww.tcgplayer.com%2Fproduct%2F241832%2Fswsh06-chilling-reign-flannery
Eldegoss Control,Cheren's Care,0.31,BRS,$0.02,https://partner.tcgplayer.com/LIMITLESS?u=https%3A%2F%2Fwww.tcgplayer.com%2Fproduct%2F257306%2Fswsh09-brilliant-stars-cherens-care
Eldegoss Control,Big Parasol,0.31,DAA,$0.02,https://partner.tcgplayer.com/LIMITLESS?u=https%3A%2F%2Fwww.tcgplayer.com%2Fproduct%2F219265%2Fswsh03-darkness-ablaze-big-parasol
Eldegoss Control,Lucky Egg,0.28,SSH,$0.01,https://partner.tcgplayer.com/LIMITLESS?u=https%3A%2F%2Fwww.tcgplayer.com%2Fproduct%2F208493%2Fswsh01-sword-and-shield-base-set-lucky-egg
Eldegoss Control,Echoing Horn,0.19,CRE,$0.01,https://partner.tcgplayer.com/LIMITLESS?u=https%3A%2F%2Fwww.tcgplayer.com%2Fproduct%2F241828%2Fswsh06-chilling-reign-echoing-horn
Eldegoss Control,Pokégear 3.0,0.09,SVI,$0.16,https://partner.tcgplayer.com/LIMITLESS?u=https%3A%2F%2Fwww.tcgplayer.com%2Fproduct%2F488092%2Fsv01-scarlet-and-violet-base-set-pokegear-30-186-198
Eldegoss Control,Team Yell's Cheer,0.06,BRS,$0.00,https://partner.tcgplayer.com/LIMITLESS?u=https%3A%2F%2Fwww.tcgplayer.com%2Fproduct%2F263869%2Fswsh09-brilliant-stars-team-yells-cheer
Eldegoss Control,Miss Fortune Sisters,0.06,LOR,$0.00,https://partner.tcgplayer.com/LIMITLESS?u=https%3A%2F%2Fwww.tcgplayer.com%2Fproduct%2F284096%2Fswsh11-lost-origin-miss-fortune-sisters
Eldegoss Control,Roseanne's Backup,0.03,BRS,$0.00,https://partner.tcgplayer.com/LIMITLESS?u=https%3A%2F%2Fwww.tcgplayer.com%2Fproduct%2F263868%2Fswsh09-brilliant-stars-roseannes-backup
Eldegoss Control,Team Yell Grunt,0.03,SSH,$0.00,https://partner.tcgplayer.com/LIMITLESS?u=https%3A%2F%2Fwww.tcgplayer.com%2Fproduct%2F208517%2Fswsh01-sword-and-shield-base-set-team-yell-grunt
Eldegoss Control,Big Charm,0.03,SSH,$0.00,https://partner.tcgplayer.com/LIMITLESS?u=https%3A%2F%2Fwww.tcgplayer.com%2Fproduct%2F208484%2Fswsh01-sword-and-shield-base-set-big-charm
Eldegoss Control,Fan of Waves,0.03,BST,$0.00,https://partner.tcgplayer.com/LIMITLESS?u=https%3A%2F%2Fwww.tcgplayer.com%2Fproduct%2F234120%2Fswsh05-battle-styles-fan-of-waves
Eldegoss Control,Roxanne,0.03,ASR,$0.00,https://partner.tcgplayer.com/LIMITLESS?u=https%3A%2F%2Fwww.tcgplayer.com%2Fproduct%2F272402%2Fswsh10-astral-radiance-roxanne
Eldegoss Control,Hyper Potion,0.03,SSH,$0.00,https://partner.tcgplayer.com/LIMITLESS?u=https%3A%2F%2Fwww.tcgplayer.com%2Fproduct%2F208492%2Fswsh01-sword-and-shield-base-set-hyper-potion
Eldegoss Control,Double Turbo Energy,3.69,BRS,$0.84,https://partner.tcgplayer.com/LIMITLESS?u=https%3A%2F%2Fwww.tcgplayer.com%2Fproduct%2F257307%2Fswsh09-brilliant-stars-double-turbo-energy
Eldegoss Control,Twin Energy,3.28,RCL,$0.95,https://partner.tcgplayer.com/LIMITLESS?u=https%3A%2F%2Fwww.tcgplayer.com%2Fproduct%2F213285%2Fswsh02-rebel-clash-twin-energy
Eldegoss Control,Capture Energy,2.34,RCL,$0.37,https://partner.tcgplayer.com/LIMITLESS?u=https%3A%2F%2Fwww.tcgplayer.com%2Fproduct%2F213282%2Fswsh02-rebel-clash-capture-energy
Eldegoss Control,Wash Water Energy,1.59,VIV,$0.19,https://partner.tcgplayer.com/LIMITLESS?u=https%3A%2F%2Fwww.tcgplayer.com%2Fproduct%2F226544%2Fswsh04-vivid-voltage-wash-water-energy
Eldegoss Control,Speed Lightning Energy,0.81,RCL,$0.21,https://partner.tcgplayer.com/LIMITLESS?u=https%3A%2F%2Fwww.tcgplayer.com%2Fproduct%2F213284%2Fswsh02-rebel-clash-speed-l-energy
Eldegoss Control,Water Energy,0.03,SVE,$0.00,https://partner.tcgplayer.com/LIMITLESS?u=https%3A%2F%2Fwww.tcgplayer.com%2Fproduct%2F578862%2Fpokemon-sv07-stellar-crown-basic-water-energy
Eldegoss Control,Psychic Energy,0.03,SVE,$0.00,https://partner.tcgplayer.com/LIMITLESS?u=https%3A%2F%2Fwww.tcgplayer.com%2Fproduct%2F578865%2Fpokemon-sv07-stellar-crown-basic-psychic-energy
Dragapult ex,Dreepy,4.0,TWM,$0.60,https://partner.tcgplayer.com/LIMITLESS?u=https%3A%2F%2Fwww.tcgplayer.com%2Fproduct%2F550172%2Fpokemon-sv06-twilight-masquerade-dreepy
Dragapult ex,Drakloak,3.99,TWM,$1.07,https://partner.tcgplayer.com/LIMITLESS?u=https%3A%2F%2Fwww.tcgplayer.com%2Fproduct%2F550173%2Fpokemon-sv06-twilight-masquerade-drakloak
Dragapult ex,Dragapult ex,2.82,TWM,$10.77,https://partner.tcgplayer.com/LIMITLESS?u=https%3A%2F%2Fwww.tcgplayer.com%2Fproduct%2F550174%2Fpokemon-sv06-twilight-masquerade-dragapult-ex-130-167
Dragapult ex,Duskull,2.22,PRE,$0.33,https://partner.tcgplayer.com/LIMITLESS?u=https%3A%2F%2Fwww.tcgplayer.com%2Fproduct%2F610390%2Fpokemon-sv-prismatic-evolutions-duskull
Dragapult ex,Budew,1.99,PRE,$1.69,https://partner.tcgplayer.com/LIMITLESS?u=https%3A%2F%2Fwww.tcgplayer.com%2Fproduct%2F610359%2Fpokemon-sv-prismatic-evolutions-budew
Dragapult ex,Dusclops,1.72,PRE,$0.25,https://partner.tcgplayer.com/LIMITLESS?u=https%3A%2F%2Fwww.tcgplayer.com%2Fproduct%2F610391%2Fpokemon-sv-prismatic-evolutions-dusclops
Dragapult ex,Dusknoir,1.27,PRE,$0.33,https://partner.tcgplayer.com/LIMITLESS?u=https%3A%2F%2Fwww.tcgplayer.com%2Fproduct%2F610392%2Fpokemon-sv-prismatic-evolutions-dusknoir
Dragapult ex,Fezandipiti ex,1.0,SFA,$12.94,https://partner.tcgplayer.com/LIMITLESS?u=https%3A%2F%2Fwww.tcgplayer.com%2Fproduct%2F560348%2Fpokemon-sv-shrouded-fable-fezandipiti-ex-038-064
Dragapult ex,Hawlucha,0.97,SVI,$0.14,https://partner.tcgplayer.com/LIMITLESS?u=https%3A%2F%2Fwww.tcgplayer.com%2Fproduct%2F488007%2Fsv01-scarlet-and-violet-base-set-hawlucha-118-198
Dragapult ex,Bloodmoon Ursaluna ex,0.76,TWM,$1.48,https://partner.tcgplayer.com/LIMITLESS?u=https%3A%2F%2Fwww.tcgplayer.com%2Fproduct%2F550185%2Fpokemon-sv06-twilight-masquerade-bloodmoon-ursaluna-ex-141-167
Dragapult ex,Munkidori,0.09,TWM,$0.05,https://partner.tcgplayer.com/LIMITLESS?u=https%3A%2F%2Fwww.tcgplayer.com%2Fproduct%2F550139%2Fpokemon-sv06-twilight-masquerade-munkidori
Dragapult ex,Squawkabilly ex,0.08,PAL,$0.07,https://partner.tcgplayer.com/LIMITLESS?u=https%3A%2F%2Fwww.tcgplayer.com%2Fproduct%2F497590%2Fpokemon-sv02-paldea-evolved-squawkabilly-ex
Dragapult ex,Genesect,0.04,SFA,$0.00,https://partner.tcgplayer.com/LIMITLESS?u=https%3A%2F%2Fwww.tcgplayer.com%2Fproduct%2F560350%2Fpokemon-sv-shrouded-fable-genesect
Dragapult ex,Klefki,0.03,SVI,$0.00,https://partner.tcgplayer.com/LIMITLESS?u=https%3A%2F%2Fwww.tcgplayer.com%2Fproduct%2F486602%2Fsv01-scarlet-and-violet-base-set-klefki-096-198
Dragapult ex,Tatsugiri,0.03,TWM,$0.00,https://partner.tcgplayer.com/LIMITLESS?u=https%3A%2F%2Fwww.tcgplayer.com%2Fproduct%2F550175%2Fpokemon-sv06-twilight-masquerade-tatsugiri-131-167
Dragapult ex,Toedscool,0.01,SCR,$0.00,https://partner.tcgplayer.com/LIMITLESS?u=https%3A%2F%2Fwww.tcgplayer.com%2Fproduct%2F567243%2Fpokemon-sv07-stellar-crown-toedscool
Dragapult ex,Toedscruel,0.01,PAR,$0.00,https://partner.tcgplayer.com/LIMITLESS?u=https%3A%2F%2Fwww.tcgplayer.com%2Fproduct%2F523617%2Fpokemon-sv04-paradox-rift-toedscruel-017-182
Dragapult ex,Cleffa,0.01,OBF,$0.00,https://partner.tcgplayer.com/LIMITLESS?u=https%3A%2F%2Fwww.tcgplayer.com%2Fproduct%2F509809%2Fpokemon-sv03-obsidian-flames-cleffa
Dragapult ex,Iron Bundle,0.01,PAR,$0.00,https://partner.tcgplayer.com/LIMITLESS?u=https%3A%2F%2Fwww.tcgplayer.com%2Fproduct%2F523666%2Fpokemon-sv04-paradox-rift-iron-bundle
Dragapult ex,Buddy-Buddy Poffin,4.0,TEF,$1.96,https://partner.tcgplayer.com/LIMITLESS?u=https%3A%2F%2Fwww.tcgplayer.com%2Fproduct%2F542659%2Fpokemon-sv05-temporal-forces-buddy-buddy-poffin
Dragapult ex,Iono,3.72,PAL,$1.26,https://partner.tcgplayer.com/LIMITLESS?u=https%3A%2F%2Fwww.tcgplayer.com%2Fproduct%2F497557%2Fpokemon-sv02-paldea-evolved-iono-185-193
Dragapult ex,Ultra Ball,3.29,SVI,$0.65,https://partner.tcgplayer.com/LIMITLESS?u=https%3A%2F%2Fwww.tcgplayer.com%2Fproduct%2F488105%2Fsv01-scarlet-and-violet-base-set-ultra-ball-196-198
Dragapult ex,Arven,2.96,OBF,$8.90,https://partner.tcgplayer.com/LIMITLESS?u=https%3A%2F%2Fwww.tcgplayer.com%2Fproduct%2F509778%2Fpokemon-sv03-obsidian-flames-arven
Dragapult ex,Counter Catcher,2.71,PAR,$4.60,https://partner.tcgplayer.com/LIMITLESS?u=https%3A%2F%2Fwww.tcgplayer.com%2Fproduct%2F523841%2Fpokemon-sv04-paradox-rift-counter-catcher
Dragapult ex,Night Stretcher,2.11,SFA,$5.86,https://partner.tcgplayer.com/LIMITLESS?u=https%3A%2F%2Fwww.tcgplayer.com%2Fproduct%2F560372%2Fpokemon-sv-shrouded-fable-night-stretcher
Dragapult ex,Boss's Orders,1.58,PAL,$1.94,https://partner.tcgplayer.com/LIMITLESS?u=https%3A%2F%2Fwww.tcgplayer.com%2Fproduct%2F497544%2Fpokemon-sv02-paldea-evolved-bosss-orders-172-193
Dragapult ex,Jacq,1.56,SVI,$0.20,https://partner.tcgplayer.com/LIMITLESS?u=https%3A%2F%2Fwww.tcgplayer.com%2Fproduct%2F488080%2Fsv01-scarlet-and-violet-base-set-jacq-175-198
Dragapult ex,Rare Candy,1.46,SVI,$0.18,https://partner.tcgplayer.com/LIMITLESS?u=https%3A%2F%2Fwww.tcgplayer.com%2Fproduct%2F488098%2Fsv01-scarlet-and-violet-base-set-rare-candy-191-198
Dragapult ex,Nest Ball,1.33,SVI,$0.42,https://partner.tcgplayer.com/LIMITLESS?u=https%3A%2F%2Fwww.tcgplayer.com%2Fproduct%2F488087%2Fsv01-scarlet-and-violet-base-set-nest-ball-181-198
Dragapult ex,Professor's Research,1.15,JTG,$0.11,https://partner.tcgplayer.com/LIMITLESS?u=https%3A%2F%2Fwww.tcgplayer.com%2Fproduct%2F623582%2Fpokemon-sv09-journey-together-professors-research
Dragapult ex,Rescue Board,1.0,TEF,$0.14,https://partner.tcgplayer.com/LIMITLESS?u=https%3A%2F%2Fwww.tcgplayer.com%2Fproduct%2F542677%2Fpokemon-sv05-temporal-forces-rescue-board
Dragapult ex,Earthen Vessel,0.97,PAR,$0.33,https://partner.tcgplayer.com/LIMITLESS?u=https%3A%2F%2Fwww.tcgplayer.com%2Fproduct%2F523844%2Fpokemon-sv04-paradox-rift-earthen-vessel
Dragapult ex,Unfair Stamp,0.89,TWM,$4.36,https://partner.tcgplayer.com/LIMITLESS?u=https%3A%2F%2Fwww.tcgplayer.com%2Fproduct%2F550209%2Fpokemon-sv06-twilight-masquerade-unfair-stamp
Dragapult ex,Switch,0.84,SVI,$0.13,https://partner.tcgplayer.com/LIMITLESS?u=https%3A%2F%2Fwww.tcgplayer.com%2Fproduct%2F488102%2Fsv01-scarlet-and-violet-base-set-switch-194-198
Dragapult ex,Artazon,0.68,PAL,$0.07,https://partner.tcgplayer.com/LIMITLESS?u=https%3A%2F%2Fwww.tcgplayer.com%2Fproduct%2F497541%2Fpokemon-sv02-paldea-evolved-artazon
Dragapult ex,Exp. Share,0.54,SVI,$0.05,https://partner.tcgplayer.com/LIMITLESS?u=https%3A%2F%2Fwww.tcgplayer.com%2Fproduct%2F488079%2Fsv01-scarlet-and-violet-base-set-exp-share-174-198
Dragapult ex,Luxurious Cape,0.32,PAR,$0.06,https://partner.tcgplayer.com/LIMITLESS?u=https%3A%2F%2Fwww.tcgplayer.com%2Fproduct%2F523847%2Fpokemon-sv04-paradox-rift-luxurious-cape
Dragapult ex,Crispin,0.3,SCR,$0.12,https://partner.tcgplayer.com/LIMITLESS?u=https%3A%2F%2Fwww.tcgplayer.com%2Fproduct%2F567390%2Fpokemon-sv07-stellar-crown-crispin-133-142
Dragapult ex,Brock's Scouting,0.29,JTG,$0.04,https://partner.tcgplayer.com/LIMITLESS?u=https%3A%2F%2Fwww.tcgplayer.com%2Fproduct%2F623573%2Fpokemon-sv09-journey-together-brocks-scouting-146-159
Dragapult ex,Defiance Band,0.28,SVI,$0.04,https://partner.tcgplayer.com/LIMITLESS?u=https%3A%2F%2Fwww.tcgplayer.com%2Fproduct%2F488074%2Fsv01-scarlet-and-violet-base-set-defiance-band-169-198
Dragapult ex,Bravery Charm,0.14,PAL,$0.08,https://partner.tcgplayer.com/LIMITLESS?u=https%3A%2F%2Fwww.tcgplayer.com%2Fproduct%2F497545%2Fpokemon-sv02-paldea-evolved-bravery-charm
Dragapult ex,Super Rod,0.13,PAL,$0.04,https://partner.tcgplayer.com/LIMITLESS?u=https%3A%2F%2Fwww.tcgplayer.com%2Fproduct%2F497560%2Fpokemon-sv02-paldea-evolved-super-rod-188-193
Dragapult ex,Sparkling Crystal,0.11,SCR,$0.13,https://partner.tcgplayer.com/LIMITLESS?u=https%3A%2F%2Fwww.tcgplayer.com%2Fproduct%2F567416%2Fpokemon-sv07-stellar-crown-sparkling-crystal
Dragapult ex,Jamming Tower,0.11,TWM,$0.02,https://partner.tcgplayer.com/LIMITLESS?u=https%3A%2F%2Fwww.tcgplayer.com%2Fproduct%2F550197%2Fpokemon-sv06-twilight-masquerade-jamming-tower
Dragapult ex,Technical Machine: Evolution,0.11,PAR,$0.02,https://partner.tcgplayer.com/LIMITLESS?u=https%3A%2F%2Fwww.tcgplayer.com%2Fproduct%2F523859%2Fpokemon-sv04-paradox-rift-technical-machine-evolution
Dragapult ex,Professor Turo's Scenario,0.11,PAR,$0.01,https://partner.tcgplayer.com/LIMITLESS?u=https%3A%2F%2Fwww.tcgplayer.com%2Fproduct%2F523852%2Fpokemon-sv04-paradox-rift-professor-turos-scenario
Dragapult ex,Energy Search,0.03,SVI,$0.00,https://partner.tcgplayer.com/LIMITLESS?u=https%3A%2F%2Fwww.tcgplayer.com%2Fproduct%2F488077%2Fsv01-scarlet-and-violet-base-set-energy-search-172-198
Dragapult ex,Pokémon League Headquarters,0.03,OBF,$0.00,https://partner.tcgplayer.com/LIMITLESS?u=https%3A%2F%2Fwww.tcgplayer.com%2Fproduct%2F509784%2Fpokemon-sv03-obsidian-flames-pokemon-league-headquarters
Dragapult ex,Technical Machine: Devolution,0.03,PAR,$0.00,https://partner.tcgplayer.com/LIMITLESS?u=https%3A%2F%2Fwww.tcgplayer.com%2Fproduct%2F523858%2Fpokemon-sv04-paradox-rift-technical-machine-devolution
Dragapult ex,Tera Orb,0.01,SSP,$0.00,https://partner.tcgplayer.com/LIMITLESS?u=https%3A%2F%2Fwww.tcgplayer.com%2Fproduct%2F590076%2Fpokemon-sv08-surging-sparks-tera-orb
Dragapult ex,Briar,0.01,SCR,$0.00,https://partner.tcgplayer.com/LIMITLESS?u=https%3A%2F%2Fwww.tcgplayer.com%2Fproduct%2F567385%2Fpokemon-sv07-stellar-crown-briar-132-142
Dragapult ex,Psychic Energy,3.04,SVE,$0.15,https://partner.tcgplayer.com/LIMITLESS?u=https%3A%2F%2Fwww.tcgplayer.com%2Fproduct%2F578865%2Fpokemon-sv07-stellar-crown-basic-psychic-energy
Dragapult ex,Fire Energy,2.92,SVE,$0.11,https://partner.tcgplayer.com/LIMITLESS?u=https%3A%2F%2Fwww.tcgplayer.com%2Fproduct%2F578863%2Fpokemon-sv07-stellar-crown-basic-fire-energy
Dragapult ex,Luminous Energy,0.13,PAL,$0.02,https://partner.tcgplayer.com/LIMITLESS?u=https%3A%2F%2Fwww.tcgplayer.com%2Fproduct%2F497564%2Fpokemon-sv02-paldea-evolved-luminous-energy
Dragapult ex,Darkness Energy,0.06,SVE,$0.00,https://partner.tcgplayer.com/LIMITLESS?u=https%3A%2F%2Fwww.tcgplayer.com%2Fproduct%2F578868%2Fpokemon-sv07-stellar-crown-basic-darkness-energy
Charizard Inteleon Radiant,Sobble,4.0,CRE,$0.40,https://partner.tcgplayer.com/LIMITLESS?u=https%3A%2F%2Fwww.tcgplayer.com%2Fproduct%2F241694%2Fswsh06-chilling-reign-sobble
Charizard Inteleon Radiant,Drizzile,3.0,SSH,$0.54,https://partner.tcgplayer.com/LIMITLESS?u=https%3A%2F%2Fwww.tcgplayer.com%2Fproduct%2F208353%2Fswsh01-sword-and-shield-base-set-drizzile-056
Charizard Inteleon Radiant,Inteleon,2.0,SSH,$0.96,https://partner.tcgplayer.com/LIMITLESS?u=https%3A%2F%2Fwww.tcgplayer.com%2Fproduct%2F208355%2Fswsh01-sword-and-shield-base-set-inteleon-058
Charizard Inteleon Radiant,Mew,1.0,CEL,$0.72,https://partner.tcgplayer.com/LIMITLESS?u=https%3A%2F%2Fwww.tcgplayer.com%2Fproduct%2F250309%2Fcelebrations-mew
Charizard Inteleon Radiant,Radiant Charizard,1.0,CRZ,$3.46,https://partner.tcgplayer.com/LIMITLESS?u=https%3A%2F%2Fwww.tcgplayer.com%2Fproduct%2F478098%2Fcrown-zenith-radiant-charizard
Charizard Inteleon Radiant,Manaphy,1.0,BRS,$0.75,https://partner.tcgplayer.com/LIMITLESS?u=https%3A%2F%2Fwww.tcgplayer.com%2Fproduct%2F263741%2Fswsh09-brilliant-stars-manaphy
Charizard Inteleon Radiant,Snorlax,0.67,LOR,$0.38,https://partner.tcgplayer.com/LIMITLESS?u=https%3A%2F%2Fwww.tcgplayer.com%2Fproduct%2F284068%2Fswsh11-lost-origin-snorlax
Charizard Inteleon Radiant,Beedrill,0.67,CRE,$0.15,https://partner.tcgplayer.com/LIMITLESS?u=https%3A%2F%2Fwww.tcgplayer.com%2Fproduct%2F241650%2Fswsh06-chilling-reign-beedrill
Charizard Inteleon Radiant,Eiscue,0.67,EVS,$0.04,https://partner.tcgplayer.com/LIMITLESS?u=https%3A%2F%2Fwww.tcgplayer.com%2Fproduct%2F246876%2Fswsh07-evolving-skies-eiscue
Charizard Inteleon Radiant,Oranguru,0.33,SSH,$0.07,https://partner.tcgplayer.com/LIMITLESS?u=https%3A%2F%2Fwww.tcgplayer.com%2Fproduct%2F208468%2Fswsh01-sword-and-shield-base-set-oranguru
Charizard Inteleon Radiant,Snorlax,0.33,VIV,$0.21,https://partner.tcgplayer.com/LIMITLESS?u=https%3A%2F%2Fwww.tcgplayer.com%2Fproduct%2F226587%2Fswsh04-vivid-voltage-snorlax
Charizard Inteleon Radiant,Drapion V,0.33,LOR,$0.19,https://partner.tcgplayer.com/LIMITLESS?u=https%3A%2F%2Fwww.tcgplayer.com%2Fproduct%2F284018%2Fswsh11-lost-origin-drapion-v
Charizard Inteleon Radiant,Scoop Up Net,4.0,RCL,$1.40,https://partner.tcgplayer.com/LIMITLESS?u=https%3A%2F%2Fwww.tcgplayer.com%2Fproduct%2F213272%2Fswsh02-rebel-clash-scoop-up-net
Charizard Inteleon Radiant,Irida,3.33,ASR,$5.49,https://partner.tcgplayer.com/LIMITLESS?u=https%3A%2F%2Fwww.tcgplayer.com%2Fproduct%2F272399%2Fswsh10-astral-radiance-irida
Charizard Inteleon Radiant,Quick Ball,3.33,FST,$0.36,https://partner.tcgplayer.com/LIMITLESS?u=https%3A%2F%2Fwww.tcgplayer.com%2Fproduct%2F253112%2Fswsh08-fusion-strike-quick-ball
Charizard Inteleon Radiant,Level Ball,3.0,BST,$0.39,https://partner.tcgplayer.com/LIMITLESS?u=https%3A%2F%2Fwww.tcgplayer.com%2Fproduct%2F234123%2Fswsh05-battle-styles-level-ball
Charizard Inteleon Radiant,Evolution Incense,3.0,SSH,$0.57,https://partner.tcgplayer.com/LIMITLESS?u=https%3A%2F%2Fwww.tcgplayer.com%2Fproduct%2F208489%2Fswsh01-sword-and-shield-base-set-evolution-incense
Charizard Inteleon Radiant,Energy Search,2.67,SVI,$0.32,https://partner.tcgplayer.com/LIMITLESS?u=https%3A%2F%2Fwww.tcgplayer.com%2Fproduct%2F488077%2Fsv01-scarlet-and-violet-base-set-energy-search-172-198
Charizard Inteleon Radiant,Raihan,2.0,EVS,$0.18,https://partner.tcgplayer.com/LIMITLESS?u=https%3A%2F%2Fwww.tcgplayer.com%2Fproduct%2F246777%2Fswsh07-evolving-skies-raihan
Charizard Inteleon Radiant,Choice Belt,2.0,BRS,$0.08,https://partner.tcgplayer.com/LIMITLESS?u=https%3A%2F%2Fwww.tcgplayer.com%2Fproduct%2F263857%2Fswsh09-brilliant-stars-choice-belt
Charizard Inteleon Radiant,Klara,1.67,CRE,$0.16,https://partner.tcgplayer.com/LIMITLESS?u=https%3A%2F%2Fwww.tcgplayer.com%2Fproduct%2F241844%2Fswsh06-chilling-reign-klara
Charizard Inteleon Radiant,Magma Basin,1.67,BRS,$0.15,https://partner.tcgplayer.com/LIMITLESS?u=https%3A%2F%2Fwww.tcgplayer.com%2Fproduct%2F257310%2Fswsh09-brilliant-stars-magma-basin
Charizard Inteleon Radiant,Cross Switcher,1.33,FST,$0.07,https://partner.tcgplayer.com/LIMITLESS?u=https%3A%2F%2Fwww.tcgplayer.com%2Fproduct%2F253101%2Fswsh08-fusion-strike-cross-switcher
Charizard Inteleon Radiant,Ordinary Rod,1.0,SSH,$0.16,https://partner.tcgplayer.com/LIMITLESS?u=https%3A%2F%2Fwww.tcgplayer.com%2Fproduct%2F208500%2Fswsh01-sword-and-shield-base-set-ordinary-rod
Charizard Inteleon Radiant,Hisuian Heavy Ball,1.0,ASR,$0.38,https://partner.tcgplayer.com/LIMITLESS?u=https%3A%2F%2Fwww.tcgplayer.com%2Fproduct%2F272398%2Fswsh10-astral-radiance-hisuian-heavy-ball
Charizard Inteleon Radiant,Rare Candy,1.0,SVI,$0.13,https://partner.tcgplayer.com/LIMITLESS?u=https%3A%2F%2Fwww.tcgplayer.com%2Fproduct%2F488098%2Fsv01-scarlet-and-violet-base-set-rare-candy-191-198
Charizard Inteleon Radiant,Air Balloon,1.0,SSH,$0.12,https://partner.tcgplayer.com/LIMITLESS?u=https%3A%2F%2Fwww.tcgplayer.com%2Fproduct%2F208479%2Fswsh01-sword-and-shield-base-set-air-balloon
Charizard Inteleon Radiant,Boss's Orders,0.67,BRS,$0.40,https://partner.tcgplayer.com/LIMITLESS?u=https%3A%2F%2Fwww.tcgplayer.com%2Fproduct%2F263855%2Fswsh09-brilliant-stars-bosss-orders
Charizard Inteleon Radiant,Echoing Horn,0.67,CRE,$0.04,https://partner.tcgplayer.com/LIMITLESS?u=https%3A%2F%2Fwww.tcgplayer.com%2Fproduct%2F241828%2Fswsh06-chilling-reign-echoing-horn
Charizard Inteleon Radiant,Single Strike Style Mustard,0.67,BST,$0.03,https://partner.tcgplayer.com/LIMITLESS?u=https%3A%2F%2Fwww.tcgplayer.com%2Fproduct%2F234139%2Fswsh05-battle-styles-single-strike-style-mustard
Charizard Inteleon Radiant,Serena,0.67,SIT,$0.06,https://partner.tcgplayer.com/LIMITLESS?u=https%3A%2F%2Fwww.tcgplayer.com%2Fproduct%2F451812%2Fswsh12-silver-tempest-serena
Charizard Inteleon Radiant,Ultra Ball,0.67,SVI,$0.13,https://partner.tcgplayer.com/LIMITLESS?u=https%3A%2F%2Fwww.tcgplayer.com%2Fproduct%2F488105%2Fsv01-scarlet-and-violet-base-set-ultra-ball-196-198
Charizard Inteleon Radiant,Pal Pad,0.67,SVI,$0.24,https://partner.tcgplayer.com/LIMITLESS?u=https%3A%2F%2Fwww.tcgplayer.com%2Fproduct%2F488088%2Fsv01-scarlet-and-violet-base-set-pal-pad-182-198
Charizard Inteleon Radiant,Training Court,0.67,RCL,$0.10,https://partner.tcgplayer.com/LIMITLESS?u=https%3A%2F%2Fwww.tcgplayer.com%2Fproduct%2F213280%2Fswsh02-rebel-clash-training-court
Charizard Inteleon Radiant,Leon,0.33,VIV,$0.07,https://partner.tcgplayer.com/LIMITLESS?u=https%3A%2F%2Fwww.tcgplayer.com%2Fproduct%2F226508%2Fswsh04-vivid-voltage-leon
Charizard Inteleon Radiant,Rescue Carrier,0.33,EVS,$0.01,https://partner.tcgplayer.com/LIMITLESS?u=https%3A%2F%2Fwww.tcgplayer.com%2Fproduct%2F246780%2Fswsh07-evolving-skies-rescue-carrier
Charizard Inteleon Radiant,Lucky Egg,0.33,SSH,$0.02,https://partner.tcgplayer.com/LIMITLESS?u=https%3A%2F%2Fwww.tcgplayer.com%2Fproduct%2F208493%2Fswsh01-sword-and-shield-base-set-lucky-egg
Charizard Inteleon Radiant,Escape Rope,0.33,BST,$0.04,https://partner.tcgplayer.com/LIMITLESS?u=https%3A%2F%2Fwww.tcgplayer.com%2Fproduct%2F234117%2Fswsh05-battle-styles-escape-rope
Charizard Inteleon Radiant,Big Parasol,0.33,DAA,$0.02,https://partner.tcgplayer.com/LIMITLESS?u=https%3A%2F%2Fwww.tcgplayer.com%2Fproduct%2F219265%2Fswsh03-darkness-ablaze-big-parasol
Charizard Inteleon Radiant,Fire Energy,2.33,SVE,$0.09,https://partner.tcgplayer.com/LIMITLESS?u=https%3A%2F%2Fwww.tcgplayer.com%2Fproduct%2F578863%2Fpokemon-sv07-stellar-crown-basic-fire-energy
Charizard Inteleon Radiant,Twin Energy,2.0,RCL,$0.58,https://partner.tcgplayer.com/LIMITLESS?u=https%3A%2F%2Fwww.tcgplayer.com%2Fproduct%2F213285%2Fswsh02-rebel-clash-twin-energy
Charizard Inteleon Radiant,Water Energy,1.0,SVE,$0.05,https://partner.tcgplayer.com/LIMITLESS?u=https%3A%2F%2Fwww.tcgplayer.com%2Fproduct%2F578862%2Fpokemon-sv07-stellar-crown-basic-water-energy
Charizard Inteleon Radiant,Grass Energy,0.67,SVE,$0.04,https://partner.tcgplayer.com/LIMITLESS?u=https%3A%2F%2Fwww.tcgplayer.com%2Fproduct%2F578864%2Fpokemon-sv07-stellar-crown-basic-grass-energy
Charizard Inteleon Radiant,Wash Water Energy,0.67,VIV,$0.08,https://partner.tcgplayer.com/LIMITLESS?u=https%3A%2F%2Fwww.tcgplayer.com%2Fproduct%2F226544%2Fswsh04-vivid-voltage-wash-water-energy
Hisuian Zoroark VSTAR,Hisuian Zoroark V,4.0,LOR,$2.80,https://partner.tcgplayer.com/LIMITLESS?u=https%3A%2F%2Fwww.tcgplayer.com%2Fproduct%2F284074%2Fswsh11-lost-origin-hisuian-zoroark-v
Hisuian Zoroark VSTAR,Hisuian Zoroark VSTAR,4.0,LOR,$4.08,https://partner.tcgplayer.com/LIMITLESS?u=https%3A%2F%2Fwww.tcgplayer.com%2Fproduct%2F282256%2Fswsh11-lost-origin-hisuian-zoroark-vstar
Hisuian Zoroark VSTAR,Klefki,4.0,SVI,$0.68,https://partner.tcgplayer.com/LIMITLESS?u=https%3A%2F%2Fwww.tcgplayer.com%2Fproduct%2F486602%2Fsv01-scarlet-and-violet-base-set-klefki-096-198
Hisuian Zoroark VSTAR,Gengar,3.0,LOR,$3.21,https://partner.tcgplayer.com/LIMITLESS?u=https%3A%2F%2Fwww.tcgplayer.com%2Fproduct%2F283941%2Fswsh11-lost-origin-gengar
Hisuian Zoroark VSTAR,Bidoof,1.0,CRZ,$0.08,https://partner.tcgplayer.com/LIMITLESS?u=https%3A%2F%2Fwww.tcgplayer.com%2Fproduct%2F478139%2Fcrown-zenith-bidoof
Hisuian Zoroark VSTAR,Bibarel,1.0,BRS,$0.48,https://partner.tcgplayer.com/LIMITLESS?u=https%3A%2F%2Fwww.tcgplayer.com%2Fproduct%2F263846%2Fswsh09-brilliant-stars-bibarel
Hisuian Zoroark VSTAR,Spiritomb,1.0,PAL,$0.13,https://partner.tcgplayer.com/LIMITLESS?u=https%3A%2F%2Fwww.tcgplayer.com%2Fproduct%2F497504%2Fpokemon-sv02-paldea-evolved-spiritomb
Hisuian Zoroark VSTAR,Radiant Alakazam,1.0,SIT,$0.90,https://partner.tcgplayer.com/LIMITLESS?u=https%3A%2F%2Fwww.tcgplayer.com%2Fproduct%2F451394%2Fswsh12-silver-tempest-radiant-alakazam
Hisuian Zoroark VSTAR,Professor's Research,4.0,SVI,$0.48,https://partner.tcgplayer.com/LIMITLESS?u=https%3A%2F%2Fwww.tcgplayer.com%2Fproduct%2F475423%2Fsv01-scarlet-and-violet-base-set-professors-research-189-198
Hisuian Zoroark VSTAR,Iono,4.0,PAL,$1.36,https://partner.tcgplayer.com/LIMITLESS?u=https%3A%2F%2Fwww.tcgplayer.com%2Fproduct%2F497557%2Fpokemon-sv02-paldea-evolved-iono-185-193
Hisuian Zoroark VSTAR,Capturing Aroma,4.0,SIT,$0.40,https://partner.tcgplayer.com/LIMITLESS?u=https%3A%2F%2Fwww.tcgplayer.com%2Fproduct%2F451801%2Fswsh12-silver-tempest-capturing-aroma
Hisuian Zoroark VSTAR,Ultra Ball,4.0,SVI,$0.80,https://partner.tcgplayer.com/LIMITLESS?u=https%3A%2F%2Fwww.tcgplayer.com%2Fproduct%2F488105%2Fsv01-scarlet-and-violet-base-set-ultra-ball-196-198
Hisuian Zoroark VSTAR,Damage Pump,4.0,LOR,$0.32,https://partner.tcgplayer.com/LIMITLESS?u=https%3A%2F%2Fwww.tcgplayer.com%2Fproduct%2F284087%2Fswsh11-lost-origin-damage-pump
Hisuian Zoroark VSTAR,Gapejaw Bog,4.0,ASR,$0.28,https://partner.tcgplayer.com/LIMITLESS?u=https%3A%2F%2Fwww.tcgplayer.com%2Fproduct%2F272394%2Fswsh10-astral-radiance-gapejaw-bog
Hisuian Zoroark VSTAR,Boss's Orders,3.0,PAL,$3.69,https://partner.tcgplayer.com/LIMITLESS?u=https%3A%2F%2Fwww.tcgplayer.com%2Fproduct%2F497544%2Fpokemon-sv02-paldea-evolved-bosss-orders-172-193
Hisuian Zoroark VSTAR,Escape Rope,2.0,BST,$0.26,https://partner.tcgplayer.com/LIMITLESS?u=https%3A%2F%2Fwww.tcgplayer.com%2Fproduct%2F234117%2Fswsh05-battle-styles-escape-rope
Hisuian Zoroark VSTAR,Justified Gloves,2.0,CRE,$0.12,https://partner.tcgplayer.com/LIMITLESS?u=https%3A%2F%2Fwww.tcgplayer.com%2Fproduct%2F241840%2Fswsh06-chilling-reign-justified-gloves
Hisuian Zoroark VSTAR,Choice Belt,2.0,PAL,$0.18,https://partner.tcgplayer.com/LIMITLESS?u=https%3A%2F%2Fwww.tcgplayer.com%2Fproduct%2F497548%2Fpokemon-sv02-paldea-evolved-choice-belt
Hisuian Zoroark VSTAR,Super Rod,1.0,PAL,$0.33,https://partner.tcgplayer.com/LIMITLESS?u=https%3A%2F%2Fwww.tcgplayer.com%2Fproduct%2F497560%2Fpokemon-sv02-paldea-evolved-super-rod-188-193
Hisuian Zoroark VSTAR,Double Turbo Energy,4.0,BRS,$0.92,https://partner.tcgplayer.com/LIMITLESS?u=https%3A%2F%2Fwww.tcgplayer.com%2Fproduct%2F257307%2Fswsh09-brilliant-stars-double-turbo-energy
Hisuian Zoroark VSTAR,Psychic Energy,3.0,SVE,$0.15,https://partner.tcgplayer.com/LIMITLESS?u=https%3A%2F%2Fwww.tcgplayer.com%2Fproduct%2F578865%2Fpokemon-sv07-stellar-crown-basic-psychic-energy
Iron Thorns ex,Iron Thorns ex,4.0,TWM,$3.08,https://partner.tcgplayer.com/LIMITLESS?u=https%3A%2F%2Fwww.tcgplayer.com%2Fproduct%2F550121%2Fpokemon-sv06-twilight-masquerade-iron-thorns-ex-077-167
Iron Thorns ex,Crushing Hammer,4.0,SVI,$0.28,https://partner.tcgplayer.com/LIMITLESS?u=https%3A%2F%2Fwww.tcgplayer.com%2Fproduct%2F488073%2Fsv01-scarlet-and-violet-base-set-crushing-hammer-168-198
Iron Thorns ex,Pokégear 3.0,4.0,SVI,$7.48,https://partner.tcgplayer.com/LIMITLESS?u=https%3A%2F%2Fwww.tcgplayer.com%2Fproduct%2F488092%2Fsv01-scarlet-and-violet-base-set-pokegear-30-186-198
Iron Thorns ex,Arven,3.9,OBF,$11.73,https://partner.tcgplayer.com/LIMITLESS?u=https%3A%2F%2Fwww.tcgplayer.com%2Fproduct%2F509778%2Fpokemon-sv03-obsidian-flames-arven
Iron Thorns ex,Judge,3.5,SVI,$0.35,https://partner.tcgplayer.com/LIMITLESS?u=https%3A%2F%2Fwww.tcgplayer.com%2Fproduct%2F488081%2Fsv01-scarlet-and-violet-base-set-judge-176-198
Iron Thorns ex,Boss's Orders,3.4,PAL,$4.18,https://partner.tcgplayer.com/LIMITLESS?u=https%3A%2F%2Fwww.tcgplayer.com%2Fproduct%2F497544%2Fpokemon-sv02-paldea-evolved-bosss-orders-172-193
Iron Thorns ex,Future Booster Energy Capsule,3.0,TEF,$0.18,https://partner.tcgplayer.com/LIMITLESS?u=https%3A%2F%2Fwww.tcgplayer.com%2Fproduct%2F542664%2Fpokemon-sv05-temporal-forces-future-booster-energy-capsule
Iron Thorns ex,Professor's Research,2.7,JTG,$0.27,https://partner.tcgplayer.com/LIMITLESS?u=https%3A%2F%2Fwww.tcgplayer.com%2Fproduct%2F623582%2Fpokemon-sv09-journey-together-professors-research
Iron Thorns ex,Pokémon Catcher,2.5,SVI,$0.40,https://partner.tcgplayer.com/LIMITLESS?u=https%3A%2F%2Fwww.tcgplayer.com%2Fproduct%2F488093%2Fsv01-scarlet-and-violet-base-set-pokemon-catcher-187-198
Iron Thorns ex,Lost City,2.3,LOR,$0.25,https://partner.tcgplayer.com/LIMITLESS?u=https%3A%2F%2Fwww.tcgplayer.com%2Fproduct%2F284093%2Fswsh11-lost-origin-lost-city
Iron Thorns ex,Techno Radar,1.9,PAR,$0.11,https://partner.tcgplayer.com/LIMITLESS?u=https%3A%2F%2Fwww.tcgplayer.com%2Fproduct%2F523861%2Fpokemon-sv04-paradox-rift-techno-radar
Iron Thorns ex,Penny,1.6,SVI,$0.30,https://partner.tcgplayer.com/LIMITLESS?u=https%3A%2F%2Fwww.tcgplayer.com%2Fproduct%2F488089%2Fsv01-scarlet-and-violet-base-set-penny-183-198
Iron Thorns ex,Colress's Tenacity,1.5,SFA,$0.22,https://partner.tcgplayer.com/LIMITLESS?u=https%3A%2F%2Fwww.tcgplayer.com%2Fproduct%2F560368%2Fpokemon-sv-shrouded-fable-colresss-tenacity-057-064
Iron Thorns ex,Lost Vacuum,1.5,LOR,$0.09,https://partner.tcgplayer.com/LIMITLESS?u=https%3A%2F%2Fwww.tcgplayer.com%2Fproduct%2F284094%2Fswsh11-lost-origin-lost-vacuum
Iron Thorns ex,Technical Machine: Devolution,1.4,PAR,$0.22,https://partner.tcgplayer.com/LIMITLESS?u=https%3A%2F%2Fwww.tcgplayer.com%2Fproduct%2F523858%2Fpokemon-sv04-paradox-rift-technical-machine-devolution
Iron Thorns ex,Energy Loto,1.2,ASR,$0.13,https://partner.tcgplayer.com/LIMITLESS?u=https%3A%2F%2Fwww.tcgplayer.com%2Fproduct%2F272392%2Fswsh10-astral-radiance-energy-loto
Iron Thorns ex,Iono,1.0,PAL,$0.34,https://partner.tcgplayer.com/LIMITLESS?u=https%3A%2F%2Fwww.tcgplayer.com%2Fproduct%2F497557%2Fpokemon-sv02-paldea-evolved-iono-185-193
Iron Thorns ex,Earthen Vessel,1.0,PAR,$0.35,https://partner.tcgplayer.com/LIMITLESS?u=https%3A%2F%2Fwww.tcgplayer.com%2Fproduct%2F523844%2Fpokemon-sv04-paradox-rift-earthen-vessel
Iron Thorns ex,Canceling Cologne,0.9,ASR,$0.10,https://partner.tcgplayer.com/LIMITLESS?u=https%3A%2F%2Fwww.tcgplayer.com%2Fproduct%2F272388%2Fswsh10-astral-radiance-canceling-cologne
Iron Thorns ex,Prime Catcher,0.8,TEF,$2.19,https://partner.tcgplayer.com/LIMITLESS?u=https%3A%2F%2Fwww.tcgplayer.com%2Fproduct%2F542674%2Fpokemon-sv05-temporal-forces-prime-catcher
Iron Thorns ex,Technical Machine: Turbo Energize,0.8,PAR,$0.12,https://partner.tcgplayer.com/LIMITLESS?u=https%3A%2F%2Fwww.tcgplayer.com%2Fproduct%2F523860%2Fpokemon-sv04-paradox-rift-technical-machine-turbo-energize
Iron Thorns ex,Giovanni's Charisma,0.4,MEW,$0.04,https://partner.tcgplayer.com/LIMITLESS?u=https%3A%2F%2Fwww.tcgplayer.com%2Fproduct%2F516723%2Fpokemon-sv-scarlet-and-violet-151-giovannis-charisma-161-165
Iron Thorns ex,Enhanced Hammer,0.3,TWM,$0.01,https://partner.tcgplayer.com/LIMITLESS?u=https%3A%2F%2Fwww.tcgplayer.com%2Fproduct%2F550192%2Fpokemon-sv06-twilight-masquerade-enhanced-hammer-148-167
Iron Thorns ex,Eri,0.2,TEF,$0.01,https://partner.tcgplayer.com/LIMITLESS?u=https%3A%2F%2Fwww.tcgplayer.com%2Fproduct%2F542661%2Fpokemon-sv05-temporal-forces-eri-146-162
Iron Thorns ex,Town Store,0.2,OBF,$0.03,https://partner.tcgplayer.com/LIMITLESS?u=https%3A%2F%2Fwww.tcgplayer.com%2Fproduct%2F509788%2Fpokemon-sv03-obsidian-flames-town-store
Iron Thorns ex,Nest Ball,0.1,SVI,$0.03,https://partner.tcgplayer.com/LIMITLESS?u=https%3A%2F%2Fwww.tcgplayer.com%2Fproduct%2F488087%2Fsv01-scarlet-and-violet-base-set-nest-ball-181-198
Iron Thorns ex,Black Belt's Training,0.1,JTG,$0.00,https://partner.tcgplayer.com/LIMITLESS?u=https%3A%2F%2Fwww.tcgplayer.com%2Fproduct%2F623572%2Fpokemon-sv09-journey-together-black-belts-training-145-159
Iron Thorns ex,Switch Cart,0.1,ASR,$0.03,https://partner.tcgplayer.com/LIMITLESS?u=https%3A%2F%2Fwww.tcgplayer.com%2Fproduct%2F272406%2Fswsh10-astral-radiance-switch-cart
Iron Thorns ex,Pal Pad,0.1,SVI,$0.03,https://partner.tcgplayer.com/LIMITLESS?u=https%3A%2F%2Fwww.tcgplayer.com%2Fproduct%2F488088%2Fsv01-scarlet-and-violet-base-set-pal-pad-182-198
Iron Thorns ex,Xerosic's Machinations,0.1,SFA,$0.00,https://partner.tcgplayer.com/LIMITLESS?u=https%3A%2F%2Fwww.tcgplayer.com%2Fproduct%2F560375%2Fpokemon-sv-shrouded-fable-xerosics-machinations-064-064
Iron Thorns ex,Miss Fortune Sisters,0.1,LOR,$0.00,https://partner.tcgplayer.com/LIMITLESS?u=https%3A%2F%2Fwww.tcgplayer.com%2Fproduct%2F284096%2Fswsh11-lost-origin-miss-fortune-sisters
Iron Thorns ex,Kieran,0.1,TWM,$0.00,https://partner.tcgplayer.com/LIMITLESS?u=https%3A%2F%2Fwww.tcgplayer.com%2Fproduct%2F550198%2Fpokemon-sv06-twilight-masquerade-kieran-154-167
Iron Thorns ex,Technical Machine: Crisis Punch,0.1,PAF,$0.00,https://partner.tcgplayer.com/LIMITLESS?u=https%3A%2F%2Fwww.tcgplayer.com%2Fproduct%2F534452%2Fpokemon-sv-paldean-fates-technical-machine-crisis-punch
Iron Thorns ex,Electric Generator,0.1,SVI,$0.00,https://partner.tcgplayer.com/LIMITLESS?u=https%3A%2F%2Fwww.tcgplayer.com%2Fproduct%2F488075%2Fsv01-scarlet-and-violet-base-set-electric-generator-170-198
Iron Thorns ex,Lightning Energy,6.9,SVE,$0.34,https://partner.tcgplayer.com/LIMITLESS?u=https%3A%2F%2Fwww.tcgplayer.com%2Fproduct%2F578866%2Fpokemon-sv07-stellar-crown-basic-lightning-energy
Iron Thorns ex,Double Turbo Energy,4.0,BRS,$0.92,https://partner.tcgplayer.com/LIMITLESS?u=https%3A%2F%2Fwww.tcgplayer.com%2Fproduct%2F257307%2Fswsh09-brilliant-stars-double-turbo-energy
Iron Thorns ex,Legacy Energy,0.2,TWM,$0.17,https://partner.tcgplayer.com/LIMITLESS?u=https%3A%2F%2Fwww.tcgplayer.com%2Fproduct%2F550211%2Fpokemon-sv06-twilight-masquerade-legacy-energy
Ice Rider Calyrex VMAX,Ice Rider Calyrex V,2.73,CRE,$1.22,https://partner.tcgplayer.com/LIMITLESS?u=https%3A%2F%2Fwww.tcgplayer.com%2Fproduct%2F241698%2Fswsh06-chilling-reign-ice-rider-calyrex-v
Ice Rider Calyrex VMAX,Origin Forme Palkia V,2.07,ASR,$1.40,https://partner.tcgplayer.com/LIMITLESS?u=https%3A%2F%2Fwww.tcgplayer.com%2Fproduct%2F272239%2Fswsh10-astral-radiance-origin-forme-palkia-v
Ice Rider Calyrex VMAX,Ice Rider Calyrex VMAX,2.0,CRE,$2.54,https://partner.tcgplayer.com/LIMITLESS?u=https%3A%2F%2Fwww.tcgplayer.com%2Fproduct%2F241701%2Fswsh06-chilling-reign-ice-rider-calyrex-vmax
Ice Rider Calyrex VMAX,Origin Forme Palkia VSTAR,2.0,ASR,$2.10,https://partner.tcgplayer.com/LIMITLESS?u=https%3A%2F%2Fwww.tcgplayer.com%2Fproduct%2F272240%2Fswsh10-astral-radiance-origin-forme-palkia-vstar
Ice Rider Calyrex VMAX,Bidoof,1.93,BRS,$0.13,https://partner.tcgplayer.com/LIMITLESS?u=https%3A%2F%2Fwww.tcgplayer.com%2Fproduct%2F263845%2Fswsh09-brilliant-stars-bidoof
Ice Rider Calyrex VMAX,Bibarel,1.93,BRS,$0.92,https://partner.tcgplayer.com/LIMITLESS?u=https%3A%2F%2Fwww.tcgplayer.com%2Fproduct%2F263846%2Fswsh09-brilliant-stars-bibarel
Ice Rider Calyrex VMAX,Crobat V,1.0,DAA,$0.55,https://partner.tcgplayer.com/LIMITLESS?u=https%3A%2F%2Fwww.tcgplayer.com%2Fproduct%2F219406%2Fswsh03-darkness-ablaze-crobat-v
Ice Rider Calyrex VMAX,Radiant Greninja,1.0,ASR,$1.20,https://partner.tcgplayer.com/LIMITLESS?u=https%3A%2F%2Fwww.tcgplayer.com%2Fproduct%2F272246%2Fswsh10-astral-radiance-radiant-greninja
Ice Rider Calyrex VMAX,Empoleon V,0.8,BST,$0.52,https://partner.tcgplayer.com/LIMITLESS?u=https%3A%2F%2Fwww.tcgplayer.com%2Fproduct%2F234182%2Fswsh05-battle-styles-empoleon-v
Ice Rider Calyrex VMAX,Pumpkaboo,0.8,EVS,$0.07,https://partner.tcgplayer.com/LIMITLESS?u=https%3A%2F%2Fwww.tcgplayer.com%2Fproduct%2F246857%2Fswsh07-evolving-skies-pumpkaboo
Ice Rider Calyrex VMAX,Pyukumuku,0.67,FST,$0.05,https://partner.tcgplayer.com/LIMITLESS?u=https%3A%2F%2Fwww.tcgplayer.com%2Fproduct%2F253229%2Fswsh08-fusion-strike-pyukumuku
Ice Rider Calyrex VMAX,Mew,0.6,CEL,$0.43,https://partner.tcgplayer.com/LIMITLESS?u=https%3A%2F%2Fwww.tcgplayer.com%2Fproduct%2F250309%2Fcelebrations-mew
Ice Rider Calyrex VMAX,Lumineon V,0.27,BRS,$0.38,https://partner.tcgplayer.com/LIMITLESS?u=https%3A%2F%2Fwww.tcgplayer.com%2Fproduct%2F263740%2Fswsh09-brilliant-stars-lumineon-v
Ice Rider Calyrex VMAX,Ditto V,0.07,SHF,$0.26,https://partner.tcgplayer.com/LIMITLESS?u=https%3A%2F%2Fwww.tcgplayer.com%2Fproduct%2F232513%2Fshining-fates-shiny-vault-ditto-v
Ice Rider Calyrex VMAX,Eiscue,0.07,EVS,$0.00,https://partner.tcgplayer.com/LIMITLESS?u=https%3A%2F%2Fwww.tcgplayer.com%2Fproduct%2F246876%2Fswsh07-evolving-skies-eiscue
Ice Rider Calyrex VMAX,Poochyena,0.07,VIV,$0.00,https://partner.tcgplayer.com/LIMITLESS?u=https%3A%2F%2Fwww.tcgplayer.com%2Fproduct%2F226555%2Fswsh04-vivid-voltage-poochyena
Ice Rider Calyrex VMAX,Mightyena,0.07,ASR,$0.01,https://partner.tcgplayer.com/LIMITLESS?u=https%3A%2F%2Fwww.tcgplayer.com%2Fproduct%2F272297%2Fswsh10-astral-radiance-mightyena
Ice Rider Calyrex VMAX,Starmie V,0.07,ASR,$0.04,https://partner.tcgplayer.com/LIMITLESS?u=https%3A%2F%2Fwww.tcgplayer.com%2Fproduct%2F272230%2Fswsh10-astral-radiance-starmie-v
Ice Rider Calyrex VMAX,Ultra Ball,4.0,BRS,$0.52,https://partner.tcgplayer.com/LIMITLESS?u=https%3A%2F%2Fwww.tcgplayer.com%2Fproduct%2F263870%2Fswsh09-brilliant-stars-ultra-ball
Ice Rider Calyrex VMAX,Cross Switcher,4.0,FST,$0.24,https://partner.tcgplayer.com/LIMITLESS?u=https%3A%2F%2Fwww.tcgplayer.com%2Fproduct%2F253101%2Fswsh08-fusion-strike-cross-switcher
Ice Rider Calyrex VMAX,Quick Ball,3.93,FST,$0.43,https://partner.tcgplayer.com/LIMITLESS?u=https%3A%2F%2Fwww.tcgplayer.com%2Fproduct%2F253112%2Fswsh08-fusion-strike-quick-ball
Ice Rider Calyrex VMAX,Irida,3.87,ASR,$6.38,https://partner.tcgplayer.com/LIMITLESS?u=https%3A%2F%2Fwww.tcgplayer.com%2Fproduct%2F272399%2Fswsh10-astral-radiance-irida
Ice Rider Calyrex VMAX,Trekking Shoes,3.27,ASR,$0.35,https://partner.tcgplayer.com/LIMITLESS?u=https%3A%2F%2Fwww.tcgplayer.com%2Fproduct%2F272408%2Fswsh10-astral-radiance-trekking-shoes
Ice Rider Calyrex VMAX,Melony,2.93,CRE,$0.23,https://partner.tcgplayer.com/LIMITLESS?u=https%3A%2F%2Fwww.tcgplayer.com%2Fproduct%2F241847%2Fswsh06-chilling-reign-melony
Ice Rider Calyrex VMAX,Capacious Bucket,2.0,RCL,$0.38,https://partner.tcgplayer.com/LIMITLESS?u=https%3A%2F%2Fwww.tcgplayer.com%2Fproduct%2F213259%2Fswsh02-rebel-clash-capacious-bucket
Ice Rider Calyrex VMAX,Choice Belt,2.0,BRS,$0.08,https://partner.tcgplayer.com/LIMITLESS?u=https%3A%2F%2Fwww.tcgplayer.com%2Fproduct%2F263857%2Fswsh09-brilliant-stars-choice-belt
Ice Rider Calyrex VMAX,Battle VIP Pass,1.2,FST,$0.19,https://partner.tcgplayer.com/LIMITLESS?u=https%3A%2F%2Fwww.tcgplayer.com%2Fproduct%2F253091%2Fswsh08-fusion-strike-battle-vip-pass
Ice Rider Calyrex VMAX,Training Court,1.0,RCL,$0.16,https://partner.tcgplayer.com/LIMITLESS?u=https%3A%2F%2Fwww.tcgplayer.com%2Fproduct%2F213280%2Fswsh02-rebel-clash-training-court
Ice Rider Calyrex VMAX,Air Balloon,0.93,SSH,$0.11,https://partner.tcgplayer.com/LIMITLESS?u=https%3A%2F%2Fwww.tcgplayer.com%2Fproduct%2F208479%2Fswsh01-sword-and-shield-base-set-air-balloon
Ice Rider Calyrex VMAX,Tool Scrapper,0.93,RCL,$0.10,https://partner.tcgplayer.com/LIMITLESS?u=https%3A%2F%2Fwww.tcgplayer.com%2Fproduct%2F213278%2Fswsh02-rebel-clash-tool-scrapper
Ice Rider Calyrex VMAX,Switch,0.8,SSH,$0.06,https://partner.tcgplayer.com/LIMITLESS?u=https%3A%2F%2Fwww.tcgplayer.com%2Fproduct%2F208516%2Fswsh01-sword-and-shield-base-set-switch
Ice Rider Calyrex VMAX,Canceling Cologne,0.6,ASR,$0.07,https://partner.tcgplayer.com/LIMITLESS?u=https%3A%2F%2Fwww.tcgplayer.com%2Fproduct%2F272388%2Fswsh10-astral-radiance-canceling-cologne
Ice Rider Calyrex VMAX,Path to the Peak,0.47,CRE,$0.04,https://partner.tcgplayer.com/LIMITLESS?u=https%3A%2F%2Fwww.tcgplayer.com%2Fproduct%2F241851%2Fswsh06-chilling-reign-path-to-the-peak
Ice Rider Calyrex VMAX,Boss's Orders,0.4,BRS,$0.24,https://partner.tcgplayer.com/LIMITLESS?u=https%3A%2F%2Fwww.tcgplayer.com%2Fproduct%2F263855%2Fswsh09-brilliant-stars-bosss-orders
Ice Rider Calyrex VMAX,Roxanne,0.27,ASR,$0.01,https://partner.tcgplayer.com/LIMITLESS?u=https%3A%2F%2Fwww.tcgplayer.com%2Fproduct%2F272402%2Fswsh10-astral-radiance-roxanne
Ice Rider Calyrex VMAX,Marnie,0.2,SSH,$0.13,https://partner.tcgplayer.com/LIMITLESS?u=https%3A%2F%2Fwww.tcgplayer.com%2Fproduct%2F208495%2Fswsh01-sword-and-shield-base-set-marnie
Ice Rider Calyrex VMAX,Tool Jammer,0.2,BST,$0.01,https://partner.tcgplayer.com/LIMITLESS?u=https%3A%2F%2Fwww.tcgplayer.com%2Fproduct%2F234143%2Fswsh05-battle-styles-tool-jammer
Ice Rider Calyrex VMAX,Collapsed Stadium,0.13,BRS,$0.01,https://partner.tcgplayer.com/LIMITLESS?u=https%3A%2F%2Fwww.tcgplayer.com%2Fproduct%2F263859%2Fswsh09-brilliant-stars-collapsed-stadium
Ice Rider Calyrex VMAX,Raihan,0.13,EVS,$0.01,https://partner.tcgplayer.com/LIMITLESS?u=https%3A%2F%2Fwww.tcgplayer.com%2Fproduct%2F246777%2Fswsh07-evolving-skies-raihan
Ice Rider Calyrex VMAX,Leon,0.13,VIV,$0.02,https://partner.tcgplayer.com/LIMITLESS?u=https%3A%2F%2Fwww.tcgplayer.com%2Fproduct%2F226508%2Fswsh04-vivid-voltage-leon
Ice Rider Calyrex VMAX,Pokégear 3.0,0.13,SSH,$0.14,https://partner.tcgplayer.com/LIMITLESS?u=https%3A%2F%2Fwww.tcgplayer.com%2Fproduct%2F208504%2Fswsh01-sword-and-shield-base-set-pokegear-30
Ice Rider Calyrex VMAX,Evolution Incense,0.07,SSH,$0.01,https://partner.tcgplayer.com/LIMITLESS?u=https%3A%2F%2Fwww.tcgplayer.com%2Fproduct%2F208489%2Fswsh01-sword-and-shield-base-set-evolution-incense
Ice Rider Calyrex VMAX,Cyllene,0.07,ASR,$0.00,https://partner.tcgplayer.com/LIMITLESS?u=https%3A%2F%2Fwww.tcgplayer.com%2Fproduct%2F272390%2Fswsh10-astral-radiance-cyllene
Ice Rider Calyrex VMAX,Hisuian Heavy Ball,0.07,ASR,$0.02,https://partner.tcgplayer.com/LIMITLESS?u=https%3A%2F%2Fwww.tcgplayer.com%2Fproduct%2F272398%2Fswsh10-astral-radiance-hisuian-heavy-ball
Ice Rider Calyrex VMAX,Avery,0.07,CRE,$0.00,https://partner.tcgplayer.com/LIMITLESS?u=https%3A%2F%2Fwww.tcgplayer.com%2Fproduct%2F241814%2Fswsh06-chilling-reign-avery
Ice Rider Calyrex VMAX,Echoing Horn,0.07,CRE,$0.00,https://partner.tcgplayer.com/LIMITLESS?u=https%3A%2F%2Fwww.tcgplayer.com%2Fproduct%2F241828%2Fswsh06-chilling-reign-echoing-horn
Ice Rider Calyrex VMAX,Water Energy,8.0,BRS,$0.00,
Mewtwo V-UNION,Snorlax,4.0,VIV,$2.64,https://partner.tcgplayer.com/LIMITLESS?u=https%3A%2F%2Fwww.tcgplayer.com%2Fproduct%2F226587%2Fswsh04-vivid-voltage-snorlax
Mewtwo V-UNION,Yveltal,3.57,CEL,$0.53,https://partner.tcgplayer.com/LIMITLESS?u=https%3A%2F%2Fwww.tcgplayer.com%2Fproduct%2F250315%2Fcelebrations-yveltal
Mewtwo V-UNION,Mewtwo V-UNION,1.0,SP,$5.26,https://partner.tcgplayer.com/LIMITLESS?u=https%3A%2F%2Fwww.tcgplayer.com%2Fproduct%2F248891%2Fswsh-sword-and-shield-promo-cards-mewtwo-v-union-swsh159
Mewtwo V-UNION,Mewtwo V-UNION,1.0,SP,$5.24,https://partner.tcgplayer.com/LIMITLESS?u=https%3A%2F%2Fwww.tcgplayer.com%2Fproduct%2F248892%2Fswsh-sword-and-shield-promo-cards-mewtwo-v-union-swsh160
Mewtwo V-UNION,Mewtwo V-UNION,1.0,SP,$5.40,https://partner.tcgplayer.com/LIMITLESS?u=https%3A%2F%2Fwww.tcgplayer.com%2Fproduct%2F248893%2Fswsh-sword-and-shield-promo-cards-mewtwo-v-union-swsh161
Mewtwo V-UNION,Mewtwo V-UNION,1.0,SP,$5.92,https://partner.tcgplayer.com/LIMITLESS?u=https%3A%2F%2Fwww.tcgplayer.com%2Fproduct%2F248894%2Fswsh-sword-and-shield-promo-cards-mewtwo-v-union-swsh162
Mewtwo V-UNION,Miltank,1.0,ASR,$0.24,https://partner.tcgplayer.com/LIMITLESS?u=https%3A%2F%2Fwww.tcgplayer.com%2Fproduct%2F272363%2Fswsh10-astral-radiance-miltank
Mewtwo V-UNION,Pyukumuku,1.0,FST,$0.08,https://partner.tcgplayer.com/LIMITLESS?u=https%3A%2F%2Fwww.tcgplayer.com%2Fproduct%2F253229%2Fswsh08-fusion-strike-pyukumuku
Mewtwo V-UNION,Radiant Gardevoir,0.86,LOR,$0.49,https://partner.tcgplayer.com/LIMITLESS?u=https%3A%2F%2Fwww.tcgplayer.com%2Fproduct%2F283945%2Fswsh11-lost-origin-radiant-gardevoir
Mewtwo V-UNION,Manaphy,0.14,BRS,$0.10,https://partner.tcgplayer.com/LIMITLESS?u=https%3A%2F%2Fwww.tcgplayer.com%2Fproduct%2F263741%2Fswsh09-brilliant-stars-manaphy
Mewtwo V-UNION,Galarian Meowth,0.14,RCL,$0.02,https://partner.tcgplayer.com/LIMITLESS?u=https%3A%2F%2Fwww.tcgplayer.com%2Fproduct%2F213222%2Fswsh02-rebel-clash-galarian-meowth
Mewtwo V-UNION,Quick Ball,4.0,FST,$0.44,https://partner.tcgplayer.com/LIMITLESS?u=https%3A%2F%2Fwww.tcgplayer.com%2Fproduct%2F253112%2Fswsh08-fusion-strike-quick-ball
Mewtwo V-UNION,Ultra Ball,4.0,SVI,$0.80,https://partner.tcgplayer.com/LIMITLESS?u=https%3A%2F%2Fwww.tcgplayer.com%2Fproduct%2F488105%2Fsv01-scarlet-and-violet-base-set-ultra-ball-196-198
Mewtwo V-UNION,Scoop Up Net,3.71,RCL,$1.29,https://partner.tcgplayer.com/LIMITLESS?u=https%3A%2F%2Fwww.tcgplayer.com%2Fproduct%2F213272%2Fswsh02-rebel-clash-scoop-up-net
Mewtwo V-UNION,Crushing Hammer,2.86,SVI,$0.20,https://partner.tcgplayer.com/LIMITLESS?u=https%3A%2F%2Fwww.tcgplayer.com%2Fproduct%2F488073%2Fsv01-scarlet-and-violet-base-set-crushing-hammer-168-198
Mewtwo V-UNION,Professor's Research,2.43,SVI,$0.29,https://partner.tcgplayer.com/LIMITLESS?u=https%3A%2F%2Fwww.tcgplayer.com%2Fproduct%2F475423%2Fsv01-scarlet-and-violet-base-set-professors-research-189-198
Mewtwo V-UNION,Peonia,2.14,CRE,$0.23,https://partner.tcgplayer.com/LIMITLESS?u=https%3A%2F%2Fwww.tcgplayer.com%2Fproduct%2F241852%2Fswsh06-chilling-reign-peonia
Mewtwo V-UNION,Cyllene,2.0,ASR,$0.14,https://partner.tcgplayer.com/LIMITLESS?u=https%3A%2F%2Fwww.tcgplayer.com%2Fproduct%2F272390%2Fswsh10-astral-radiance-cyllene
Mewtwo V-UNION,Pal Pad,1.86,SVI,$0.66,https://partner.tcgplayer.com/LIMITLESS?u=https%3A%2F%2Fwww.tcgplayer.com%2Fproduct%2F488088%2Fsv01-scarlet-and-violet-base-set-pal-pad-182-198
Mewtwo V-UNION,Trekking Shoes,1.86,ASR,$0.20,https://partner.tcgplayer.com/LIMITLESS?u=https%3A%2F%2Fwww.tcgplayer.com%2Fproduct%2F272408%2Fswsh10-astral-radiance-trekking-shoes
Mewtwo V-UNION,Boss's Orders,1.14,BRS,$0.69,https://partner.tcgplayer.com/LIMITLESS?u=https%3A%2F%2Fwww.tcgplayer.com%2Fproduct%2F263855%2Fswsh09-brilliant-stars-bosss-orders
Mewtwo V-UNION,Flannery,1.14,CRE,$0.10,https://partner.tcgplayer.com/LIMITLESS?u=https%3A%2F%2Fwww.tcgplayer.com%2Fproduct%2F241832%2Fswsh06-chilling-reign-flannery
Mewtwo V-UNION,Sidney,1.14,FST,$0.04,https://partner.tcgplayer.com/LIMITLESS?u=https%3A%2F%2Fwww.tcgplayer.com%2Fproduct%2F253119%2Fswsh08-fusion-strike-sidney
Mewtwo V-UNION,Team Yell's Cheer,1.0,BRS,$0.04,https://partner.tcgplayer.com/LIMITLESS?u=https%3A%2F%2Fwww.tcgplayer.com%2Fproduct%2F263869%2Fswsh09-brilliant-stars-team-yells-cheer
Mewtwo V-UNION,Pokémon Center Lady,1.0,SSH,$0.10,https://partner.tcgplayer.com/LIMITLESS?u=https%3A%2F%2Fwww.tcgplayer.com%2Fproduct%2F208506%2Fswsh01-sword-and-shield-base-set-pokemon-center-lady
Mewtwo V-UNION,Yell Horn,1.0,DAA,$0.05,https://partner.tcgplayer.com/LIMITLESS?u=https%3A%2F%2Fwww.tcgplayer.com%2Fproduct%2F219290%2Fswsh03-darkness-ablaze-yell-horn
Mewtwo V-UNION,Galar Mine,1.0,RCL,$0.13,https://partner.tcgplayer.com/LIMITLESS?u=https%3A%2F%2Fwww.tcgplayer.com%2Fproduct%2F213263%2Fswsh02-rebel-clash-galar-mine
Mewtwo V-UNION,Serena,0.86,SIT,$0.07,https://partner.tcgplayer.com/LIMITLESS?u=https%3A%2F%2Fwww.tcgplayer.com%2Fproduct%2F451812%2Fswsh12-silver-tempest-serena
Mewtwo V-UNION,Miss Fortune Sisters,0.71,LOR,$0.04,https://partner.tcgplayer.com/LIMITLESS?u=https%3A%2F%2Fwww.tcgplayer.com%2Fproduct%2F284096%2Fswsh11-lost-origin-miss-fortune-sisters
Mewtwo V-UNION,Marnie,0.57,SSH,$0.39,https://partner.tcgplayer.com/LIMITLESS?u=https%3A%2F%2Fwww.tcgplayer.com%2Fproduct%2F208495%2Fswsh01-sword-and-shield-base-set-marnie
Mewtwo V-UNION,Lost Vacuum,0.57,LOR,$0.03,https://partner.tcgplayer.com/LIMITLESS?u=https%3A%2F%2Fwww.tcgplayer.com%2Fproduct%2F284094%2Fswsh11-lost-origin-lost-vacuum
Mewtwo V-UNION,Roxanne,0.57,ASR,$0.03,https://partner.tcgplayer.com/LIMITLESS?u=https%3A%2F%2Fwww.tcgplayer.com%2Fproduct%2F272402%2Fswsh10-astral-radiance-roxanne
Mewtwo V-UNION,Big Parasol,0.57,DAA,$0.04,https://partner.tcgplayer.com/LIMITLESS?u=https%3A%2F%2Fwww.tcgplayer.com%2Fproduct%2F219265%2Fswsh03-darkness-ablaze-big-parasol
Mewtwo V-UNION,PokéStop,0.29,PGO,$0.10,https://partner.tcgplayer.com/LIMITLESS?u=https%3A%2F%2Fwww.tcgplayer.com%2Fproduct%2F276996%2Fpokemon-go-pokestop
Mewtwo V-UNION,Path to the Peak,0.29,CRE,$0.02,https://partner.tcgplayer.com/LIMITLESS?u=https%3A%2F%2Fwww.tcgplayer.com%2Fproduct%2F241851%2Fswsh06-chilling-reign-path-to-the-peak
Mewtwo V-UNION,Tool Jammer,0.29,BST,$0.01,https://partner.tcgplayer.com/LIMITLESS?u=https%3A%2F%2Fwww.tcgplayer.com%2Fproduct%2F234143%2Fswsh05-battle-styles-tool-jammer
Mewtwo V-UNION,Big Charm,0.14,SSH,$0.01,https://partner.tcgplayer.com/LIMITLESS?u=https%3A%2F%2Fwww.tcgplayer.com%2Fproduct%2F208484%2Fswsh01-sword-and-shield-base-set-big-charm
Mewtwo V-UNION,Cook,0.14,FST,$0.00,https://partner.tcgplayer.com/LIMITLESS?u=https%3A%2F%2Fwww.tcgplayer.com%2Fproduct%2F253099%2Fswsh08-fusion-strike-cook
Mewtwo V-UNION,Twin Energy,4.0,RCL,$1.16,https://partner.tcgplayer.com/LIMITLESS?u=https%3A%2F%2Fwww.tcgplayer.com%2Fproduct%2F213285%2Fswsh02-rebel-clash-twin-energy
Mewtwo V-UNION,Psychic Energy,3.0,SVE,$0.15,https://partner.tcgplayer.com/LIMITLESS?u=https%3A%2F%2Fwww.tcgplayer.com%2Fproduct%2F578865%2Fpokemon-sv07-stellar-crown-basic-psychic-energy
Mewtwo V-UNION,V Guard Energy,0.86,SIT,$0.12,https://partner.tcgplayer.com/LIMITLESS?u=https%3A%2F%2Fwww.tcgplayer.com%2Fproduct%2F451817%2Fswsh12-silver-tempest-v-guard-energy
Mewtwo V-UNION,Double Turbo Energy,0.14,BRS,$0.03,https://partner.tcgplayer.com/LIMITLESS?u=https%3A%2F%2Fwww.tcgplayer.com%2Fproduct%2F257307%2Fswsh09-brilliant-stars-double-turbo-energy
Banette ex,Shuppet,4.0,SVI,$0.36,https://partner.tcgplayer.com/LIMITLESS?u=https%3A%2F%2Fwww.tcgplayer.com%2Fproduct%2F487952%2Fsv01-scarlet-and-violet-base-set-shuppet-087-198
Banette ex,Duskull,4.0,BRS,$0.32,https://partner.tcgplayer.com/LIMITLESS?u=https%3A%2F%2Fwww.tcgplayer.com%2Fproduct%2F263776%2Fswsh09-brilliant-stars-duskull
Banette ex,Dusknoir,3.0,PRE,$0.78,https://partner.tcgplayer.com/LIMITLESS?u=https%3A%2F%2Fwww.tcgplayer.com%2Fproduct%2F610392%2Fpokemon-sv-prismatic-evolutions-dusknoir
Banette ex,Banette ex,2.0,SVI,$1.30,https://partner.tcgplayer.com/LIMITLESS?u=https%3A%2F%2Fwww.tcgplayer.com%2Fproduct%2F487954%2Fsv01-scarlet-and-violet-base-set-banette-ex-088-198
Banette ex,Banette,1.0,LOR,$0.12,https://partner.tcgplayer.com/LIMITLESS?u=https%3A%2F%2Fwww.tcgplayer.com%2Fproduct%2F283951%2Fswsh11-lost-origin-banette
Banette ex,Dusclops,1.0,PRE,$0.15,https://partner.tcgplayer.com/LIMITLESS?u=https%3A%2F%2Fwww.tcgplayer.com%2Fproduct%2F610391%2Fpokemon-sv-prismatic-evolutions-dusclops
Banette ex,Bloodmoon Ursaluna ex,1.0,TWM,$1.95,https://partner.tcgplayer.com/LIMITLESS?u=https%3A%2F%2Fwww.tcgplayer.com%2Fproduct%2F550185%2Fpokemon-sv06-twilight-masquerade-bloodmoon-ursaluna-ex-141-167
Banette ex,Squawkabilly ex,1.0,PAL,$0.90,https://partner.tcgplayer.com/LIMITLESS?u=https%3A%2F%2Fwww.tcgplayer.com%2Fproduct%2F497590%2Fpokemon-sv02-paldea-evolved-squawkabilly-ex
Banette ex,Mew ex,1.0,MEW,$7.70,https://partner.tcgplayer.com/LIMITLESS?u=https%3A%2F%2Fwww.tcgplayer.com%2Fproduct%2F516566%2Fpokemon-sv-scarlet-and-violet-151-mew-ex-151-165
Banette ex,Radiant Alakazam,1.0,SIT,$0.90,https://partner.tcgplayer.com/LIMITLESS?u=https%3A%2F%2Fwww.tcgplayer.com%2Fproduct%2F451394%2Fswsh12-silver-tempest-radiant-alakazam
Banette ex,Fezandipiti ex,1.0,SFA,$12.94,https://partner.tcgplayer.com/LIMITLESS?u=https%3A%2F%2Fwww.tcgplayer.com%2Fproduct%2F560348%2Fpokemon-sv-shrouded-fable-fezandipiti-ex-038-064
Banette ex,Iono,4.0,PAL,$1.36,https://partner.tcgplayer.com/LIMITLESS?u=https%3A%2F%2Fwww.tcgplayer.com%2Fproduct%2F497557%2Fpokemon-sv02-paldea-evolved-iono-185-193
Banette ex,Rare Candy,4.0,SVI,$0.52,https://partner.tcgplayer.com/LIMITLESS?u=https%3A%2F%2Fwww.tcgplayer.com%2Fproduct%2F488098%2Fsv01-scarlet-and-violet-base-set-rare-candy-191-198
Banette ex,Night Stretcher,4.0,SFA,$11.12,https://partner.tcgplayer.com/LIMITLESS?u=https%3A%2F%2Fwww.tcgplayer.com%2Fproduct%2F560372%2Fpokemon-sv-shrouded-fable-night-stretcher
Banette ex,Ultra Ball,3.5,SVI,$0.70,https://partner.tcgplayer.com/LIMITLESS?u=https%3A%2F%2Fwww.tcgplayer.com%2Fproduct%2F488105%2Fsv01-scarlet-and-violet-base-set-ultra-ball-196-198
Banette ex,Nest Ball,3.0,SVI,$0.96,https://partner.tcgplayer.com/LIMITLESS?u=https%3A%2F%2Fwww.tcgplayer.com%2Fproduct%2F488087%2Fsv01-scarlet-and-violet-base-set-nest-ball-181-198
Banette ex,Buddy-Buddy Poffin,3.0,TEF,$1.47,https://partner.tcgplayer.com/LIMITLESS?u=https%3A%2F%2Fwww.tcgplayer.com%2Fproduct%2F542659%2Fpokemon-sv05-temporal-forces-buddy-buddy-poffin
Banette ex,PokéStop,3.0,PGO,$1.05,https://partner.tcgplayer.com/LIMITLESS?u=https%3A%2F%2Fwww.tcgplayer.com%2Fproduct%2F276996%2Fpokemon-go-pokestop
Banette ex,Professor's Research,2.0,SVI,$0.24,https://partner.tcgplayer.com/LIMITLESS?u=https%3A%2F%2Fwww.tcgplayer.com%2Fproduct%2F475423%2Fsv01-scarlet-and-violet-base-set-professors-research-189-198
Banette ex,Trekking Shoes,2.0,ASR,$0.22,https://partner.tcgplayer.com/LIMITLESS?u=https%3A%2F%2Fwww.tcgplayer.com%2Fproduct%2F272408%2Fswsh10-astral-radiance-trekking-shoes
Banette ex,Switch,2.0,SVI,$0.32,https://partner.tcgplayer.com/LIMITLESS?u=https%3A%2F%2Fwww.tcgplayer.com%2Fproduct%2F488102%2Fsv01-scarlet-and-violet-base-set-switch-194-198
Banette ex,Earthen Vessel,1.5,PAR,$0.52,https://partner.tcgplayer.com/LIMITLESS?u=https%3A%2F%2Fwww.tcgplayer.com%2Fproduct%2F523844%2Fpokemon-sv04-paradox-rift-earthen-vessel
Banette ex,Lost Vacuum,1.0,LOR,$0.06,https://partner.tcgplayer.com/LIMITLESS?u=https%3A%2F%2Fwww.tcgplayer.com%2Fproduct%2F284094%2Fswsh11-lost-origin-lost-vacuum
Banette ex,Counter Catcher,1.0,PAR,$1.70,https://partner.tcgplayer.com/LIMITLESS?u=https%3A%2F%2Fwww.tcgplayer.com%2Fproduct%2F523841%2Fpokemon-sv04-paradox-rift-counter-catcher
Banette ex,Prime Catcher,1.0,TEF,$2.74,https://partner.tcgplayer.com/LIMITLESS?u=https%3A%2F%2Fwww.tcgplayer.com%2Fproduct%2F542674%2Fpokemon-sv05-temporal-forces-prime-catcher
Banette ex,Psychic Energy,5.0,SVE,$0.25,https://partner.tcgplayer.com/LIMITLESS?u=https%3A%2F%2Fwww.tcgplayer.com%2Fproduct%2F578865%2Fpokemon-sv07-stellar-crown-basic-psychic-energy
Frosmoth Ice Dance,Sobble,4.0,CRE,$0.40,https://partner.tcgplayer.com/LIMITLESS?u=https%3A%2F%2Fwww.tcgplayer.com%2Fproduct%2F241694%2Fswsh06-chilling-reign-sobble
Frosmoth Ice Dance,Drizzile,3.0,SSH,$0.54,https://partner.tcgplayer.com/LIMITLESS?u=https%3A%2F%2Fwww.tcgplayer.com%2Fproduct%2F208353%2Fswsh01-sword-and-shield-base-set-drizzile-056
Frosmoth Ice Dance,Inteleon,2.0,SSH,$0.96,https://partner.tcgplayer.com/LIMITLESS?u=https%3A%2F%2Fwww.tcgplayer.com%2Fproduct%2F208355%2Fswsh01-sword-and-shield-base-set-inteleon-058
Frosmoth Ice Dance,Snom,2.0,SHF,$0.18,https://partner.tcgplayer.com/LIMITLESS?u=https%3A%2F%2Fwww.tcgplayer.com%2Fproduct%2F232446%2Fshining-fates-snom
Frosmoth Ice Dance,Frosmoth,2.0,SSH,$0.68,https://partner.tcgplayer.com/LIMITLESS?u=https%3A%2F%2Fwww.tcgplayer.com%2Fproduct%2F208361%2Fswsh01-sword-and-shield-base-set-frosmoth
Frosmoth Ice Dance,Articuno,2.0,SIT,$0.48,https://partner.tcgplayer.com/LIMITLESS?u=https%3A%2F%2Fwww.tcgplayer.com%2Fproduct%2F451669%2Fswsh12-silver-tempest-articuno
Frosmoth Ice Dance,Inteleon,1.0,CRE,$0.28,https://partner.tcgplayer.com/LIMITLESS?u=https%3A%2F%2Fwww.tcgplayer.com%2Fproduct%2F241696%2Fswsh06-chilling-reign-inteleon
Frosmoth Ice Dance,Radiant Greninja,1.0,ASR,$1.20,https://partner.tcgplayer.com/LIMITLESS?u=https%3A%2F%2Fwww.tcgplayer.com%2Fproduct%2F272246%2Fswsh10-astral-radiance-radiant-greninja
Frosmoth Ice Dance,Alolan Vulpix V,1.0,SIT,$0.85,https://partner.tcgplayer.com/LIMITLESS?u=https%3A%2F%2Fwww.tcgplayer.com%2Fproduct%2F451665%2Fswsh12-silver-tempest-alolan-vulpix-v
Frosmoth Ice Dance,Alolan Vulpix VSTAR,1.0,SIT,$1.22,https://partner.tcgplayer.com/LIMITLESS?u=https%3A%2F%2Fwww.tcgplayer.com%2Fproduct%2F451667%2Fswsh12-silver-tempest-alolan-vulpix-vstar
Frosmoth Ice Dance,Eiscue,1.0,EVS,$0.07,https://partner.tcgplayer.com/LIMITLESS?u=https%3A%2F%2Fwww.tcgplayer.com%2Fproduct%2F246876%2Fswsh07-evolving-skies-eiscue
Frosmoth Ice Dance,Manaphy,1.0,BRS,$0.75,https://partner.tcgplayer.com/LIMITLESS?u=https%3A%2F%2Fwww.tcgplayer.com%2Fproduct%2F263741%2Fswsh09-brilliant-stars-manaphy
Frosmoth Ice Dance,Drapion V,1.0,LOR,$0.58,https://partner.tcgplayer.com/LIMITLESS?u=https%3A%2F%2Fwww.tcgplayer.com%2Fproduct%2F284018%2Fswsh11-lost-origin-drapion-v
Frosmoth Ice Dance,Irida,4.0,ASR,$6.60,https://partner.tcgplayer.com/LIMITLESS?u=https%3A%2F%2Fwww.tcgplayer.com%2Fproduct%2F272399%2Fswsh10-astral-radiance-irida
Frosmoth Ice Dance,Level Ball,4.0,BST,$0.52,https://partner.tcgplayer.com/LIMITLESS?u=https%3A%2F%2Fwww.tcgplayer.com%2Fproduct%2F234123%2Fswsh05-battle-styles-level-ball
Frosmoth Ice Dance,Boss's Orders,3.0,BRS,$1.83,https://partner.tcgplayer.com/LIMITLESS?u=https%3A%2F%2Fwww.tcgplayer.com%2Fproduct%2F263855%2Fswsh09-brilliant-stars-bosss-orders
Frosmoth Ice Dance,Scoop Up Net,3.0,RCL,$1.05,https://partner.tcgplayer.com/LIMITLESS?u=https%3A%2F%2Fwww.tcgplayer.com%2Fproduct%2F213272%2Fswsh02-rebel-clash-scoop-up-net
Frosmoth Ice Dance,Nessa,2.0,VIV,$0.30,https://partner.tcgplayer.com/LIMITLESS?u=https%3A%2F%2Fwww.tcgplayer.com%2Fproduct%2F226518%2Fswsh04-vivid-voltage-nessa
Frosmoth Ice Dance,Quick Ball,2.0,FST,$0.22,https://partner.tcgplayer.com/LIMITLESS?u=https%3A%2F%2Fwww.tcgplayer.com%2Fproduct%2F253112%2Fswsh08-fusion-strike-quick-ball
Frosmoth Ice Dance,Evolution Incense,2.0,SSH,$0.38,https://partner.tcgplayer.com/LIMITLESS?u=https%3A%2F%2Fwww.tcgplayer.com%2Fproduct%2F208489%2Fswsh01-sword-and-shield-base-set-evolution-incense
Frosmoth Ice Dance,Capacious Bucket,2.0,RCL,$0.38,https://partner.tcgplayer.com/LIMITLESS?u=https%3A%2F%2Fwww.tcgplayer.com%2Fproduct%2F213259%2Fswsh02-rebel-clash-capacious-bucket
Frosmoth Ice Dance,Emergency Jelly,2.0,SIT,$0.08,https://partner.tcgplayer.com/LIMITLESS?u=https%3A%2F%2Fwww.tcgplayer.com%2Fproduct%2F451803%2Fswsh12-silver-tempest-emergency-jelly
Frosmoth Ice Dance,Raihan,1.0,EVS,$0.09,https://partner.tcgplayer.com/LIMITLESS?u=https%3A%2F%2Fwww.tcgplayer.com%2Fproduct%2F246777%2Fswsh07-evolving-skies-raihan
Frosmoth Ice Dance,Marnie,1.0,SSH,$0.69,https://partner.tcgplayer.com/LIMITLESS?u=https%3A%2F%2Fwww.tcgplayer.com%2Fproduct%2F208495%2Fswsh01-sword-and-shield-base-set-marnie
Frosmoth Ice Dance,Battle VIP Pass,1.0,FST,$0.16,https://partner.tcgplayer.com/LIMITLESS?u=https%3A%2F%2Fwww.tcgplayer.com%2Fproduct%2F253091%2Fswsh08-fusion-strike-battle-vip-pass
Frosmoth Ice Dance,Hisuian Heavy Ball,1.0,ASR,$0.38,https://partner.tcgplayer.com/LIMITLESS?u=https%3A%2F%2Fwww.tcgplayer.com%2Fproduct%2F272398%2Fswsh10-astral-radiance-hisuian-heavy-ball
Frosmoth Ice Dance,Rare Candy,1.0,SVI,$0.13,https://partner.tcgplayer.com/LIMITLESS?u=https%3A%2F%2Fwww.tcgplayer.com%2Fproduct%2F488098%2Fsv01-scarlet-and-violet-base-set-rare-candy-191-198
Frosmoth Ice Dance,Air Balloon,1.0,SSH,$0.12,https://partner.tcgplayer.com/LIMITLESS?u=https%3A%2F%2Fwww.tcgplayer.com%2Fproduct%2F208479%2Fswsh01-sword-and-shield-base-set-air-balloon
Frosmoth Ice Dance,Training Court,1.0,RCL,$0.16,https://partner.tcgplayer.com/LIMITLESS?u=https%3A%2F%2Fwww.tcgplayer.com%2Fproduct%2F213280%2Fswsh02-rebel-clash-training-court
Frosmoth Ice Dance,Water Energy,6.0,SVE,$0.30,https://partner.tcgplayer.com/LIMITLESS?u=https%3A%2F%2Fwww.tcgplayer.com%2Fproduct%2F578862%2Fpokemon-sv07-stellar-crown-basic-water-energy
Frosmoth Ice Dance,Wash Water Energy,1.0,VIV,$0.12,https://partner.tcgplayer.com/LIMITLESS?u=https%3A%2F%2Fwww.tcgplayer.com%2Fproduct%2F226544%2Fswsh04-vivid-voltage-wash-water-energy
Rapid Strike Urshifu VMAX,Iron Valiant ex,4.0,PAR,$3.24,https://partner.tcgplayer.com/LIMITLESS?u=https%3A%2F%2Fwww.tcgplayer.com%2Fproduct%2F523756%2Fpokemon-sv04-paradox-rift-iron-valiant-ex-089-182
Rapid Strike Urshifu VMAX,Rapid Strike Urshifu V,2.0,BST,$1.14,https://partner.tcgplayer.com/LIMITLESS?u=https%3A%2F%2Fwww.tcgplayer.com%2Fproduct%2F234267%2Fswsh05-battle-styles-rapid-strike-urshifu-v
Rapid Strike Urshifu VMAX,Rapid Strike Urshifu VMAX,2.0,BST,$2.16,https://partner.tcgplayer.com/LIMITLESS?u=https%3A%2F%2Fwww.tcgplayer.com%2Fproduct%2F234268%2Fswsh05-battle-styles-rapid-strike-urshifu-vmax
Rapid Strike Urshifu VMAX,Medicham V,1.0,EVS,$0.54,https://partner.tcgplayer.com/LIMITLESS?u=https%3A%2F%2Fwww.tcgplayer.com%2Fproduct%2F246705%2Fswsh07-evolving-skies-medicham-v
Rapid Strike Urshifu VMAX,Squawkabilly ex,1.0,PAL,$0.90,https://partner.tcgplayer.com/LIMITLESS?u=https%3A%2F%2Fwww.tcgplayer.com%2Fproduct%2F497590%2Fpokemon-sv02-paldea-evolved-squawkabilly-ex
Rapid Strike Urshifu VMAX,Drapion V,0.5,LOR,$0.29,https://partner.tcgplayer.com/LIMITLESS?u=https%3A%2F%2Fwww.tcgplayer.com%2Fproduct%2F284018%2Fswsh11-lost-origin-drapion-v
Rapid Strike Urshifu VMAX,Radiant Charizard,0.5,CRZ,$1.73,https://partner.tcgplayer.com/LIMITLESS?u=https%3A%2F%2Fwww.tcgplayer.com%2Fproduct%2F478098%2Fcrown-zenith-radiant-charizard
Rapid Strike Urshifu VMAX,Klefki,0.25,SVI,$0.04,https://partner.tcgplayer.com/LIMITLESS?u=https%3A%2F%2Fwww.tcgplayer.com%2Fproduct%2F486602%2Fsv01-scarlet-and-violet-base-set-klefki-096-198
Rapid Strike Urshifu VMAX,Switch,4.0,SVI,$0.64,https://partner.tcgplayer.com/LIMITLESS?u=https%3A%2F%2Fwww.tcgplayer.com%2Fproduct%2F488102%2Fsv01-scarlet-and-violet-base-set-switch-194-198
Rapid Strike Urshifu VMAX,Escape Rope,4.0,BST,$0.52,https://partner.tcgplayer.com/LIMITLESS?u=https%3A%2F%2Fwww.tcgplayer.com%2Fproduct%2F234117%2Fswsh05-battle-styles-escape-rope
Rapid Strike Urshifu VMAX,Battle VIP Pass,4.0,FST,$0.64,https://partner.tcgplayer.com/LIMITLESS?u=https%3A%2F%2Fwww.tcgplayer.com%2Fproduct%2F253091%2Fswsh08-fusion-strike-battle-vip-pass
Rapid Strike Urshifu VMAX,Professor's Research,3.75,SVI,$0.45,https://partner.tcgplayer.com/LIMITLESS?u=https%3A%2F%2Fwww.tcgplayer.com%2Fproduct%2F475423%2Fsv01-scarlet-and-violet-base-set-professors-research-189-198
Rapid Strike Urshifu VMAX,Trekking Shoes,3.5,ASR,$0.38,https://partner.tcgplayer.com/LIMITLESS?u=https%3A%2F%2Fwww.tcgplayer.com%2Fproduct%2F272408%2Fswsh10-astral-radiance-trekking-shoes
Rapid Strike Urshifu VMAX,Nest Ball,3.5,SVI,$1.12,https://partner.tcgplayer.com/LIMITLESS?u=https%3A%2F%2Fwww.tcgplayer.com%2Fproduct%2F488087%2Fsv01-scarlet-and-violet-base-set-nest-ball-181-198
Rapid Strike Urshifu VMAX,Town Store,3.5,OBF,$0.63,https://partner.tcgplayer.com/LIMITLESS?u=https%3A%2F%2Fwww.tcgplayer.com%2Fproduct%2F509788%2Fpokemon-sv03-obsidian-flames-town-store
Rapid Strike Urshifu VMAX,Switch Cart,3.0,ASR,$0.93,https://partner.tcgplayer.com/LIMITLESS?u=https%3A%2F%2Fwww.tcgplayer.com%2Fproduct%2F272406%2Fswsh10-astral-radiance-switch-cart
Rapid Strike Urshifu VMAX,Iono,2.75,PAL,$0.93,https://partner.tcgplayer.com/LIMITLESS?u=https%3A%2F%2Fwww.tcgplayer.com%2Fproduct%2F497557%2Fpokemon-sv02-paldea-evolved-iono-185-193
Rapid Strike Urshifu VMAX,Ultra Ball,2.0,SVI,$0.40,https://partner.tcgplayer.com/LIMITLESS?u=https%3A%2F%2Fwww.tcgplayer.com%2Fproduct%2F488105%2Fsv01-scarlet-and-violet-base-set-ultra-ball-196-198
Rapid Strike Urshifu VMAX,Future Booster Energy Capsule,2.0,TEF,$0.12,https://partner.tcgplayer.com/LIMITLESS?u=https%3A%2F%2Fwww.tcgplayer.com%2Fproduct%2F542664%2Fpokemon-sv05-temporal-forces-future-booster-energy-capsule
Rapid Strike Urshifu VMAX,Forest Seal Stone,1.5,SIT,$1.11,https://partner.tcgplayer.com/LIMITLESS?u=https%3A%2F%2Fwww.tcgplayer.com%2Fproduct%2F451804%2Fswsh12-silver-tempest-forest-seal-stone
Rapid Strike Urshifu VMAX,Toy Catcher,1.0,EVS,$0.05,https://partner.tcgplayer.com/LIMITLESS?u=https%3A%2F%2Fwww.tcgplayer.com%2Fproduct%2F246788%2Fswsh07-evolving-skies-toy-catcher
Rapid Strike Urshifu VMAX,Hisuian Heavy Ball,1.0,ASR,$0.38,https://partner.tcgplayer.com/LIMITLESS?u=https%3A%2F%2Fwww.tcgplayer.com%2Fproduct%2F272398%2Fswsh10-astral-radiance-hisuian-heavy-ball
Rapid Strike Urshifu VMAX,Technical Machine: Devolution,1.0,PAR,$0.16,https://partner.tcgplayer.com/LIMITLESS?u=https%3A%2F%2Fwww.tcgplayer.com%2Fproduct%2F523858%2Fpokemon-sv04-paradox-rift-technical-machine-devolution
Rapid Strike Urshifu VMAX,Colress's Experiment,1.0,LOR,$0.07,https://partner.tcgplayer.com/LIMITLESS?u=https%3A%2F%2Fwww.tcgplayer.com%2Fproduct%2F284085%2Fswsh11-lost-origin-colresss-experiment
Rapid Strike Urshifu VMAX,Super Rod,0.5,PAL,$0.16,https://partner.tcgplayer.com/LIMITLESS?u=https%3A%2F%2Fwww.tcgplayer.com%2Fproduct%2F497560%2Fpokemon-sv02-paldea-evolved-super-rod-188-193
Rapid Strike Urshifu VMAX,Rapid Strike Energy,4.0,BST,$0.48,https://partner.tcgplayer.com/LIMITLESS?u=https%3A%2F%2Fwww.tcgplayer.com%2Fproduct%2F234147%2Fswsh05-battle-styles-rapid-strike-energy
Rapid Strike Urshifu VMAX,Luminous Energy,1.5,PAL,$0.28,https://partner.tcgplayer.com/LIMITLESS?u=https%3A%2F%2Fwww.tcgplayer.com%2Fproduct%2F497564%2Fpokemon-sv02-paldea-evolved-luminous-energy
Rapid Strike Urshifu VMAX,Fighting Energy,1.25,SVE,$0.05,https://partner.tcgplayer.com/LIMITLESS?u=https%3A%2F%2Fwww.tcgplayer.com%2Fproduct%2F578867%2Fpokemon-sv07-stellar-crown-basic-fighting-energy
Flaaffy Dynamotor,Flaaffy,3.71,EVS,$0.70,https://partner.tcgplayer.com/LIMITLESS?u=https%3A%2F%2Fwww.tcgplayer.com%2Fproduct%2F246897%2Fswsh07-evolving-skies-flaaffy
Flaaffy Dynamotor,Mareep,3.14,EVS,$0.31,https://partner.tcgplayer.com/LIMITLESS?u=https%3A%2F%2Fwww.tcgplayer.com%2Fproduct%2F246895%2Fswsh07-evolving-skies-mareep
Flaaffy Dynamotor,Zekrom,2.0,VIV,$0.42,https://partner.tcgplayer.com/LIMITLESS?u=https%3A%2F%2Fwww.tcgplayer.com%2Fproduct%2F226458%2Fswsh04-vivid-voltage-zekrom
Flaaffy Dynamotor,Raichu V,1.14,BRS,$1.92,https://partner.tcgplayer.com/LIMITLESS?u=https%3A%2F%2Fwww.tcgplayer.com%2Fproduct%2F263747%2Fswsh09-brilliant-stars-raichu-v
Flaaffy Dynamotor,Manaphy,1.0,BRS,$0.75,https://partner.tcgplayer.com/LIMITLESS?u=https%3A%2F%2Fwww.tcgplayer.com%2Fproduct%2F263741%2Fswsh09-brilliant-stars-manaphy
Flaaffy Dynamotor,Radiant Greninja,1.0,ASR,$1.20,https://partner.tcgplayer.com/LIMITLESS?u=https%3A%2F%2Fwww.tcgplayer.com%2Fproduct%2F272246%2Fswsh10-astral-radiance-radiant-greninja
Flaaffy Dynamotor,Medicham V,1.0,EVS,$0.54,https://partner.tcgplayer.com/LIMITLESS?u=https%3A%2F%2Fwww.tcgplayer.com%2Fproduct%2F246705%2Fswsh07-evolving-skies-medicham-v
Flaaffy Dynamotor,Vikavolt V,0.86,DAA,$0.54,https://partner.tcgplayer.com/LIMITLESS?u=https%3A%2F%2Fwww.tcgplayer.com%2Fproduct%2F219411%2Fswsh03-darkness-ablaze-vikavolt-v
Flaaffy Dynamotor,Drapion V,0.86,LOR,$0.49,https://partner.tcgplayer.com/LIMITLESS?u=https%3A%2F%2Fwww.tcgplayer.com%2Fproduct%2F284018%2Fswsh11-lost-origin-drapion-v
Flaaffy Dynamotor,Mareep,0.86,CRE,$0.06,https://partner.tcgplayer.com/LIMITLESS?u=https%3A%2F%2Fwww.tcgplayer.com%2Fproduct%2F241704%2Fswsh06-chilling-reign-mareep
Flaaffy Dynamotor,Snorlax,0.43,LOR,$0.24,https://partner.tcgplayer.com/LIMITLESS?u=https%3A%2F%2Fwww.tcgplayer.com%2Fproduct%2F284068%2Fswsh11-lost-origin-snorlax
Flaaffy Dynamotor,Raikou V,0.29,BRS,$0.57,https://partner.tcgplayer.com/LIMITLESS?u=https%3A%2F%2Fwww.tcgplayer.com%2Fproduct%2F263754%2Fswsh09-brilliant-stars-raikou-v
Flaaffy Dynamotor,Luxray V,0.29,ASR,$0.42,https://partner.tcgplayer.com/LIMITLESS?u=https%3A%2F%2Fwww.tcgplayer.com%2Fproduct%2F272250%2Fswsh10-astral-radiance-luxray-v
Flaaffy Dynamotor,Regieleki,0.29,EVS,$0.06,https://partner.tcgplayer.com/LIMITLESS?u=https%3A%2F%2Fwww.tcgplayer.com%2Fproduct%2F246902%2Fswsh07-evolving-skies-regieleki
Flaaffy Dynamotor,Zapdos,0.29,PGO,$0.09,https://partner.tcgplayer.com/LIMITLESS?u=https%3A%2F%2Fwww.tcgplayer.com%2Fproduct%2F276954%2Fpokemon-go-zapdos
Flaaffy Dynamotor,Mew,0.14,CEL,$0.10,https://partner.tcgplayer.com/LIMITLESS?u=https%3A%2F%2Fwww.tcgplayer.com%2Fproduct%2F250309%2Fcelebrations-mew
Flaaffy Dynamotor,Crobat V,0.14,DAA,$0.07,https://partner.tcgplayer.com/LIMITLESS?u=https%3A%2F%2Fwww.tcgplayer.com%2Fproduct%2F219406%2Fswsh03-darkness-ablaze-crobat-v
Flaaffy Dynamotor,Zeraora V,0.14,CRE,$0.08,https://partner.tcgplayer.com/LIMITLESS?u=https%3A%2F%2Fwww.tcgplayer.com%2Fproduct%2F241710%2Fswsh06-chilling-reign-zeraora-v
Flaaffy Dynamotor,Pyukumuku,0.14,FST,$0.01,https://partner.tcgplayer.com/LIMITLESS?u=https%3A%2F%2Fwww.tcgplayer.com%2Fproduct%2F253229%2Fswsh08-fusion-strike-pyukumuku
Flaaffy Dynamotor,Snorlax,0.14,VIV,$0.09,https://partner.tcgplayer.com/LIMITLESS?u=https%3A%2F%2Fwww.tcgplayer.com%2Fproduct%2F226587%2Fswsh04-vivid-voltage-snorlax
Flaaffy Dynamotor,Professor's Research,4.0,SVI,$0.48,https://partner.tcgplayer.com/LIMITLESS?u=https%3A%2F%2Fwww.tcgplayer.com%2Fproduct%2F475423%2Fsv01-scarlet-and-violet-base-set-professors-research-189-198
Flaaffy Dynamotor,Quick Ball,4.0,FST,$0.44,https://partner.tcgplayer.com/LIMITLESS?u=https%3A%2F%2Fwww.tcgplayer.com%2Fproduct%2F253112%2Fswsh08-fusion-strike-quick-ball
Flaaffy Dynamotor,Level Ball,3.71,BST,$0.48,https://partner.tcgplayer.com/LIMITLESS?u=https%3A%2F%2Fwww.tcgplayer.com%2Fproduct%2F234123%2Fswsh05-battle-styles-level-ball
Flaaffy Dynamotor,Scoop Up Net,3.14,RCL,$1.09,https://partner.tcgplayer.com/LIMITLESS?u=https%3A%2F%2Fwww.tcgplayer.com%2Fproduct%2F213272%2Fswsh02-rebel-clash-scoop-up-net
Flaaffy Dynamotor,Marnie,2.71,SSH,$1.86,https://partner.tcgplayer.com/LIMITLESS?u=https%3A%2F%2Fwww.tcgplayer.com%2Fproduct%2F208495%2Fswsh01-sword-and-shield-base-set-marnie
Flaaffy Dynamotor,Serena,2.29,SIT,$0.20,https://partner.tcgplayer.com/LIMITLESS?u=https%3A%2F%2Fwww.tcgplayer.com%2Fproduct%2F451812%2Fswsh12-silver-tempest-serena
Flaaffy Dynamotor,Stormy Mountains,2.29,EVS,$0.13,https://partner.tcgplayer.com/LIMITLESS?u=https%3A%2F%2Fwww.tcgplayer.com%2Fproduct%2F246786%2Fswsh07-evolving-skies-stormy-mountains
Flaaffy Dynamotor,Boss's Orders,2.14,BRS,$1.30,https://partner.tcgplayer.com/LIMITLESS?u=https%3A%2F%2Fwww.tcgplayer.com%2Fproduct%2F263855%2Fswsh09-brilliant-stars-bosss-orders
Flaaffy Dynamotor,Air Balloon,2.0,SSH,$0.24,https://partner.tcgplayer.com/LIMITLESS?u=https%3A%2F%2Fwww.tcgplayer.com%2Fproduct%2F208479%2Fswsh01-sword-and-shield-base-set-air-balloon
Flaaffy Dynamotor,Trekking Shoes,1.43,ASR,$0.15,https://partner.tcgplayer.com/LIMITLESS?u=https%3A%2F%2Fwww.tcgplayer.com%2Fproduct%2F272408%2Fswsh10-astral-radiance-trekking-shoes
Flaaffy Dynamotor,Ordinary Rod,1.43,SSH,$0.22,https://partner.tcgplayer.com/LIMITLESS?u=https%3A%2F%2Fwww.tcgplayer.com%2Fproduct%2F208500%2Fswsh01-sword-and-shield-base-set-ordinary-rod
Flaaffy Dynamotor,Forest Seal Stone,0.71,SIT,$0.52,https://partner.tcgplayer.com/LIMITLESS?u=https%3A%2F%2Fwww.tcgplayer.com%2Fproduct%2F451804%2Fswsh12-silver-tempest-forest-seal-stone
Flaaffy Dynamotor,Ultra Ball,0.71,SVI,$0.14,https://partner.tcgplayer.com/LIMITLESS?u=https%3A%2F%2Fwww.tcgplayer.com%2Fproduct%2F488105%2Fsv01-scarlet-and-violet-base-set-ultra-ball-196-198
Flaaffy Dynamotor,Escape Rope,0.43,BST,$0.05,https://partner.tcgplayer.com/LIMITLESS?u=https%3A%2F%2Fwww.tcgplayer.com%2Fproduct%2F234117%2Fswsh05-battle-styles-escape-rope
Flaaffy Dynamotor,Hisuian Heavy Ball,0.29,ASR,$0.11,https://partner.tcgplayer.com/LIMITLESS?u=https%3A%2F%2Fwww.tcgplayer.com%2Fproduct%2F272398%2Fswsh10-astral-radiance-hisuian-heavy-ball
Flaaffy Dynamotor,Energy Search,0.29,SVI,$0.03,https://partner.tcgplayer.com/LIMITLESS?u=https%3A%2F%2Fwww.tcgplayer.com%2Fproduct%2F488077%2Fsv01-scarlet-and-violet-base-set-energy-search-172-198
Flaaffy Dynamotor,Lost Vacuum,0.14,LOR,$0.00,https://partner.tcgplayer.com/LIMITLESS?u=https%3A%2F%2Fwww.tcgplayer.com%2Fproduct%2F284094%2Fswsh11-lost-origin-lost-vacuum
Flaaffy Dynamotor,Zinnia's Resolve,0.14,EVS,$0.00,https://partner.tcgplayer.com/LIMITLESS?u=https%3A%2F%2Fwww.tcgplayer.com%2Fproduct%2F246789%2Fswsh07-evolving-skies-zinnias-resolve
Flaaffy Dynamotor,Lightning Energy,8.0,SVE,$0.40,https://partner.tcgplayer.com/LIMITLESS?u=https%3A%2F%2Fwww.tcgplayer.com%2Fproduct%2F578866%2Fpokemon-sv07-stellar-crown-basic-lightning-energy
Flaaffy Dynamotor,Speed Lightning Energy,2.29,RCL,$0.61,https://partner.tcgplayer.com/LIMITLESS?u=https%3A%2F%2Fwww.tcgplayer.com%2Fproduct%2F213284%2Fswsh02-rebel-clash-speed-l-energy
Klawf Unhinged Scissors,Brute Bonnet,2.0,PAR,$0.66,https://partner.tcgplayer.com/LIMITLESS?u=https%3A%2F%2Fwww.tcgplayer.com%2Fproduct%2F523799%2Fpokemon-sv04-paradox-rift-brute-bonnet-123-182
Klawf Unhinged Scissors,Terapagos ex,2.0,SCR,$8.70,https://partner.tcgplayer.com/LIMITLESS?u=https%3A%2F%2Fwww.tcgplayer.com%2Fproduct%2F567376%2Fpokemon-sv07-stellar-crown-terapagos-ex-128-142
Klawf Unhinged Scissors,Lumineon V,1.78,BRS,$2.54,https://partner.tcgplayer.com/LIMITLESS?u=https%3A%2F%2Fwww.tcgplayer.com%2Fproduct%2F263740%2Fswsh09-brilliant-stars-lumineon-v
Klawf Unhinged Scissors,Budew,1.53,PRE,$1.30,https://partner.tcgplayer.com/LIMITLESS?u=https%3A%2F%2Fwww.tcgplayer.com%2Fproduct%2F610359%2Fpokemon-sv-prismatic-evolutions-budew
Klawf Unhinged Scissors,Klawf,1.05,PAR,$0.07,https://partner.tcgplayer.com/LIMITLESS?u=https%3A%2F%2Fwww.tcgplayer.com%2Fproduct%2F523777%2Fpokemon-sv04-paradox-rift-klawf
Klawf Unhinged Scissors,Oranguru V,1.03,ASR,$0.59,https://partner.tcgplayer.com/LIMITLESS?u=https%3A%2F%2Fwww.tcgplayer.com%2Fproduct%2F272375%2Fswsh10-astral-radiance-oranguru-v
Klawf Unhinged Scissors,Radiant Hisuian Sneasler,1.0,LOR,$0.53,https://partner.tcgplayer.com/LIMITLESS?u=https%3A%2F%2Fwww.tcgplayer.com%2Fproduct%2F284031%2Fswsh11-lost-origin-radiant-hisuian-sneasler
Klawf Unhinged Scissors,Latias ex,1.0,SSP,$5.85,https://partner.tcgplayer.com/LIMITLESS?u=https%3A%2F%2Fwww.tcgplayer.com%2Fproduct%2F589983%2Fpokemon-sv08-surging-sparks-latias-ex-076-191
Klawf Unhinged Scissors,Squawkabilly ex,1.0,PAL,$0.90,https://partner.tcgplayer.com/LIMITLESS?u=https%3A%2F%2Fwww.tcgplayer.com%2Fproduct%2F497590%2Fpokemon-sv02-paldea-evolved-squawkabilly-ex
Klawf Unhinged Scissors,Fezandipiti ex,1.0,SFA,$12.94,https://partner.tcgplayer.com/LIMITLESS?u=https%3A%2F%2Fwww.tcgplayer.com%2Fproduct%2F560348%2Fpokemon-sv-shrouded-fable-fezandipiti-ex-038-064
Klawf Unhinged Scissors,Pecharunt,0.99,SVP,$0.43,https://partner.tcgplayer.com/LIMITLESS?u=https%3A%2F%2Fwww.tcgplayer.com%2Fproduct%2F562025%2Fpokemon-sv-scarlet-and-violet-promo-cards-pecharunt-149
Klawf Unhinged Scissors,Bloodmoon Ursaluna ex,0.81,TWM,$1.57,https://partner.tcgplayer.com/LIMITLESS?u=https%3A%2F%2Fwww.tcgplayer.com%2Fproduct%2F550185%2Fpokemon-sv06-twilight-masquerade-bloodmoon-ursaluna-ex-141-167
Klawf Unhinged Scissors,Iron Bundle,0.68,PAR,$0.09,https://partner.tcgplayer.com/LIMITLESS?u=https%3A%2F%2Fwww.tcgplayer.com%2Fproduct%2F523666%2Fpokemon-sv04-paradox-rift-iron-bundle
Klawf Unhinged Scissors,Munkidori,0.53,TWM,$0.30,https://partner.tcgplayer.com/LIMITLESS?u=https%3A%2F%2Fwww.tcgplayer.com%2Fproduct%2F550139%2Fpokemon-sv06-twilight-masquerade-munkidori
Klawf Unhinged Scissors,Iron Valiant ex,0.27,PAR,$0.21,https://partner.tcgplayer.com/LIMITLESS?u=https%3A%2F%2Fwww.tcgplayer.com%2Fproduct%2F523756%2Fpokemon-sv04-paradox-rift-iron-valiant-ex-089-182
Klawf Unhinged Scissors,Mew ex,0.21,MEW,$1.61,https://partner.tcgplayer.com/LIMITLESS?u=https%3A%2F%2Fwww.tcgplayer.com%2Fproduct%2F516566%2Fpokemon-sv-scarlet-and-violet-151-mew-ex-151-165
Klawf Unhinged Scissors,Regidrago,0.18,ASR,$0.03,https://partner.tcgplayer.com/LIMITLESS?u=https%3A%2F%2Fwww.tcgplayer.com%2Fproduct%2F272349%2Fswsh10-astral-radiance-regidrago
Klawf Unhinged Scissors,Ditto,0.17,CRZ,$0.10,https://partner.tcgplayer.com/LIMITLESS?u=https%3A%2F%2Fwww.tcgplayer.com%2Fproduct%2F478117%2Fcrown-zenith-ditto
Klawf Unhinged Scissors,Pecharunt ex,0.16,SFA,$0.15,https://partner.tcgplayer.com/LIMITLESS?u=https%3A%2F%2Fwww.tcgplayer.com%2Fproduct%2F560349%2Fpokemon-sv-shrouded-fable-pecharunt-ex-039-064
Klawf Unhinged Scissors,Genesect,0.03,SFA,$0.00,https://partner.tcgplayer.com/LIMITLESS?u=https%3A%2F%2Fwww.tcgplayer.com%2Fproduct%2F560350%2Fpokemon-sv-shrouded-fable-genesect
Klawf Unhinged Scissors,Hisuian Electrode V,0.03,SP,$0.03,https://partner.tcgplayer.com/LIMITLESS?u=https%3A%2F%2Fwww.tcgplayer.com%2Fproduct%2F451115%2Fswsh-sword-and-shield-promo-cards-hisuian-electrode-v-swsh294
Klawf Unhinged Scissors,Nest Ball,4.0,SVI,$1.28,https://partner.tcgplayer.com/LIMITLESS?u=https%3A%2F%2Fwww.tcgplayer.com%2Fproduct%2F488087%2Fsv01-scarlet-and-violet-base-set-nest-ball-181-198
Klawf Unhinged Scissors,Area Zero Underdepths,3.62,SCR,$0.43,https://partner.tcgplayer.com/LIMITLESS?u=https%3A%2F%2Fwww.tcgplayer.com%2Fproduct%2F567384%2Fpokemon-sv07-stellar-crown-area-zero-underdepths-131-142
Klawf Unhinged Scissors,Switch Cart,3.39,ASR,$1.05,https://partner.tcgplayer.com/LIMITLESS?u=https%3A%2F%2Fwww.tcgplayer.com%2Fproduct%2F272406%2Fswsh10-astral-radiance-switch-cart
Klawf Unhinged Scissors,Binding Mochi,3.0,PRE,$0.30,https://partner.tcgplayer.com/LIMITLESS?u=https%3A%2F%2Fwww.tcgplayer.com%2Fproduct%2F610450%2Fpokemon-sv-prismatic-evolutions-binding-mochi
Klawf Unhinged Scissors,Boss's Orders,2.95,PAL,$3.62,https://partner.tcgplayer.com/LIMITLESS?u=https%3A%2F%2Fwww.tcgplayer.com%2Fproduct%2F497544%2Fpokemon-sv02-paldea-evolved-bosss-orders-172-193
Klawf Unhinged Scissors,Ancient Booster Energy Capsule,2.78,TEF,$0.25,https://partner.tcgplayer.com/LIMITLESS?u=https%3A%2F%2Fwww.tcgplayer.com%2Fproduct%2F542651%2Fpokemon-sv05-temporal-forces-ancient-booster-energy-capsule
Klawf Unhinged Scissors,Ultra Ball,2.58,SVI,$0.51,https://partner.tcgplayer.com/LIMITLESS?u=https%3A%2F%2Fwww.tcgplayer.com%2Fproduct%2F488105%2Fsv01-scarlet-and-violet-base-set-ultra-ball-196-198
Klawf Unhinged Scissors,Night Stretcher,2.44,SFA,$6.78,https://partner.tcgplayer.com/LIMITLESS?u=https%3A%2F%2Fwww.tcgplayer.com%2Fproduct%2F560372%2Fpokemon-sv-shrouded-fable-night-stretcher
Klawf Unhinged Scissors,Arven,2.43,OBF,$7.31,https://partner.tcgplayer.com/LIMITLESS?u=https%3A%2F%2Fwww.tcgplayer.com%2Fproduct%2F509778%2Fpokemon-sv03-obsidian-flames-arven
Klawf Unhinged Scissors,Hisuian Heavy Ball,1.94,ASR,$0.73,https://partner.tcgplayer.com/LIMITLESS?u=https%3A%2F%2Fwww.tcgplayer.com%2Fproduct%2F272398%2Fswsh10-astral-radiance-hisuian-heavy-ball
Klawf Unhinged Scissors,Forest Seal Stone,1.83,SIT,$1.35,https://partner.tcgplayer.com/LIMITLESS?u=https%3A%2F%2Fwww.tcgplayer.com%2Fproduct%2F451804%2Fswsh12-silver-tempest-forest-seal-stone
Klawf Unhinged Scissors,Iono,1.58,PAL,$0.53,https://partner.tcgplayer.com/LIMITLESS?u=https%3A%2F%2Fwww.tcgplayer.com%2Fproduct%2F497557%2Fpokemon-sv02-paldea-evolved-iono-185-193
Klawf Unhinged Scissors,Professor's Research,1.25,JTG,$0.12,https://partner.tcgplayer.com/LIMITLESS?u=https%3A%2F%2Fwww.tcgplayer.com%2Fproduct%2F623582%2Fpokemon-sv09-journey-together-professors-research
Klawf Unhinged Scissors,Colress's Tenacity,1.01,SFA,$0.15,https://partner.tcgplayer.com/LIMITLESS?u=https%3A%2F%2Fwww.tcgplayer.com%2Fproduct%2F560368%2Fpokemon-sv-shrouded-fable-colresss-tenacity-057-064
Klawf Unhinged Scissors,Precious Trolley,1.0,SSP,$6.21,https://partner.tcgplayer.com/LIMITLESS?u=https%3A%2F%2Fwww.tcgplayer.com%2Fproduct%2F590028%2Fpokemon-sv08-surging-sparks-precious-trolley
Klawf Unhinged Scissors,Carmine,0.82,TWM,$0.09,https://partner.tcgplayer.com/LIMITLESS?u=https%3A%2F%2Fwww.tcgplayer.com%2Fproduct%2F550189%2Fpokemon-sv06-twilight-masquerade-carmine-145-167
Klawf Unhinged Scissors,Kieran,0.62,TWM,$0.05,https://partner.tcgplayer.com/LIMITLESS?u=https%3A%2F%2Fwww.tcgplayer.com%2Fproduct%2F550198%2Fpokemon-sv06-twilight-masquerade-kieran-154-167
Klawf Unhinged Scissors,Black Belt's Training,0.26,JTG,$0.02,https://partner.tcgplayer.com/LIMITLESS?u=https%3A%2F%2Fwww.tcgplayer.com%2Fproduct%2F623572%2Fpokemon-sv09-journey-together-black-belts-training-145-159
Klawf Unhinged Scissors,Judge,0.09,SVI,$0.00,https://partner.tcgplayer.com/LIMITLESS?u=https%3A%2F%2Fwww.tcgplayer.com%2Fproduct%2F488081%2Fsv01-scarlet-and-violet-base-set-judge-176-198
Klawf Unhinged Scissors,Lost Vacuum,0.06,LOR,$0.00,https://partner.tcgplayer.com/LIMITLESS?u=https%3A%2F%2Fwww.tcgplayer.com%2Fproduct%2F284094%2Fswsh11-lost-origin-lost-vacuum
Klawf Unhinged Scissors,Canceling Cologne,0.06,ASR,$0.00,https://partner.tcgplayer.com/LIMITLESS?u=https%3A%2F%2Fwww.tcgplayer.com%2Fproduct%2F272388%2Fswsh10-astral-radiance-canceling-cologne
Klawf Unhinged Scissors,Counter Catcher,0.05,PAR,$0.08,https://partner.tcgplayer.com/LIMITLESS?u=https%3A%2F%2Fwww.tcgplayer.com%2Fproduct%2F523841%2Fpokemon-sv04-paradox-rift-counter-catcher
Klawf Unhinged Scissors,Pal Pad,0.04,SVI,$0.01,https://partner.tcgplayer.com/LIMITLESS?u=https%3A%2F%2Fwww.tcgplayer.com%2Fproduct%2F488088%2Fsv01-scarlet-and-violet-base-set-pal-pad-182-198
Klawf Unhinged Scissors,Roxanne,0.04,ASR,$0.00,https://partner.tcgplayer.com/LIMITLESS?u=https%3A%2F%2Fwww.tcgplayer.com%2Fproduct%2F272402%2Fswsh10-astral-radiance-roxanne
Klawf Unhinged Scissors,Energy Loto,0.03,ASR,$0.00,https://partner.tcgplayer.com/LIMITLESS?u=https%3A%2F%2Fwww.tcgplayer.com%2Fproduct%2F272392%2Fswsh10-astral-radiance-energy-loto
Klawf Unhinged Scissors,Supereffective Glasses,0.03,ASR,$0.00,https://partner.tcgplayer.com/LIMITLESS?u=https%3A%2F%2Fwww.tcgplayer.com%2Fproduct%2F272404%2Fswsh10-astral-radiance-supereffective-glasses
Klawf Unhinged Scissors,Perilous Jungle,0.01,TEF,$0.00,https://partner.tcgplayer.com/LIMITLESS?u=https%3A%2F%2Fwww.tcgplayer.com%2Fproduct%2F542673%2Fpokemon-sv05-temporal-forces-perilous-jungle
Klawf Unhinged Scissors,Gravity Gemstone,0.01,SCR,$0.00,https://partner.tcgplayer.com/LIMITLESS?u=https%3A%2F%2Fwww.tcgplayer.com%2Fproduct%2F567400%2Fpokemon-sv07-stellar-crown-gravity-gemstone
Klawf Unhinged Scissors,Atticus,0.01,PAF,$0.00,https://partner.tcgplayer.com/LIMITLESS?u=https%3A%2F%2Fwww.tcgplayer.com%2Fproduct%2F534439%2Fpokemon-sv-paldean-fates-atticus
Klawf Unhinged Scissors,Double Turbo Energy,4.0,BRS,$0.92,https://partner.tcgplayer.com/LIMITLESS?u=https%3A%2F%2Fwww.tcgplayer.com%2Fproduct%2F257307%2Fswsh09-brilliant-stars-double-turbo-energy
Klawf Unhinged Scissors,Darkness Energy,0.6,SVE,$0.02,https://partner.tcgplayer.com/LIMITLESS?u=https%3A%2F%2Fwww.tcgplayer.com%2Fproduct%2F578868%2Fpokemon-sv07-stellar-crown-basic-darkness-energy
Klawf Unhinged Scissors,Jet Energy,0.01,PAL,$0.00,https://partner.tcgplayer.com/LIMITLESS?u=https%3A%2F%2Fwww.tcgplayer.com%2Fproduct%2F497563%2Fpokemon-sv02-paldea-evolved-jet-energy
Klawf Unhinged Scissors,Water Energy,0.01,SVE,$0.00,https://partner.tcgplayer.com/LIMITLESS?u=https%3A%2F%2Fwww.tcgplayer.com%2Fproduct%2F578862%2Fpokemon-sv07-stellar-crown-basic-water-energy
Gouging Fire ex,Gouging Fire ex,3.0,TEF,$1.74,https://partner.tcgplayer.com/LIMITLESS?u=https%3A%2F%2Fwww.tcgplayer.com%2Fproduct%2F542782%2Fpokemon-sv05-temporal-forces-gouging-fire-ex-038-162
Gouging Fire ex,Latias ex,2.0,SSP,$11.70,https://partner.tcgplayer.com/LIMITLESS?u=https%3A%2F%2Fwww.tcgplayer.com%2Fproduct%2F589983%2Fpokemon-sv08-surging-sparks-latias-ex-076-191
Gouging Fire ex,Squawkabilly ex,2.0,PAL,$1.80,https://partner.tcgplayer.com/LIMITLESS?u=https%3A%2F%2Fwww.tcgplayer.com%2Fproduct%2F497590%2Fpokemon-sv02-paldea-evolved-squawkabilly-ex
Gouging Fire ex,Brute Bonnet,2.0,PAR,$0.66,https://partner.tcgplayer.com/LIMITLESS?u=https%3A%2F%2Fwww.tcgplayer.com%2Fproduct%2F523799%2Fpokemon-sv04-paradox-rift-brute-bonnet-123-182
Gouging Fire ex,Pecharunt,2.0,SVP,$0.88,https://partner.tcgplayer.com/LIMITLESS?u=https%3A%2F%2Fwww.tcgplayer.com%2Fproduct%2F562025%2Fpokemon-sv-scarlet-and-violet-promo-cards-pecharunt-149
Gouging Fire ex,Munkidori,2.0,TWM,$1.14,https://partner.tcgplayer.com/LIMITLESS?u=https%3A%2F%2Fwww.tcgplayer.com%2Fproduct%2F550139%2Fpokemon-sv06-twilight-masquerade-munkidori
Gouging Fire ex,Gouging Fire,1.0,SSP,$0.16,https://partner.tcgplayer.com/LIMITLESS?u=https%3A%2F%2Fwww.tcgplayer.com%2Fproduct%2F589958%2Fpokemon-sv08-surging-sparks-gouging-fire
Gouging Fire ex,Fezandipiti ex,1.0,SFA,$12.94,https://partner.tcgplayer.com/LIMITLESS?u=https%3A%2F%2Fwww.tcgplayer.com%2Fproduct%2F560348%2Fpokemon-sv-shrouded-fable-fezandipiti-ex-038-064
Gouging Fire ex,Pecharunt ex,1.0,SFA,$0.98,https://partner.tcgplayer.com/LIMITLESS?u=https%3A%2F%2Fwww.tcgplayer.com%2Fproduct%2F560349%2Fpokemon-sv-shrouded-fable-pecharunt-ex-039-064
Gouging Fire ex,Roaring Moon ex,1.0,PAR,$1.54,https://partner.tcgplayer.com/LIMITLESS?u=https%3A%2F%2Fwww.tcgplayer.com%2Fproduct%2F523800%2Fpokemon-sv04-paradox-rift-roaring-moon-ex
Gouging Fire ex,Professor Sada's Vitality,4.0,PAR,$0.52,https://partner.tcgplayer.com/LIMITLESS?u=https%3A%2F%2Fwww.tcgplayer.com%2Fproduct%2F523851%2Fpokemon-sv04-paradox-rift-professor-sadas-vitality
Gouging Fire ex,Ultra Ball,4.0,SVI,$0.80,https://partner.tcgplayer.com/LIMITLESS?u=https%3A%2F%2Fwww.tcgplayer.com%2Fproduct%2F488105%2Fsv01-scarlet-and-violet-base-set-ultra-ball-196-198
Gouging Fire ex,Nest Ball,3.0,SVI,$0.96,https://partner.tcgplayer.com/LIMITLESS?u=https%3A%2F%2Fwww.tcgplayer.com%2Fproduct%2F488087%2Fsv01-scarlet-and-violet-base-set-nest-ball-181-198
Gouging Fire ex,Energy Switch,3.0,SVI,$0.96,https://partner.tcgplayer.com/LIMITLESS?u=https%3A%2F%2Fwww.tcgplayer.com%2Fproduct%2F488078%2Fsv01-scarlet-and-violet-base-set-energy-switch-173-198
Gouging Fire ex,Ancient Booster Energy Capsule,3.0,TEF,$0.27,https://partner.tcgplayer.com/LIMITLESS?u=https%3A%2F%2Fwww.tcgplayer.com%2Fproduct%2F542651%2Fpokemon-sv05-temporal-forces-ancient-booster-energy-capsule
Gouging Fire ex,Perilous Jungle,3.0,TEF,$0.51,https://partner.tcgplayer.com/LIMITLESS?u=https%3A%2F%2Fwww.tcgplayer.com%2Fproduct%2F542673%2Fpokemon-sv05-temporal-forces-perilous-jungle
Gouging Fire ex,Boss's Orders,2.0,PAL,$2.46,https://partner.tcgplayer.com/LIMITLESS?u=https%3A%2F%2Fwww.tcgplayer.com%2Fproduct%2F497544%2Fpokemon-sv02-paldea-evolved-bosss-orders-172-193
Gouging Fire ex,Carmine,2.0,TWM,$0.24,https://partner.tcgplayer.com/LIMITLESS?u=https%3A%2F%2Fwww.tcgplayer.com%2Fproduct%2F550189%2Fpokemon-sv06-twilight-masquerade-carmine-145-167
Gouging Fire ex,Earthen Vessel,2.0,PAR,$0.70,https://partner.tcgplayer.com/LIMITLESS?u=https%3A%2F%2Fwww.tcgplayer.com%2Fproduct%2F523844%2Fpokemon-sv04-paradox-rift-earthen-vessel
Gouging Fire ex,Pokégear 3.0,2.0,SVI,$3.74,https://partner.tcgplayer.com/LIMITLESS?u=https%3A%2F%2Fwww.tcgplayer.com%2Fproduct%2F488092%2Fsv01-scarlet-and-violet-base-set-pokegear-30-186-198
Gouging Fire ex,Night Stretcher,2.0,SFA,$5.56,https://partner.tcgplayer.com/LIMITLESS?u=https%3A%2F%2Fwww.tcgplayer.com%2Fproduct%2F560372%2Fpokemon-sv-shrouded-fable-night-stretcher
Gouging Fire ex,Iono,1.0,PAL,$0.34,https://partner.tcgplayer.com/LIMITLESS?u=https%3A%2F%2Fwww.tcgplayer.com%2Fproduct%2F497557%2Fpokemon-sv02-paldea-evolved-iono-185-193
Gouging Fire ex,Kieran,1.0,TWM,$0.09,https://partner.tcgplayer.com/LIMITLESS?u=https%3A%2F%2Fwww.tcgplayer.com%2Fproduct%2F550198%2Fpokemon-sv06-twilight-masquerade-kieran-154-167
Gouging Fire ex,Pal Pad,1.0,SVI,$0.36,https://partner.tcgplayer.com/LIMITLESS?u=https%3A%2F%2Fwww.tcgplayer.com%2Fproduct%2F488088%2Fsv01-scarlet-and-violet-base-set-pal-pad-182-198
Gouging Fire ex,Switch,1.0,SVI,$0.16,https://partner.tcgplayer.com/LIMITLESS?u=https%3A%2F%2Fwww.tcgplayer.com%2Fproduct%2F488102%2Fsv01-scarlet-and-violet-base-set-switch-194-198
Gouging Fire ex,Secret Box,1.0,TWM,$4.26,https://partner.tcgplayer.com/LIMITLESS?u=https%3A%2F%2Fwww.tcgplayer.com%2Fproduct%2F550207%2Fpokemon-sv06-twilight-masquerade-secret-box
Gouging Fire ex,Fire Energy,5.0,SVE,$0.20,https://partner.tcgplayer.com/LIMITLESS?u=https%3A%2F%2Fwww.tcgplayer.com%2Fproduct%2F578863%2Fpokemon-sv07-stellar-crown-basic-fire-energy
Gouging Fire ex,Darkness Energy,3.0,SVE,$0.12,https://partner.tcgplayer.com/LIMITLESS?u=https%3A%2F%2Fwww.tcgplayer.com%2Fproduct%2F578868%2Fpokemon-sv07-stellar-crown-basic-darkness-energy
Zoroark Box Phantom Transformation,Zorua,4.0,EVS,$0.28,https://partner.tcgplayer.com/LIMITLESS?u=https%3A%2F%2Fwww.tcgplayer.com%2Fproduct%2F246899%2Fswsh07-evolving-skies-zorua
Zoroark Box Phantom Transformation,Zoroark,4.0,EVS,$1.20,https://partner.tcgplayer.com/LIMITLESS?u=https%3A%2F%2Fwww.tcgplayer.com%2Fproduct%2F246901%2Fswsh07-evolving-skies-zoroark
Zoroark Box Phantom Transformation,Kirlia,3.0,SIT,$0.39,https://partner.tcgplayer.com/LIMITLESS?u=https%3A%2F%2Fwww.tcgplayer.com%2Fproduct%2F451722%2Fswsh12-silver-tempest-kirlia
Zoroark Box Phantom Transformation,Ralts,2.67,ASR,$0.45,https://partner.tcgplayer.com/LIMITLESS?u=https%3A%2F%2Fwww.tcgplayer.com%2Fproduct%2F272261%2Fswsh10-astral-radiance-ralts
Zoroark Box Phantom Transformation,Kleavor,1.0,ASR,$0.09,https://partner.tcgplayer.com/LIMITLESS?u=https%3A%2F%2Fwww.tcgplayer.com%2Fproduct%2F272286%2Fswsh10-astral-radiance-kleavor-85
Zoroark Box Phantom Transformation,Scovillain,1.0,SVI,$0.08,https://partner.tcgplayer.com/LIMITLESS?u=https%3A%2F%2Fwww.tcgplayer.com%2Fproduct%2F487868%2Fsv01-scarlet-and-violet-base-set-scovillain-029-198
Zoroark Box Phantom Transformation,Slowbro,1.0,PGO,$0.08,https://partner.tcgplayer.com/LIMITLESS?u=https%3A%2F%2Fwww.tcgplayer.com%2Fproduct%2F276950%2Fpokemon-go-slowbro
Zoroark Box Phantom Transformation,Jirachi,1.0,PAR,$0.12,https://partner.tcgplayer.com/LIMITLESS?u=https%3A%2F%2Fwww.tcgplayer.com%2Fproduct%2F523803%2Fpokemon-sv04-paradox-rift-jirachi
Zoroark Box Phantom Transformation,Manaphy,1.0,BRS,$0.75,https://partner.tcgplayer.com/LIMITLESS?u=https%3A%2F%2Fwww.tcgplayer.com%2Fproduct%2F263741%2Fswsh09-brilliant-stars-manaphy
Zoroark Box Phantom Transformation,Gallade,0.83,ASR,$0.24,https://partner.tcgplayer.com/LIMITLESS?u=https%3A%2F%2Fwww.tcgplayer.com%2Fproduct%2F272263%2Fswsh10-astral-radiance-gallade
Zoroark Box Phantom Transformation,Scizor,0.83,OBF,$0.10,https://partner.tcgplayer.com/LIMITLESS?u=https%3A%2F%2Fwww.tcgplayer.com%2Fproduct%2F509919%2Fpokemon-sv03-obsidian-flames-scizor
Zoroark Box Phantom Transformation,Mightyena,0.83,ASR,$0.14,https://partner.tcgplayer.com/LIMITLESS?u=https%3A%2F%2Fwww.tcgplayer.com%2Fproduct%2F272297%2Fswsh10-astral-radiance-mightyena
Zoroark Box Phantom Transformation,Hisuian Basculin,0.83,ASR,$0.04,https://partner.tcgplayer.com/LIMITLESS?u=https%3A%2F%2Fwww.tcgplayer.com%2Fproduct%2F272243%2Fswsh10-astral-radiance-hisuian-basculin
Zoroark Box Phantom Transformation,Jolteon,0.67,MEW,$0.16,https://partner.tcgplayer.com/LIMITLESS?u=https%3A%2F%2Fwww.tcgplayer.com%2Fproduct%2F516698%2Fpokemon-sv-scarlet-and-violet-151-jolteon
Zoroark Box Phantom Transformation,Flapple,0.5,EVS,$0.06,https://partner.tcgplayer.com/LIMITLESS?u=https%3A%2F%2Fwww.tcgplayer.com%2Fproduct%2F246918%2Fswsh07-evolving-skies-flapple
Zoroark Box Phantom Transformation,Scyther,0.33,MEW,$0.04,https://partner.tcgplayer.com/LIMITLESS?u=https%3A%2F%2Fwww.tcgplayer.com%2Fproduct%2F516686%2Fpokemon-sv-scarlet-and-violet-151-scyther
Zoroark Box Phantom Transformation,Aerodactyl,0.33,MEW,$0.06,https://partner.tcgplayer.com/LIMITLESS?u=https%3A%2F%2Fwww.tcgplayer.com%2Fproduct%2F516705%2Fpokemon-sv-scarlet-and-violet-151-aerodactyl
Zoroark Box Phantom Transformation,Cetitan,0.33,PAL,$0.01,https://partner.tcgplayer.com/LIMITLESS?u=https%3A%2F%2Fwww.tcgplayer.com%2Fproduct%2F497466%2Fpokemon-sv02-paldea-evolved-cetitan-055-193
Zoroark Box Phantom Transformation,Ralts,0.33,SVI,$0.03,https://partner.tcgplayer.com/LIMITLESS?u=https%3A%2F%2Fwww.tcgplayer.com%2Fproduct%2F487948%2Fsv01-scarlet-and-violet-base-set-ralts-084-198
Zoroark Box Phantom Transformation,Magcargo,0.17,LOR,$0.01,https://partner.tcgplayer.com/LIMITLESS?u=https%3A%2F%2Fwww.tcgplayer.com%2Fproduct%2F283893%2Fswsh11-lost-origin-magcargo
Zoroark Box Phantom Transformation,Gardevoir,0.17,SIT,$0.02,https://partner.tcgplayer.com/LIMITLESS?u=https%3A%2F%2Fwww.tcgplayer.com%2Fproduct%2F451723%2Fswsh12-silver-tempest-gardevoir
Zoroark Box Phantom Transformation,Hisuian Braviary,0.17,SIT,$0.01,https://partner.tcgplayer.com/LIMITLESS?u=https%3A%2F%2Fwww.tcgplayer.com%2Fproduct%2F451798%2Fswsh12-silver-tempest-hisuian-braviary
Zoroark Box Phantom Transformation,Electivire,0.17,BRS,$0.02,https://partner.tcgplayer.com/LIMITLESS?u=https%3A%2F%2Fwww.tcgplayer.com%2Fproduct%2F263751%2Fswsh09-brilliant-stars-electivire
Zoroark Box Phantom Transformation,Camerupt,0.17,PAF,$0.00,https://partner.tcgplayer.com/LIMITLESS?u=https%3A%2F%2Fwww.tcgplayer.com%2Fproduct%2F534153%2Fpokemon-sv-paldean-fates-camerupt
Zoroark Box Phantom Transformation,Mew,0.17,CEL,$0.12,https://partner.tcgplayer.com/LIMITLESS?u=https%3A%2F%2Fwww.tcgplayer.com%2Fproduct%2F250309%2Fcelebrations-mew
Zoroark Box Phantom Transformation,Wugtrio,0.17,SVI,$0.01,https://partner.tcgplayer.com/LIMITLESS?u=https%3A%2F%2Fwww.tcgplayer.com%2Fproduct%2F487906%2Fsv01-scarlet-and-violet-base-set-wugtrio-057-198
Zoroark Box Phantom Transformation,Flareon,0.17,MEW,$0.04,https://partner.tcgplayer.com/LIMITLESS?u=https%3A%2F%2Fwww.tcgplayer.com%2Fproduct%2F516699%2Fpokemon-sv-scarlet-and-violet-151-flareon
Zoroark Box Phantom Transformation,Mabosstiff,0.17,SVI,$0.01,https://partner.tcgplayer.com/LIMITLESS?u=https%3A%2F%2Fwww.tcgplayer.com%2Fproduct%2F485871%2Fsv01-scarlet-and-violet-base-set-mabosstiff-137-198
Zoroark Box Phantom Transformation,Raichu,0.17,SIT,$0.01,https://partner.tcgplayer.com/LIMITLESS?u=https%3A%2F%2Fwww.tcgplayer.com%2Fproduct%2F451704%2Fswsh12-silver-tempest-raichu
Zoroark Box Phantom Transformation,Squawkabilly ex,0.17,PAL,$0.15,https://partner.tcgplayer.com/LIMITLESS?u=https%3A%2F%2Fwww.tcgplayer.com%2Fproduct%2F497590%2Fpokemon-sv02-paldea-evolved-squawkabilly-ex
Zoroark Box Phantom Transformation,Iono,3.67,PAL,$1.24,https://partner.tcgplayer.com/LIMITLESS?u=https%3A%2F%2Fwww.tcgplayer.com%2Fproduct%2F497557%2Fpokemon-sv02-paldea-evolved-iono-185-193
Zoroark Box Phantom Transformation,Ultra Ball,3.67,SVI,$0.73,https://partner.tcgplayer.com/LIMITLESS?u=https%3A%2F%2Fwww.tcgplayer.com%2Fproduct%2F488105%2Fsv01-scarlet-and-violet-base-set-ultra-ball-196-198
Zoroark Box Phantom Transformation,Level Ball,3.67,BST,$0.47,https://partner.tcgplayer.com/LIMITLESS?u=https%3A%2F%2Fwww.tcgplayer.com%2Fproduct%2F234123%2Fswsh05-battle-styles-level-ball
Zoroark Box Phantom Transformation,Artazon,2.5,PAL,$0.27,https://partner.tcgplayer.com/LIMITLESS?u=https%3A%2F%2Fwww.tcgplayer.com%2Fproduct%2F497541%2Fpokemon-sv02-paldea-evolved-artazon
Zoroark Box Phantom Transformation,Super Rod,2.33,PAL,$0.76,https://partner.tcgplayer.com/LIMITLESS?u=https%3A%2F%2Fwww.tcgplayer.com%2Fproduct%2F497560%2Fpokemon-sv02-paldea-evolved-super-rod-188-193
Zoroark Box Phantom Transformation,Arezu,1.5,LOR,$0.22,https://partner.tcgplayer.com/LIMITLESS?u=https%3A%2F%2Fwww.tcgplayer.com%2Fproduct%2F284083%2Fswsh11-lost-origin-arezu
Zoroark Box Phantom Transformation,Counter Catcher,1.17,PAR,$1.98,https://partner.tcgplayer.com/LIMITLESS?u=https%3A%2F%2Fwww.tcgplayer.com%2Fproduct%2F523841%2Fpokemon-sv04-paradox-rift-counter-catcher
Zoroark Box Phantom Transformation,Cynthia's Ambition,1.0,BRS,$0.10,https://partner.tcgplayer.com/LIMITLESS?u=https%3A%2F%2Fwww.tcgplayer.com%2Fproduct%2F263860%2Fswsh09-brilliant-stars-cynthias-ambition
Zoroark Box Phantom Transformation,Zinnia's Resolve,0.83,EVS,$0.04,https://partner.tcgplayer.com/LIMITLESS?u=https%3A%2F%2Fwww.tcgplayer.com%2Fproduct%2F246789%2Fswsh07-evolving-skies-zinnias-resolve
Zoroark Box Phantom Transformation,Professor's Research,0.83,SVI,$0.09,https://partner.tcgplayer.com/LIMITLESS?u=https%3A%2F%2Fwww.tcgplayer.com%2Fproduct%2F475423%2Fsv01-scarlet-and-violet-base-set-professors-research-189-198
Zoroark Box Phantom Transformation,Boss's Orders,0.67,PAL,$0.82,https://partner.tcgplayer.com/LIMITLESS?u=https%3A%2F%2Fwww.tcgplayer.com%2Fproduct%2F497544%2Fpokemon-sv02-paldea-evolved-bosss-orders-172-193
Zoroark Box Phantom Transformation,Battle VIP Pass,0.67,FST,$0.10,https://partner.tcgplayer.com/LIMITLESS?u=https%3A%2F%2Fwww.tcgplayer.com%2Fproduct%2F253091%2Fswsh08-fusion-strike-battle-vip-pass
Zoroark Box Phantom Transformation,Nest Ball,0.33,SVI,$0.10,https://partner.tcgplayer.com/LIMITLESS?u=https%3A%2F%2Fwww.tcgplayer.com%2Fproduct%2F488087%2Fsv01-scarlet-and-violet-base-set-nest-ball-181-198
Zoroark Box Phantom Transformation,Thorton,0.33,LOR,$0.02,https://partner.tcgplayer.com/LIMITLESS?u=https%3A%2F%2Fwww.tcgplayer.com%2Fproduct%2F284100%2Fswsh11-lost-origin-thorton
Zoroark Box Phantom Transformation,Raihan,0.33,EVS,$0.02,https://partner.tcgplayer.com/LIMITLESS?u=https%3A%2F%2Fwww.tcgplayer.com%2Fproduct%2F246777%2Fswsh07-evolving-skies-raihan
Zoroark Box Phantom Transformation,Miriam,0.33,SVI,$0.03,https://partner.tcgplayer.com/LIMITLESS?u=https%3A%2F%2Fwww.tcgplayer.com%2Fproduct%2F488085%2Fsv01-scarlet-and-violet-base-set-miriam-179-198
Zoroark Box Phantom Transformation,Klara,0.17,CRE,$0.01,https://partner.tcgplayer.com/LIMITLESS?u=https%3A%2F%2Fwww.tcgplayer.com%2Fproduct%2F241844%2Fswsh06-chilling-reign-klara
Zoroark Box Phantom Transformation,Professor Turo's Scenario,0.17,PAR,$0.02,https://partner.tcgplayer.com/LIMITLESS?u=https%3A%2F%2Fwww.tcgplayer.com%2Fproduct%2F523852%2Fpokemon-sv04-paradox-rift-professor-turos-scenario
Zoroark Box Phantom Transformation,Rescue Carrier,0.17,EVS,$0.00,https://partner.tcgplayer.com/LIMITLESS?u=https%3A%2F%2Fwww.tcgplayer.com%2Fproduct%2F246780%2Fswsh07-evolving-skies-rescue-carrier
Zoroark Box Phantom Transformation,Energy Loto,0.17,ASR,$0.01,https://partner.tcgplayer.com/LIMITLESS?u=https%3A%2F%2Fwww.tcgplayer.com%2Fproduct%2F272392%2Fswsh10-astral-radiance-energy-loto
Zoroark Box Phantom Transformation,Earthen Vessel,0.17,PAR,$0.05,https://partner.tcgplayer.com/LIMITLESS?u=https%3A%2F%2Fwww.tcgplayer.com%2Fproduct%2F523844%2Fpokemon-sv04-paradox-rift-earthen-vessel
Zoroark Box Phantom Transformation,Bruno,0.17,BST,$0.01,https://partner.tcgplayer.com/LIMITLESS?u=https%3A%2F%2Fwww.tcgplayer.com%2Fproduct%2F234112%2Fswsh05-battle-styles-bruno
Zoroark Box Phantom Transformation,Serena,0.17,SIT,$0.01,https://partner.tcgplayer.com/LIMITLESS?u=https%3A%2F%2Fwww.tcgplayer.com%2Fproduct%2F451812%2Fswsh12-silver-tempest-serena
Zoroark Box Phantom Transformation,Zisu,0.17,ASR,$0.01,https://partner.tcgplayer.com/LIMITLESS?u=https%3A%2F%2Fwww.tcgplayer.com%2Fproduct%2F272411%2Fswsh10-astral-radiance-zisu
Zoroark Box Phantom Transformation,Pal Pad,0.17,SVI,$0.06,https://partner.tcgplayer.com/LIMITLESS?u=https%3A%2F%2Fwww.tcgplayer.com%2Fproduct%2F488088%2Fsv01-scarlet-and-violet-base-set-pal-pad-182-198
Zoroark Box Phantom Transformation,Practice Studio,0.17,PAL,$0.01,https://partner.tcgplayer.com/LIMITLESS?u=https%3A%2F%2Fwww.tcgplayer.com%2Fproduct%2F497558%2Fpokemon-sv02-paldea-evolved-practice-studio
Zoroark Box Phantom Transformation,Reversal Energy,4.0,PAL,$0.60,https://partner.tcgplayer.com/LIMITLESS?u=https%3A%2F%2Fwww.tcgplayer.com%2Fproduct%2F497565%2Fpokemon-sv02-paldea-evolved-reversal-energy
Zoroark Box Phantom Transformation,Metal Energy,1.67,SVE,$0.06,https://partner.tcgplayer.com/LIMITLESS?u=https%3A%2F%2Fwww.tcgplayer.com%2Fproduct%2F578869%2Fpokemon-sv07-stellar-crown-basic-metal-energy
Zoroark Box Phantom Transformation,Double Turbo Energy,1.67,BRS,$0.38,https://partner.tcgplayer.com/LIMITLESS?u=https%3A%2F%2Fwww.tcgplayer.com%2Fproduct%2F257307%2Fswsh09-brilliant-stars-double-turbo-energy
Zoroark Box Phantom Transformation,Jet Energy,0.67,PAL,$0.16,https://partner.tcgplayer.com/LIMITLESS?u=https%3A%2F%2Fwww.tcgplayer.com%2Fproduct%2F497563%2Fpokemon-sv02-paldea-evolved-jet-energy
Zoroark Box Phantom Transformation,Water Energy,0.17,SVE,$0.00,https://partner.tcgplayer.com/LIMITLESS?u=https%3A%2F%2Fwww.tcgplayer.com%2Fproduct%2F578862%2Fpokemon-sv07-stellar-crown-basic-water-energy
Blissey V,Blissey V,3.0,CRE,$1.92,https://partner.tcgplayer.com/LIMITLESS?u=https%3A%2F%2Fwww.tcgplayer.com%2Fproduct%2F241796%2Fswsh06-chilling-reign-blissey-v
Blissey V,Miltank,3.0,ASR,$0.72,https://partner.tcgplayer.com/LIMITLESS?u=https%3A%2F%2Fwww.tcgplayer.com%2Fproduct%2F272363%2Fswsh10-astral-radiance-miltank
Blissey V,Yveltal,3.0,CEL,$0.45,https://partner.tcgplayer.com/LIMITLESS?u=https%3A%2F%2Fwww.tcgplayer.com%2Fproduct%2F250315%2Fcelebrations-yveltal
Blissey V,Radiant Jirachi,1.0,SIT,$0.66,https://partner.tcgplayer.com/LIMITLESS?u=https%3A%2F%2Fwww.tcgplayer.com%2Fproduct%2F450292%2Fswsh12-silver-tempest-radiant-jirachi
Blissey V,Dunsparce,1.0,FST,$0.08,https://partner.tcgplayer.com/LIMITLESS?u=https%3A%2F%2Fwww.tcgplayer.com%2Fproduct%2F253302%2Fswsh08-fusion-strike-dunsparce
Blissey V,Cape of Toughness,4.0,DAA,$0.52,https://partner.tcgplayer.com/LIMITLESS?u=https%3A%2F%2Fwww.tcgplayer.com%2Fproduct%2F219272%2Fswsh03-darkness-ablaze-cape-of-toughness
Blissey V,Path to the Peak,4.0,CRE,$0.36,https://partner.tcgplayer.com/LIMITLESS?u=https%3A%2F%2Fwww.tcgplayer.com%2Fproduct%2F241851%2Fswsh06-chilling-reign-path-to-the-peak
Blissey V,Hyper Potion,3.5,SSH,$0.31,https://partner.tcgplayer.com/LIMITLESS?u=https%3A%2F%2Fwww.tcgplayer.com%2Fproduct%2F208492%2Fswsh01-sword-and-shield-base-set-hyper-potion
Blissey V,Marnie,3.0,SSH,$2.07,https://partner.tcgplayer.com/LIMITLESS?u=https%3A%2F%2Fwww.tcgplayer.com%2Fproduct%2F208495%2Fswsh01-sword-and-shield-base-set-marnie
Blissey V,Professor's Research,2.5,SVI,$0.30,https://partner.tcgplayer.com/LIMITLESS?u=https%3A%2F%2Fwww.tcgplayer.com%2Fproduct%2F475423%2Fsv01-scarlet-and-violet-base-set-professors-research-189-198
Blissey V,Quick Ball,2.5,FST,$0.27,https://partner.tcgplayer.com/LIMITLESS?u=https%3A%2F%2Fwww.tcgplayer.com%2Fproduct%2F253112%2Fswsh08-fusion-strike-quick-ball
Blissey V,Boss's Orders,2.0,BRS,$1.22,https://partner.tcgplayer.com/LIMITLESS?u=https%3A%2F%2Fwww.tcgplayer.com%2Fproduct%2F263855%2Fswsh09-brilliant-stars-bosss-orders
Blissey V,Serena,2.0,SIT,$0.18,https://partner.tcgplayer.com/LIMITLESS?u=https%3A%2F%2Fwww.tcgplayer.com%2Fproduct%2F451812%2Fswsh12-silver-tempest-serena
Blissey V,Avery,2.0,CRE,$0.18,https://partner.tcgplayer.com/LIMITLESS?u=https%3A%2F%2Fwww.tcgplayer.com%2Fproduct%2F241814%2Fswsh06-chilling-reign-avery
Blissey V,Switch Cart,2.0,ASR,$0.62,https://partner.tcgplayer.com/LIMITLESS?u=https%3A%2F%2Fwww.tcgplayer.com%2Fproduct%2F272406%2Fswsh10-astral-radiance-switch-cart
Blissey V,Zinnia's Resolve,1.5,EVS,$0.09,https://partner.tcgplayer.com/LIMITLESS?u=https%3A%2F%2Fwww.tcgplayer.com%2Fproduct%2F246789%2Fswsh07-evolving-skies-zinnias-resolve
Blissey V,Roxanne,1.0,ASR,$0.07,https://partner.tcgplayer.com/LIMITLESS?u=https%3A%2F%2Fwww.tcgplayer.com%2Fproduct%2F272402%2Fswsh10-astral-radiance-roxanne
Blissey V,Cheren's Care,1.0,BRS,$0.07,https://partner.tcgplayer.com/LIMITLESS?u=https%3A%2F%2Fwww.tcgplayer.com%2Fproduct%2F257306%2Fswsh09-brilliant-stars-cherens-care
Blissey V,Scoop Up Net,1.0,RCL,$0.35,https://partner.tcgplayer.com/LIMITLESS?u=https%3A%2F%2Fwww.tcgplayer.com%2Fproduct%2F213272%2Fswsh02-rebel-clash-scoop-up-net
Blissey V,Team Yell's Cheer,0.5,BRS,$0.02,https://partner.tcgplayer.com/LIMITLESS?u=https%3A%2F%2Fwww.tcgplayer.com%2Fproduct%2F263869%2Fswsh09-brilliant-stars-team-yells-cheer
Blissey V,Sidney,0.5,FST,$0.02,https://partner.tcgplayer.com/LIMITLESS?u=https%3A%2F%2Fwww.tcgplayer.com%2Fproduct%2F253119%2Fswsh08-fusion-strike-sidney
Blissey V,Escape Rope,0.5,BST,$0.06,https://partner.tcgplayer.com/LIMITLESS?u=https%3A%2F%2Fwww.tcgplayer.com%2Fproduct%2F234117%2Fswsh05-battle-styles-escape-rope
Blissey V,Hisuian Heavy Ball,0.5,ASR,$0.19,https://partner.tcgplayer.com/LIMITLESS?u=https%3A%2F%2Fwww.tcgplayer.com%2Fproduct%2F272398%2Fswsh10-astral-radiance-hisuian-heavy-ball
Blissey V,Powerful Colorless Energy,4.0,DAA,$0.72,https://partner.tcgplayer.com/LIMITLESS?u=https%3A%2F%2Fwww.tcgplayer.com%2Fproduct%2F219294%2Fswsh03-darkness-ablaze-powerful-c-energy
Blissey V,Double Turbo Energy,4.0,BRS,$0.92,https://partner.tcgplayer.com/LIMITLESS?u=https%3A%2F%2Fwww.tcgplayer.com%2Fproduct%2F257307%2Fswsh09-brilliant-stars-double-turbo-energy
Blissey V,Twin Energy,3.0,RCL,$0.87,https://partner.tcgplayer.com/LIMITLESS?u=https%3A%2F%2Fwww.tcgplayer.com%2Fproduct%2F213285%2Fswsh02-rebel-clash-twin-energy
Blissey V,Capture Energy,2.5,RCL,$0.40,https://partner.tcgplayer.com/LIMITLESS?u=https%3A%2F%2Fwww.tcgplayer.com%2Fproduct%2F213282%2Fswsh02-rebel-clash-capture-energy
Blissey V,V Guard Energy,1.5,SIT,$0.21,https://partner.tcgplayer.com/LIMITLESS?u=https%3A%2F%2Fwww.tcgplayer.com%2Fproduct%2F451817%2Fswsh12-silver-tempest-v-guard-energy
Darkrai VSTAR,Duskull,3.0,BRS,$0.24,https://partner.tcgplayer.com/LIMITLESS?u=https%3A%2F%2Fwww.tcgplayer.com%2Fproduct%2F263776%2Fswsh09-brilliant-stars-duskull
Darkrai VSTAR,Dusknoir,2.0,SFA,$0.40,https://partner.tcgplayer.com/LIMITLESS?u=https%3A%2F%2Fwww.tcgplayer.com%2Fproduct%2F560330%2Fpokemon-sv-shrouded-fable-dusknoir-020-064
Darkrai VSTAR,Darkrai V,2.0,ASR,$2.04,https://partner.tcgplayer.com/LIMITLESS?u=https%3A%2F%2Fwww.tcgplayer.com%2Fproduct%2F272299%2Fswsh10-astral-radiance-darkrai-v
Darkrai VSTAR,Darkrai VSTAR,2.0,ASR,$2.88,https://partner.tcgplayer.com/LIMITLESS?u=https%3A%2F%2Fwww.tcgplayer.com%2Fproduct%2F272300%2Fswsh10-astral-radiance-darkrai-vstar
Darkrai VSTAR,Roaring Moon ex,2.0,PAR,$3.08,https://partner.tcgplayer.com/LIMITLESS?u=https%3A%2F%2Fwww.tcgplayer.com%2Fproduct%2F523800%2Fpokemon-sv04-paradox-rift-roaring-moon-ex
Darkrai VSTAR,Radiant Greninja,1.0,ASR,$1.20,https://partner.tcgplayer.com/LIMITLESS?u=https%3A%2F%2Fwww.tcgplayer.com%2Fproduct%2F272246%2Fswsh10-astral-radiance-radiant-greninja
Darkrai VSTAR,Iron Bundle,1.0,PAR,$0.14,https://partner.tcgplayer.com/LIMITLESS?u=https%3A%2F%2Fwww.tcgplayer.com%2Fproduct%2F523666%2Fpokemon-sv04-paradox-rift-iron-bundle
Darkrai VSTAR,Pecharunt ex,1.0,SFA,$0.98,https://partner.tcgplayer.com/LIMITLESS?u=https%3A%2F%2Fwww.tcgplayer.com%2Fproduct%2F560349%2Fpokemon-sv-shrouded-fable-pecharunt-ex-039-064
Darkrai VSTAR,Fezandipiti ex,1.0,SFA,$12.94,https://partner.tcgplayer.com/LIMITLESS?u=https%3A%2F%2Fwww.tcgplayer.com%2Fproduct%2F560348%2Fpokemon-sv-shrouded-fable-fezandipiti-ex-038-064
Darkrai VSTAR,Squawkabilly ex,1.0,PAL,$0.90,https://partner.tcgplayer.com/LIMITLESS?u=https%3A%2F%2Fwww.tcgplayer.com%2Fproduct%2F497590%2Fpokemon-sv02-paldea-evolved-squawkabilly-ex
Darkrai VSTAR,Lumineon V,1.0,BRS,$1.43,https://partner.tcgplayer.com/LIMITLESS?u=https%3A%2F%2Fwww.tcgplayer.com%2Fproduct%2F263740%2Fswsh09-brilliant-stars-lumineon-v
Darkrai VSTAR,Morpeko,1.0,PAR,$0.12,https://partner.tcgplayer.com/LIMITLESS?u=https%3A%2F%2Fwww.tcgplayer.com%2Fproduct%2F523796%2Fpokemon-sv04-paradox-rift-morpeko-121-182
Darkrai VSTAR,Dark Patch,4.0,ASR,$0.56,https://partner.tcgplayer.com/LIMITLESS?u=https%3A%2F%2Fwww.tcgplayer.com%2Fproduct%2F272391%2Fswsh10-astral-radiance-dark-patch
Darkrai VSTAR,Nest Ball,4.0,SVI,$1.28,https://partner.tcgplayer.com/LIMITLESS?u=https%3A%2F%2Fwww.tcgplayer.com%2Fproduct%2F488087%2Fsv01-scarlet-and-violet-base-set-nest-ball-181-198
Darkrai VSTAR,Ultra Ball,4.0,SVI,$0.80,https://partner.tcgplayer.com/LIMITLESS?u=https%3A%2F%2Fwww.tcgplayer.com%2Fproduct%2F488105%2Fsv01-scarlet-and-violet-base-set-ultra-ball-196-198
Darkrai VSTAR,Night Stretcher,4.0,SFA,$11.12,https://partner.tcgplayer.com/LIMITLESS?u=https%3A%2F%2Fwww.tcgplayer.com%2Fproduct%2F560372%2Fpokemon-sv-shrouded-fable-night-stretcher
Darkrai VSTAR,PokéStop,4.0,PGO,$1.40,https://partner.tcgplayer.com/LIMITLESS?u=https%3A%2F%2Fwww.tcgplayer.com%2Fproduct%2F276996%2Fpokemon-go-pokestop
Darkrai VSTAR,Professor's Research,3.0,SVI,$0.36,https://partner.tcgplayer.com/LIMITLESS?u=https%3A%2F%2Fwww.tcgplayer.com%2Fproduct%2F475423%2Fsv01-scarlet-and-violet-base-set-professors-research-189-198
Darkrai VSTAR,Rare Candy,3.0,SVI,$0.39,https://partner.tcgplayer.com/LIMITLESS?u=https%3A%2F%2Fwww.tcgplayer.com%2Fproduct%2F488098%2Fsv01-scarlet-and-violet-base-set-rare-candy-191-198
Darkrai VSTAR,Trekking Shoes,2.0,ASR,$0.22,https://partner.tcgplayer.com/LIMITLESS?u=https%3A%2F%2Fwww.tcgplayer.com%2Fproduct%2F272408%2Fswsh10-astral-radiance-trekking-shoes
Darkrai VSTAR,Earthen Vessel,2.0,PAR,$0.70,https://partner.tcgplayer.com/LIMITLESS?u=https%3A%2F%2Fwww.tcgplayer.com%2Fproduct%2F523844%2Fpokemon-sv04-paradox-rift-earthen-vessel
Darkrai VSTAR,Professor Sada's Vitality,1.0,PAR,$0.13,https://partner.tcgplayer.com/LIMITLESS?u=https%3A%2F%2Fwww.tcgplayer.com%2Fproduct%2F523851%2Fpokemon-sv04-paradox-rift-professor-sadas-vitality
Darkrai VSTAR,Roxanne,1.0,ASR,$0.07,https://partner.tcgplayer.com/LIMITLESS?u=https%3A%2F%2Fwww.tcgplayer.com%2Fproduct%2F272402%2Fswsh10-astral-radiance-roxanne
Darkrai VSTAR,Boss's Orders,1.0,PAL,$1.23,https://partner.tcgplayer.com/LIMITLESS?u=https%3A%2F%2Fwww.tcgplayer.com%2Fproduct%2F497544%2Fpokemon-sv02-paldea-evolved-bosss-orders-172-193
Darkrai VSTAR,Prime Catcher,1.0,TEF,$2.74,https://partner.tcgplayer.com/LIMITLESS?u=https%3A%2F%2Fwww.tcgplayer.com%2Fproduct%2F542674%2Fpokemon-sv05-temporal-forces-prime-catcher
Darkrai VSTAR,Pal Pad,1.0,SVI,$0.36,https://partner.tcgplayer.com/LIMITLESS?u=https%3A%2F%2Fwww.tcgplayer.com%2Fproduct%2F488088%2Fsv01-scarlet-and-violet-base-set-pal-pad-182-198
Darkrai VSTAR,Darkness Energy,7.0,SVE,$0.28,https://partner.tcgplayer.com/LIMITLESS?u=https%3A%2F%2Fwww.tcgplayer.com%2Fproduct%2F578868%2Fpokemon-sv07-stellar-crown-basic-darkness-energy
Miltank Miracle Body,Miltank,4.0,ASR,$0.96,https://partner.tcgplayer.com/LIMITLESS?u=https%3A%2F%2Fwww.tcgplayer.com%2Fproduct%2F272363%2Fswsh10-astral-radiance-miltank
Miltank Miracle Body,Morpeko,2.0,RCL,$0.34,https://partner.tcgplayer.com/LIMITLESS?u=https%3A%2F%2Fwww.tcgplayer.com%2Fproduct%2F213159%2Fswsh02-rebel-clash-morpeko
Miltank Miracle Body,Yveltal,2.0,CEL,$0.30,https://partner.tcgplayer.com/LIMITLESS?u=https%3A%2F%2Fwww.tcgplayer.com%2Fproduct%2F250315%2Fcelebrations-yveltal
Miltank Miracle Body,Regieleki,1.0,ASR,$0.17,https://partner.tcgplayer.com/LIMITLESS?u=https%3A%2F%2Fwww.tcgplayer.com%2Fproduct%2F272252%2Fswsh10-astral-radiance-regieleki
Miltank Miracle Body,Ditto,1.0,PGO,$1.70,https://partner.tcgplayer.com/LIMITLESS?u=https%3A%2F%2Fwww.tcgplayer.com%2Fproduct%2F276971%2Fpokemon-go-ditto
Miltank Miracle Body,Avery,4.0,CRE,$0.36,https://partner.tcgplayer.com/LIMITLESS?u=https%3A%2F%2Fwww.tcgplayer.com%2Fproduct%2F241814%2Fswsh06-chilling-reign-avery
Miltank Miracle Body,Boss's Orders,4.0,BRS,$2.44,https://partner.tcgplayer.com/LIMITLESS?u=https%3A%2F%2Fwww.tcgplayer.com%2Fproduct%2F263855%2Fswsh09-brilliant-stars-bosss-orders
Miltank Miracle Body,Marnie,4.0,SSH,$2.76,https://partner.tcgplayer.com/LIMITLESS?u=https%3A%2F%2Fwww.tcgplayer.com%2Fproduct%2F208495%2Fswsh01-sword-and-shield-base-set-marnie
Miltank Miracle Body,Switch Cart,4.0,ASR,$1.24,https://partner.tcgplayer.com/LIMITLESS?u=https%3A%2F%2Fwww.tcgplayer.com%2Fproduct%2F272406%2Fswsh10-astral-radiance-switch-cart
Miltank Miracle Body,Crushing Hammer,4.0,SSH,$0.28,https://partner.tcgplayer.com/LIMITLESS?u=https%3A%2F%2Fwww.tcgplayer.com%2Fproduct%2F208485%2Fswsh01-sword-and-shield-base-set-crushing-hammer
Miltank Miracle Body,Pokégear 3.0,3.0,SSH,$3.36,https://partner.tcgplayer.com/LIMITLESS?u=https%3A%2F%2Fwww.tcgplayer.com%2Fproduct%2F208504%2Fswsh01-sword-and-shield-base-set-pokegear-30
Miltank Miracle Body,Cape of Toughness,3.0,DAA,$0.39,https://partner.tcgplayer.com/LIMITLESS?u=https%3A%2F%2Fwww.tcgplayer.com%2Fproduct%2F219272%2Fswsh03-darkness-ablaze-cape-of-toughness
Miltank Miracle Body,Path to the Peak,3.0,CRE,$0.27,https://partner.tcgplayer.com/LIMITLESS?u=https%3A%2F%2Fwww.tcgplayer.com%2Fproduct%2F241851%2Fswsh06-chilling-reign-path-to-the-peak
Miltank Miracle Body,Quick Ball,2.0,FST,$0.22,https://partner.tcgplayer.com/LIMITLESS?u=https%3A%2F%2Fwww.tcgplayer.com%2Fproduct%2F253112%2Fswsh08-fusion-strike-quick-ball
Miltank Miracle Body,Galar Mine,2.0,RCL,$0.26,https://partner.tcgplayer.com/LIMITLESS?u=https%3A%2F%2Fwww.tcgplayer.com%2Fproduct%2F213263%2Fswsh02-rebel-clash-galar-mine
Miltank Miracle Body,Professor's Research,1.0,BRS,$0.16,https://partner.tcgplayer.com/LIMITLESS?u=https%3A%2F%2Fwww.tcgplayer.com%2Fproduct%2F263867%2Fswsh09-brilliant-stars-professors-research
Miltank Miracle Body,Shauna,1.0,FST,$0.08,https://partner.tcgplayer.com/LIMITLESS?u=https%3A%2F%2Fwww.tcgplayer.com%2Fproduct%2F253117%2Fswsh08-fusion-strike-shauna
Miltank Miracle Body,Hisuian Heavy Ball,1.0,ASR,$0.38,https://partner.tcgplayer.com/LIMITLESS?u=https%3A%2F%2Fwww.tcgplayer.com%2Fproduct%2F272398%2Fswsh10-astral-radiance-hisuian-heavy-ball
Miltank Miracle Body,Twin Energy,4.0,RCL,$1.16,https://partner.tcgplayer.com/LIMITLESS?u=https%3A%2F%2Fwww.tcgplayer.com%2Fproduct%2F213285%2Fswsh02-rebel-clash-twin-energy
Miltank Miracle Body,Capture Energy,4.0,RCL,$0.64,https://partner.tcgplayer.com/LIMITLESS?u=https%3A%2F%2Fwww.tcgplayer.com%2Fproduct%2F213282%2Fswsh02-rebel-clash-capture-energy
Miltank Miracle Body,Speed Lightning Energy,4.0,RCL,$1.08,https://partner.tcgplayer.com/LIMITLESS?u=https%3A%2F%2Fwww.tcgplayer.com%2Fproduct%2F213284%2Fswsh02-rebel-clash-speed-l-energy
Miltank Miracle Body,Double Turbo Energy,2.0,BRS,$0.46,https://partner.tcgplayer.com/LIMITLESS?u=https%3A%2F%2Fwww.tcgplayer.com%2Fproduct%2F257307%2Fswsh09-brilliant-stars-double-turbo-energy
Articuno Wild Freeze,Sobble,4.0,CRE,$0.40,https://partner.tcgplayer.com/LIMITLESS?u=https%3A%2F%2Fwww.tcgplayer.com%2Fproduct%2F241694%2Fswsh06-chilling-reign-sobble
Articuno Wild Freeze,Drizzile,3.46,SSH,$0.62,https://partner.tcgplayer.com/LIMITLESS?u=https%3A%2F%2Fwww.tcgplayer.com%2Fproduct%2F208353%2Fswsh01-sword-and-shield-base-set-drizzile-056
Articuno Wild Freeze,Articuno,2.69,SIT,$0.64,https://partner.tcgplayer.com/LIMITLESS?u=https%3A%2F%2Fwww.tcgplayer.com%2Fproduct%2F451669%2Fswsh12-silver-tempest-articuno
Articuno Wild Freeze,Drapion V,1.92,LOR,$1.11,https://partner.tcgplayer.com/LIMITLESS?u=https%3A%2F%2Fwww.tcgplayer.com%2Fproduct%2F284018%2Fswsh11-lost-origin-drapion-v
Articuno Wild Freeze,Inteleon,1.77,SSH,$0.84,https://partner.tcgplayer.com/LIMITLESS?u=https%3A%2F%2Fwww.tcgplayer.com%2Fproduct%2F208355%2Fswsh01-sword-and-shield-base-set-inteleon-058
Articuno Wild Freeze,Inteleon,1.62,CRE,$0.45,https://partner.tcgplayer.com/LIMITLESS?u=https%3A%2F%2Fwww.tcgplayer.com%2Fproduct%2F241696%2Fswsh06-chilling-reign-inteleon
Articuno Wild Freeze,Eiscue,1.0,EVS,$0.07,https://partner.tcgplayer.com/LIMITLESS?u=https%3A%2F%2Fwww.tcgplayer.com%2Fproduct%2F246876%2Fswsh07-evolving-skies-eiscue
Articuno Wild Freeze,Manaphy,1.0,BRS,$0.75,https://partner.tcgplayer.com/LIMITLESS?u=https%3A%2F%2Fwww.tcgplayer.com%2Fproduct%2F263741%2Fswsh09-brilliant-stars-manaphy
Articuno Wild Freeze,Radiant Alakazam,0.69,SIT,$0.62,https://partner.tcgplayer.com/LIMITLESS?u=https%3A%2F%2Fwww.tcgplayer.com%2Fproduct%2F451394%2Fswsh12-silver-tempest-radiant-alakazam
Articuno Wild Freeze,Snom,0.31,SHF,$0.02,https://partner.tcgplayer.com/LIMITLESS?u=https%3A%2F%2Fwww.tcgplayer.com%2Fproduct%2F232446%2Fshining-fates-snom
Articuno Wild Freeze,Frosmoth,0.31,SSH,$0.10,https://partner.tcgplayer.com/LIMITLESS?u=https%3A%2F%2Fwww.tcgplayer.com%2Fproduct%2F208361%2Fswsh01-sword-and-shield-base-set-frosmoth
Articuno Wild Freeze,Crabominable V,0.31,FST,$0.16,https://partner.tcgplayer.com/LIMITLESS?u=https%3A%2F%2Fwww.tcgplayer.com%2Fproduct%2F253226%2Fswsh08-fusion-strike-crabominable-v
Articuno Wild Freeze,Radiant Tsareena,0.15,SIT,$0.05,https://partner.tcgplayer.com/LIMITLESS?u=https%3A%2F%2Fwww.tcgplayer.com%2Fproduct%2F451645%2Fswsh12-silver-tempest-radiant-tsareena
Articuno Wild Freeze,Miltank,0.15,ASR,$0.03,https://partner.tcgplayer.com/LIMITLESS?u=https%3A%2F%2Fwww.tcgplayer.com%2Fproduct%2F272363%2Fswsh10-astral-radiance-miltank
Articuno Wild Freeze,Mew,0.08,CEL,$0.05,https://partner.tcgplayer.com/LIMITLESS?u=https%3A%2F%2Fwww.tcgplayer.com%2Fproduct%2F250309%2Fcelebrations-mew
Articuno Wild Freeze,Origin Forme Palkia V,0.08,ASR,$0.05,https://partner.tcgplayer.com/LIMITLESS?u=https%3A%2F%2Fwww.tcgplayer.com%2Fproduct%2F272239%2Fswsh10-astral-radiance-origin-forme-palkia-v
Articuno Wild Freeze,Origin Forme Palkia VSTAR,0.08,ASR,$0.08,https://partner.tcgplayer.com/LIMITLESS?u=https%3A%2F%2Fwww.tcgplayer.com%2Fproduct%2F272240%2Fswsh10-astral-radiance-origin-forme-palkia-vstar
Articuno Wild Freeze,Radiant Greninja,0.08,ASR,$0.09,https://partner.tcgplayer.com/LIMITLESS?u=https%3A%2F%2Fwww.tcgplayer.com%2Fproduct%2F272246%2Fswsh10-astral-radiance-radiant-greninja
Articuno Wild Freeze,Irida,4.0,ASR,$6.60,https://partner.tcgplayer.com/LIMITLESS?u=https%3A%2F%2Fwww.tcgplayer.com%2Fproduct%2F272399%2Fswsh10-astral-radiance-irida
Articuno Wild Freeze,Scoop Up Net,4.0,RCL,$1.40,https://partner.tcgplayer.com/LIMITLESS?u=https%3A%2F%2Fwww.tcgplayer.com%2Fproduct%2F213272%2Fswsh02-rebel-clash-scoop-up-net
Articuno Wild Freeze,Level Ball,3.69,BST,$0.47,https://partner.tcgplayer.com/LIMITLESS?u=https%3A%2F%2Fwww.tcgplayer.com%2Fproduct%2F234123%2Fswsh05-battle-styles-level-ball
Articuno Wild Freeze,Quick Ball,3.0,FST,$0.33,https://partner.tcgplayer.com/LIMITLESS?u=https%3A%2F%2Fwww.tcgplayer.com%2Fproduct%2F253112%2Fswsh08-fusion-strike-quick-ball
Articuno Wild Freeze,Evolution Incense,3.0,SSH,$0.57,https://partner.tcgplayer.com/LIMITLESS?u=https%3A%2F%2Fwww.tcgplayer.com%2Fproduct%2F208489%2Fswsh01-sword-and-shield-base-set-evolution-incense
Articuno Wild Freeze,Emergency Jelly,2.23,SIT,$0.08,https://partner.tcgplayer.com/LIMITLESS?u=https%3A%2F%2Fwww.tcgplayer.com%2Fproduct%2F451803%2Fswsh12-silver-tempest-emergency-jelly
Articuno Wild Freeze,Raihan,2.08,EVS,$0.18,https://partner.tcgplayer.com/LIMITLESS?u=https%3A%2F%2Fwww.tcgplayer.com%2Fproduct%2F246777%2Fswsh07-evolving-skies-raihan
Articuno Wild Freeze,Capacious Bucket,2.0,RCL,$0.38,https://partner.tcgplayer.com/LIMITLESS?u=https%3A%2F%2Fwww.tcgplayer.com%2Fproduct%2F213259%2Fswsh02-rebel-clash-capacious-bucket
Articuno Wild Freeze,Training Court,1.15,RCL,$0.18,https://partner.tcgplayer.com/LIMITLESS?u=https%3A%2F%2Fwww.tcgplayer.com%2Fproduct%2F213280%2Fswsh02-rebel-clash-training-court
Articuno Wild Freeze,Boss's Orders,1.0,BRS,$0.61,https://partner.tcgplayer.com/LIMITLESS?u=https%3A%2F%2Fwww.tcgplayer.com%2Fproduct%2F263855%2Fswsh09-brilliant-stars-bosss-orders
Articuno Wild Freeze,Hisuian Heavy Ball,1.0,ASR,$0.38,https://partner.tcgplayer.com/LIMITLESS?u=https%3A%2F%2Fwww.tcgplayer.com%2Fproduct%2F272398%2Fswsh10-astral-radiance-hisuian-heavy-ball
Articuno Wild Freeze,Lost Vacuum,0.92,LOR,$0.05,https://partner.tcgplayer.com/LIMITLESS?u=https%3A%2F%2Fwww.tcgplayer.com%2Fproduct%2F284094%2Fswsh11-lost-origin-lost-vacuum
Articuno Wild Freeze,Rare Candy,0.77,SVI,$0.10,https://partner.tcgplayer.com/LIMITLESS?u=https%3A%2F%2Fwww.tcgplayer.com%2Fproduct%2F488098%2Fsv01-scarlet-and-violet-base-set-rare-candy-191-198
Articuno Wild Freeze,Air Balloon,0.77,SSH,$0.09,https://partner.tcgplayer.com/LIMITLESS?u=https%3A%2F%2Fwww.tcgplayer.com%2Fproduct%2F208479%2Fswsh01-sword-and-shield-base-set-air-balloon
Articuno Wild Freeze,Ordinary Rod,0.62,SSH,$0.09,https://partner.tcgplayer.com/LIMITLESS?u=https%3A%2F%2Fwww.tcgplayer.com%2Fproduct%2F208500%2Fswsh01-sword-and-shield-base-set-ordinary-rod
Articuno Wild Freeze,Pal Pad,0.62,SVI,$0.22,https://partner.tcgplayer.com/LIMITLESS?u=https%3A%2F%2Fwww.tcgplayer.com%2Fproduct%2F488088%2Fsv01-scarlet-and-violet-base-set-pal-pad-182-198
Articuno Wild Freeze,Roseanne's Backup,0.46,BRS,$0.04,https://partner.tcgplayer.com/LIMITLESS?u=https%3A%2F%2Fwww.tcgplayer.com%2Fproduct%2F263868%2Fswsh09-brilliant-stars-roseannes-backup
Articuno Wild Freeze,Lost City,0.38,LOR,$0.04,https://partner.tcgplayer.com/LIMITLESS?u=https%3A%2F%2Fwww.tcgplayer.com%2Fproduct%2F284093%2Fswsh11-lost-origin-lost-city
Articuno Wild Freeze,Escape Rope,0.31,BST,$0.04,https://partner.tcgplayer.com/LIMITLESS?u=https%3A%2F%2Fwww.tcgplayer.com%2Fproduct%2F234117%2Fswsh05-battle-styles-escape-rope
Articuno Wild Freeze,Big Parasol,0.31,DAA,$0.02,https://partner.tcgplayer.com/LIMITLESS?u=https%3A%2F%2Fwww.tcgplayer.com%2Fproduct%2F219265%2Fswsh03-darkness-ablaze-big-parasol
Articuno Wild Freeze,Nessa,0.31,VIV,$0.04,https://partner.tcgplayer.com/LIMITLESS?u=https%3A%2F%2Fwww.tcgplayer.com%2Fproduct%2F226518%2Fswsh04-vivid-voltage-nessa
Articuno Wild Freeze,Klara,0.31,CRE,$0.03,https://partner.tcgplayer.com/LIMITLESS?u=https%3A%2F%2Fwww.tcgplayer.com%2Fproduct%2F241844%2Fswsh06-chilling-reign-klara
Articuno Wild Freeze,Rescue Carrier,0.23,EVS,$0.00,https://partner.tcgplayer.com/LIMITLESS?u=https%3A%2F%2Fwww.tcgplayer.com%2Fproduct%2F246780%2Fswsh07-evolving-skies-rescue-carrier
Articuno Wild Freeze,Choice Belt,0.15,BRS,$0.00,https://partner.tcgplayer.com/LIMITLESS?u=https%3A%2F%2Fwww.tcgplayer.com%2Fproduct%2F263857%2Fswsh09-brilliant-stars-choice-belt
Articuno Wild Freeze,Exp. Share,0.15,SVI,$0.01,https://partner.tcgplayer.com/LIMITLESS?u=https%3A%2F%2Fwww.tcgplayer.com%2Fproduct%2F488079%2Fsv01-scarlet-and-violet-base-set-exp-share-174-198
Articuno Wild Freeze,Lucky Egg,0.15,SSH,$0.01,https://partner.tcgplayer.com/LIMITLESS?u=https%3A%2F%2Fwww.tcgplayer.com%2Fproduct%2F208493%2Fswsh01-sword-and-shield-base-set-lucky-egg
Articuno Wild Freeze,Path to the Peak,0.15,CRE,$0.01,https://partner.tcgplayer.com/LIMITLESS?u=https%3A%2F%2Fwww.tcgplayer.com%2Fproduct%2F241851%2Fswsh06-chilling-reign-path-to-the-peak
Articuno Wild Freeze,Cross Switcher,0.15,FST,$0.00,https://partner.tcgplayer.com/LIMITLESS?u=https%3A%2F%2Fwww.tcgplayer.com%2Fproduct%2F253101%2Fswsh08-fusion-strike-cross-switcher
Articuno Wild Freeze,Flannery,0.15,CRE,$0.01,https://partner.tcgplayer.com/LIMITLESS?u=https%3A%2F%2Fwww.tcgplayer.com%2Fproduct%2F241832%2Fswsh06-chilling-reign-flannery
Articuno Wild Freeze,Energy Switch,0.08,SVI,$0.02,https://partner.tcgplayer.com/LIMITLESS?u=https%3A%2F%2Fwww.tcgplayer.com%2Fproduct%2F488078%2Fsv01-scarlet-and-violet-base-set-energy-switch-173-198
Articuno Wild Freeze,Sky Seal Stone,0.08,CRZ,$0.01,https://partner.tcgplayer.com/LIMITLESS?u=https%3A%2F%2Fwww.tcgplayer.com%2Fproduct%2F478202%2Fcrown-zenith-sky-seal-stone
Articuno Wild Freeze,Thorton,0.08,LOR,$0.00,https://partner.tcgplayer.com/LIMITLESS?u=https%3A%2F%2Fwww.tcgplayer.com%2Fproduct%2F284100%2Fswsh11-lost-origin-thorton
Articuno Wild Freeze,Cape of Toughness,0.08,DAA,$0.01,https://partner.tcgplayer.com/LIMITLESS?u=https%3A%2F%2Fwww.tcgplayer.com%2Fproduct%2F219272%2Fswsh03-darkness-ablaze-cape-of-toughness
Articuno Wild Freeze,Water Energy,4.23,SVE,$0.21,https://partner.tcgplayer.com/LIMITLESS?u=https%3A%2F%2Fwww.tcgplayer.com%2Fproduct%2F578862%2Fpokemon-sv07-stellar-crown-basic-water-energy
Articuno Wild Freeze,Wash Water Energy,1.69,VIV,$0.20,https://partner.tcgplayer.com/LIMITLESS?u=https%3A%2F%2Fwww.tcgplayer.com%2Fproduct%2F226544%2Fswsh04-vivid-voltage-wash-water-energy
Durant Devour,Durant,4.0,BST,$0.20,https://partner.tcgplayer.com/LIMITLESS?u=https%3A%2F%2Fwww.tcgplayer.com%2Fproduct%2F234061%2Fswsh05-battle-styles-durant
Durant Devour,Yveltal,2.0,CEL,$0.30,https://partner.tcgplayer.com/LIMITLESS?u=https%3A%2F%2Fwww.tcgplayer.com%2Fproduct%2F250315%2Fcelebrations-yveltal
Durant Devour,Radiant Venusaur,1.0,PGO,$4.60,https://partner.tcgplayer.com/LIMITLESS?u=https%3A%2F%2Fwww.tcgplayer.com%2Fproduct%2F274465%2Fpokemon-go-radiant-venusaur
Durant Devour,Castform,1.0,CRE,$0.10,https://partner.tcgplayer.com/LIMITLESS?u=https%3A%2F%2Fwww.tcgplayer.com%2Fproduct%2F241800%2Fswsh06-chilling-reign-castform
Durant Devour,Pyukumuku,1.0,FST,$0.08,https://partner.tcgplayer.com/LIMITLESS?u=https%3A%2F%2Fwww.tcgplayer.com%2Fproduct%2F253229%2Fswsh08-fusion-strike-pyukumuku
Durant Devour,Peony,4.0,CRE,$0.40,https://partner.tcgplayer.com/LIMITLESS?u=https%3A%2F%2Fwww.tcgplayer.com%2Fproduct%2F241855%2Fswsh06-chilling-reign-peony
Durant Devour,Bruno,4.0,BST,$0.28,https://partner.tcgplayer.com/LIMITLESS?u=https%3A%2F%2Fwww.tcgplayer.com%2Fproduct%2F234112%2Fswsh05-battle-styles-bruno
Durant Devour,Battle VIP Pass,4.0,FST,$0.64,https://partner.tcgplayer.com/LIMITLESS?u=https%3A%2F%2Fwww.tcgplayer.com%2Fproduct%2F253091%2Fswsh08-fusion-strike-battle-vip-pass
Durant Devour,Pokégear 3.0,4.0,SVI,$7.48,https://partner.tcgplayer.com/LIMITLESS?u=https%3A%2F%2Fwww.tcgplayer.com%2Fproduct%2F488092%2Fsv01-scarlet-and-violet-base-set-pokegear-30-186-198
Durant Devour,Rescue Carrier,4.0,EVS,$0.16,https://partner.tcgplayer.com/LIMITLESS?u=https%3A%2F%2Fwww.tcgplayer.com%2Fproduct%2F246780%2Fswsh07-evolving-skies-rescue-carrier
Durant Devour,Yell Horn,4.0,DAA,$0.20,https://partner.tcgplayer.com/LIMITLESS?u=https%3A%2F%2Fwww.tcgplayer.com%2Fproduct%2F219290%2Fswsh03-darkness-ablaze-yell-horn
Durant Devour,Quick Ball,3.0,FST,$0.33,https://partner.tcgplayer.com/LIMITLESS?u=https%3A%2F%2Fwww.tcgplayer.com%2Fproduct%2F253112%2Fswsh08-fusion-strike-quick-ball
Durant Devour,Level Ball,3.0,BST,$0.39,https://partner.tcgplayer.com/LIMITLESS?u=https%3A%2F%2Fwww.tcgplayer.com%2Fproduct%2F234123%2Fswsh05-battle-styles-level-ball
Durant Devour,Cape of Toughness,3.0,DAA,$0.39,https://partner.tcgplayer.com/LIMITLESS?u=https%3A%2F%2Fwww.tcgplayer.com%2Fproduct%2F219272%2Fswsh03-darkness-ablaze-cape-of-toughness
Durant Devour,Rose Tower,3.0,DAA,$0.27,https://partner.tcgplayer.com/LIMITLESS?u=https%3A%2F%2Fwww.tcgplayer.com%2Fproduct%2F219285%2Fswsh03-darkness-ablaze-rose-tower
Durant Devour,Hisuian Heavy Ball,2.0,ASR,$0.76,https://partner.tcgplayer.com/LIMITLESS?u=https%3A%2F%2Fwww.tcgplayer.com%2Fproduct%2F272398%2Fswsh10-astral-radiance-hisuian-heavy-ball
Durant Devour,Klara,1.0,CRE,$0.10,https://partner.tcgplayer.com/LIMITLESS?u=https%3A%2F%2Fwww.tcgplayer.com%2Fproduct%2F241844%2Fswsh06-chilling-reign-klara
Durant Devour,Serena,1.0,SIT,$0.09,https://partner.tcgplayer.com/LIMITLESS?u=https%3A%2F%2Fwww.tcgplayer.com%2Fproduct%2F451812%2Fswsh12-silver-tempest-serena
Durant Devour,Sidney,1.0,FST,$0.04,https://partner.tcgplayer.com/LIMITLESS?u=https%3A%2F%2Fwww.tcgplayer.com%2Fproduct%2F253119%2Fswsh08-fusion-strike-sidney
Durant Devour,Scoop Up Net,1.0,RCL,$0.35,https://partner.tcgplayer.com/LIMITLESS?u=https%3A%2F%2Fwww.tcgplayer.com%2Fproduct%2F213272%2Fswsh02-rebel-clash-scoop-up-net
Durant Devour,Energy Loto,1.0,ASR,$0.11,https://partner.tcgplayer.com/LIMITLESS?u=https%3A%2F%2Fwww.tcgplayer.com%2Fproduct%2F272392%2Fswsh10-astral-radiance-energy-loto
Durant Devour,Twin Energy,4.0,RCL,$1.16,https://partner.tcgplayer.com/LIMITLESS?u=https%3A%2F%2Fwww.tcgplayer.com%2Fproduct%2F213285%2Fswsh02-rebel-clash-twin-energy
Durant Devour,Double Turbo Energy,4.0,BRS,$0.92,https://partner.tcgplayer.com/LIMITLESS?u=https%3A%2F%2Fwww.tcgplayer.com%2Fproduct%2F257307%2Fswsh09-brilliant-stars-double-turbo-energy
Galarian Weezing Neutralizing Gas,Koffing,4.0,SHF,$0.36,https://partner.tcgplayer.com/LIMITLESS?u=https%3A%2F%2Fwww.tcgplayer.com%2Fproduct%2F232497%2Fshining-fates-koffing
Galarian Weezing Neutralizing Gas,Galarian Weezing,4.0,RCL,$1.40,https://partner.tcgplayer.com/LIMITLESS?u=https%3A%2F%2Fwww.tcgplayer.com%2Fproduct%2F213205%2Fswsh02-rebel-clash-galarian-weezing
Galarian Weezing Neutralizing Gas,Colress's Experiment,4.0,LOR,$0.28,https://partner.tcgplayer.com/LIMITLESS?u=https%3A%2F%2Fwww.tcgplayer.com%2Fproduct%2F284085%2Fswsh11-lost-origin-colresss-experiment
Galarian Weezing Neutralizing Gas,Fan of Waves,4.0,BST,$0.20,https://partner.tcgplayer.com/LIMITLESS?u=https%3A%2F%2Fwww.tcgplayer.com%2Fproduct%2F234120%2Fswsh05-battle-styles-fan-of-waves
Galarian Weezing Neutralizing Gas,Crushing Hammer,4.0,SVI,$0.28,https://partner.tcgplayer.com/LIMITLESS?u=https%3A%2F%2Fwww.tcgplayer.com%2Fproduct%2F488073%2Fsv01-scarlet-and-violet-base-set-crushing-hammer-168-198
Galarian Weezing Neutralizing Gas,Boost Shake,4.0,EVS,$0.24,https://partner.tcgplayer.com/LIMITLESS?u=https%3A%2F%2Fwww.tcgplayer.com%2Fproduct%2F246767%2Fswsh07-evolving-skies-boost-shake
Galarian Weezing Neutralizing Gas,Level Ball,4.0,BST,$0.52,https://partner.tcgplayer.com/LIMITLESS?u=https%3A%2F%2Fwww.tcgplayer.com%2Fproduct%2F234123%2Fswsh05-battle-styles-level-ball
Galarian Weezing Neutralizing Gas,Flannery,3.2,CRE,$0.28,https://partner.tcgplayer.com/LIMITLESS?u=https%3A%2F%2Fwww.tcgplayer.com%2Fproduct%2F241832%2Fswsh06-chilling-reign-flannery
Galarian Weezing Neutralizing Gas,Pokégear 3.0,3.2,SVI,$5.98,https://partner.tcgplayer.com/LIMITLESS?u=https%3A%2F%2Fwww.tcgplayer.com%2Fproduct%2F488092%2Fsv01-scarlet-and-violet-base-set-pokegear-30-186-198
Galarian Weezing Neutralizing Gas,Trekking Shoes,3.2,ASR,$0.35,https://partner.tcgplayer.com/LIMITLESS?u=https%3A%2F%2Fwww.tcgplayer.com%2Fproduct%2F272408%2Fswsh10-astral-radiance-trekking-shoes
Galarian Weezing Neutralizing Gas,Galar Mine,2.8,RCL,$0.36,https://partner.tcgplayer.com/LIMITLESS?u=https%3A%2F%2Fwww.tcgplayer.com%2Fproduct%2F213263%2Fswsh02-rebel-clash-galar-mine
Galarian Weezing Neutralizing Gas,Marnie,2.4,SSH,$1.65,https://partner.tcgplayer.com/LIMITLESS?u=https%3A%2F%2Fwww.tcgplayer.com%2Fproduct%2F208495%2Fswsh01-sword-and-shield-base-set-marnie
Galarian Weezing Neutralizing Gas,Boss's Orders,2.2,BRS,$1.34,https://partner.tcgplayer.com/LIMITLESS?u=https%3A%2F%2Fwww.tcgplayer.com%2Fproduct%2F263855%2Fswsh09-brilliant-stars-bosss-orders
Galarian Weezing Neutralizing Gas,Pal Pad,1.4,SVI,$0.50,https://partner.tcgplayer.com/LIMITLESS?u=https%3A%2F%2Fwww.tcgplayer.com%2Fproduct%2F488088%2Fsv01-scarlet-and-violet-base-set-pal-pad-182-198
Galarian Weezing Neutralizing Gas,Yell Horn,1.2,DAA,$0.06,https://partner.tcgplayer.com/LIMITLESS?u=https%3A%2F%2Fwww.tcgplayer.com%2Fproduct%2F219290%2Fswsh03-darkness-ablaze-yell-horn
Galarian Weezing Neutralizing Gas,Cyllene,0.8,ASR,$0.05,https://partner.tcgplayer.com/LIMITLESS?u=https%3A%2F%2Fwww.tcgplayer.com%2Fproduct%2F272390%2Fswsh10-astral-radiance-cyllene
Galarian Weezing Neutralizing Gas,Lost Vacuum,0.8,LOR,$0.04,https://partner.tcgplayer.com/LIMITLESS?u=https%3A%2F%2Fwww.tcgplayer.com%2Fproduct%2F284094%2Fswsh11-lost-origin-lost-vacuum
Galarian Weezing Neutralizing Gas,Ordinary Rod,0.8,SSH,$0.12,https://partner.tcgplayer.com/LIMITLESS?u=https%3A%2F%2Fwww.tcgplayer.com%2Fproduct%2F208500%2Fswsh01-sword-and-shield-base-set-ordinary-rod
Galarian Weezing Neutralizing Gas,Cram-o-matic,0.8,FST,$0.04,https://partner.tcgplayer.com/LIMITLESS?u=https%3A%2F%2Fwww.tcgplayer.com%2Fproduct%2F253100%2Fswsh08-fusion-strike-cram-o-matic
Galarian Weezing Neutralizing Gas,Professor's Research,0.6,SVI,$0.07,https://partner.tcgplayer.com/LIMITLESS?u=https%3A%2F%2Fwww.tcgplayer.com%2Fproduct%2F475423%2Fsv01-scarlet-and-violet-base-set-professors-research-189-198
Galarian Weezing Neutralizing Gas,Judge,0.6,SVI,$0.06,https://partner.tcgplayer.com/LIMITLESS?u=https%3A%2F%2Fwww.tcgplayer.com%2Fproduct%2F488081%2Fsv01-scarlet-and-violet-base-set-judge-176-198
Galarian Weezing Neutralizing Gas,Tool Jammer,0.4,BST,$0.02,https://partner.tcgplayer.com/LIMITLESS?u=https%3A%2F%2Fwww.tcgplayer.com%2Fproduct%2F234143%2Fswsh05-battle-styles-tool-jammer
Galarian Weezing Neutralizing Gas,Piers,0.4,DAA,$0.04,https://partner.tcgplayer.com/LIMITLESS?u=https%3A%2F%2Fwww.tcgplayer.com%2Fproduct%2F219280%2Fswsh03-darkness-ablaze-piers
Galarian Weezing Neutralizing Gas,Team Yell Grunt,0.4,SSH,$0.02,https://partner.tcgplayer.com/LIMITLESS?u=https%3A%2F%2Fwww.tcgplayer.com%2Fproduct%2F208517%2Fswsh01-sword-and-shield-base-set-team-yell-grunt
Galarian Weezing Neutralizing Gas,Klara,0.4,CRE,$0.04,https://partner.tcgplayer.com/LIMITLESS?u=https%3A%2F%2Fwww.tcgplayer.com%2Fproduct%2F241844%2Fswsh06-chilling-reign-klara
Galarian Weezing Neutralizing Gas,Tool Scrapper,0.4,RCL,$0.04,https://partner.tcgplayer.com/LIMITLESS?u=https%3A%2F%2Fwww.tcgplayer.com%2Fproduct%2F213278%2Fswsh02-rebel-clash-tool-scrapper
Galarian Weezing Neutralizing Gas,Peony,0.2,CRE,$0.02,https://partner.tcgplayer.com/LIMITLESS?u=https%3A%2F%2Fwww.tcgplayer.com%2Fproduct%2F241855%2Fswsh06-chilling-reign-peony
Galarian Weezing Neutralizing Gas,Energy Search,0.2,SVI,$0.02,https://partner.tcgplayer.com/LIMITLESS?u=https%3A%2F%2Fwww.tcgplayer.com%2Fproduct%2F488077%2Fsv01-scarlet-and-violet-base-set-energy-search-172-198
Galarian Weezing Neutralizing Gas,Hiding Darkness Energy,3.8,DAA,$0.87,https://partner.tcgplayer.com/LIMITLESS?u=https%3A%2F%2Fwww.tcgplayer.com%2Fproduct%2F219293%2Fswsh03-darkness-ablaze-hiding-d-energy
Galarian Weezing Neutralizing Gas,Darkness Energy,1.8,SVE,$0.07,https://partner.tcgplayer.com/LIMITLESS?u=https%3A%2F%2Fwww.tcgplayer.com%2Fproduct%2F578868%2Fpokemon-sv07-stellar-crown-basic-darkness-energy
Great Tusk Mill,Great Tusk,4.0,TEF,$0.36,https://partner.tcgplayer.com/LIMITLESS?u=https%3A%2F%2Fwww.tcgplayer.com%2Fproduct%2F542841%2Fpokemon-sv05-temporal-forces-great-tusk-097-162
Great Tusk Mill,Mawile,1.0,LOR,$0.08,https://partner.tcgplayer.com/LIMITLESS?u=https%3A%2F%2Fwww.tcgplayer.com%2Fproduct%2F283948%2Fswsh11-lost-origin-mawile
Great Tusk Mill,Radiant Greninja,1.0,ASR,$1.20,https://partner.tcgplayer.com/LIMITLESS?u=https%3A%2F%2Fwww.tcgplayer.com%2Fproduct%2F272246%2Fswsh10-astral-radiance-radiant-greninja
Great Tusk Mill,Pidgeot V,1.0,LOR,$0.56,https://partner.tcgplayer.com/LIMITLESS?u=https%3A%2F%2Fwww.tcgplayer.com%2Fproduct%2F284060%2Fswsh11-lost-origin-pidgeot-v
Great Tusk Mill,Cornerstone Mask Ogerpon ex,0.5,TWM,$0.83,https://partner.tcgplayer.com/LIMITLESS?u=https%3A%2F%2Fwww.tcgplayer.com%2Fproduct%2F550156%2Fpokemon-sv06-twilight-masquerade-cornerstone-mask-ogerpon-ex-112-167
Great Tusk Mill,Professor Sada's Vitality,4.0,PAR,$0.52,https://partner.tcgplayer.com/LIMITLESS?u=https%3A%2F%2Fwww.tcgplayer.com%2Fproduct%2F523851%2Fpokemon-sv04-paradox-rift-professor-sadas-vitality
Great Tusk Mill,Explorer's Guidance,4.0,TEF,$0.24,https://partner.tcgplayer.com/LIMITLESS?u=https%3A%2F%2Fwww.tcgplayer.com%2Fproduct%2F542662%2Fpokemon-sv05-temporal-forces-explorers-guidance-147-162
Great Tusk Mill,Nest Ball,4.0,SVI,$1.28,https://partner.tcgplayer.com/LIMITLESS?u=https%3A%2F%2Fwww.tcgplayer.com%2Fproduct%2F488087%2Fsv01-scarlet-and-violet-base-set-nest-ball-181-198
Great Tusk Mill,Pokégear 3.0,4.0,SVI,$7.48,https://partner.tcgplayer.com/LIMITLESS?u=https%3A%2F%2Fwww.tcgplayer.com%2Fproduct%2F488092%2Fsv01-scarlet-and-violet-base-set-pokegear-30-186-198
Great Tusk Mill,Counter Catcher,4.0,PAR,$6.80,https://partner.tcgplayer.com/LIMITLESS?u=https%3A%2F%2Fwww.tcgplayer.com%2Fproduct%2F523841%2Fpokemon-sv04-paradox-rift-counter-catcher
Great Tusk Mill,Gravity Gemstone,3.5,SCR,$0.24,https://partner.tcgplayer.com/LIMITLESS?u=https%3A%2F%2Fwww.tcgplayer.com%2Fproduct%2F567400%2Fpokemon-sv07-stellar-crown-gravity-gemstone
Great Tusk Mill,Earthen Vessel,3.0,PAR,$1.05,https://partner.tcgplayer.com/LIMITLESS?u=https%3A%2F%2Fwww.tcgplayer.com%2Fproduct%2F523844%2Fpokemon-sv04-paradox-rift-earthen-vessel
Great Tusk Mill,Artazon,2.5,PAL,$0.27,https://partner.tcgplayer.com/LIMITLESS?u=https%3A%2F%2Fwww.tcgplayer.com%2Fproduct%2F497541%2Fpokemon-sv02-paldea-evolved-artazon
Great Tusk Mill,Super Rod,2.0,PAL,$0.66,https://partner.tcgplayer.com/LIMITLESS?u=https%3A%2F%2Fwww.tcgplayer.com%2Fproduct%2F497560%2Fpokemon-sv02-paldea-evolved-super-rod-188-193
Great Tusk Mill,Pal Pad,2.0,SVI,$0.72,https://partner.tcgplayer.com/LIMITLESS?u=https%3A%2F%2Fwww.tcgplayer.com%2Fproduct%2F488088%2Fsv01-scarlet-and-violet-base-set-pal-pad-182-198
Great Tusk Mill,Accompanying Flute,2.0,TWM,$0.14,https://partner.tcgplayer.com/LIMITLESS?u=https%3A%2F%2Fwww.tcgplayer.com%2Fproduct%2F550186%2Fpokemon-sv06-twilight-masquerade-accompanying-flute
Great Tusk Mill,Trekking Shoes,1.0,ASR,$0.11,https://partner.tcgplayer.com/LIMITLESS?u=https%3A%2F%2Fwww.tcgplayer.com%2Fproduct%2F272408%2Fswsh10-astral-radiance-trekking-shoes
Great Tusk Mill,Hisuian Heavy Ball,1.0,ASR,$0.38,https://partner.tcgplayer.com/LIMITLESS?u=https%3A%2F%2Fwww.tcgplayer.com%2Fproduct%2F272398%2Fswsh10-astral-radiance-hisuian-heavy-ball
Great Tusk Mill,Forest Seal Stone,1.0,SIT,$0.74,https://partner.tcgplayer.com/LIMITLESS?u=https%3A%2F%2Fwww.tcgplayer.com%2Fproduct%2F451804%2Fswsh12-silver-tempest-forest-seal-stone
Great Tusk Mill,Calamitous Wasteland,1.0,PAL,$0.07,https://partner.tcgplayer.com/LIMITLESS?u=https%3A%2F%2Fwww.tcgplayer.com%2Fproduct%2F497547%2Fpokemon-sv02-paldea-evolved-calamitous-wasteland
Great Tusk Mill,Neutralization Zone,1.0,SFA,$0.84,https://partner.tcgplayer.com/LIMITLESS?u=https%3A%2F%2Fwww.tcgplayer.com%2Fproduct%2F560371%2Fpokemon-sv-shrouded-fable-neutralization-zone
Great Tusk Mill,Handheld Fan,1.0,TWM,$0.07,https://partner.tcgplayer.com/LIMITLESS?u=https%3A%2F%2Fwww.tcgplayer.com%2Fproduct%2F550194%2Fpokemon-sv06-twilight-masquerade-handheld-fan
Great Tusk Mill,Hand Trimmer,0.5,TEF,$0.02,https://partner.tcgplayer.com/LIMITLESS?u=https%3A%2F%2Fwww.tcgplayer.com%2Fproduct%2F542665%2Fpokemon-sv05-temporal-forces-hand-trimmer
Great Tusk Mill,Fighting Energy,6.0,SVE,$0.24,https://partner.tcgplayer.com/LIMITLESS?u=https%3A%2F%2Fwww.tcgplayer.com%2Fproduct%2F578867%2Fpokemon-sv07-stellar-crown-basic-fighting-energy
Great Tusk Mill,Double Turbo Energy,4.0,BRS,$0.92,https://partner.tcgplayer.com/LIMITLESS?u=https%3A%2F%2Fwww.tcgplayer.com%2Fproduct%2F257307%2Fswsh09-brilliant-stars-double-turbo-energy
Great Tusk Mill,Jet Energy,1.0,PAL,$0.24,https://partner.tcgplayer.com/LIMITLESS?u=https%3A%2F%2Fwww.tcgplayer.com%2Fproduct%2F497563%2Fpokemon-sv02-paldea-evolved-jet-energy
